"(no recorded payment)","(لا توجد دفعة مسجلة)"
"0 = unlimited repeats per sale","0 = بلا حد لعدد مرات التطبيق في البيع الواحد"
"0 = usable immediately. Otherwise it becomes spendable this many days after the sale.","0 = يمكن استخدامه فورا. وبخلاف ذلك يصبح قابلا للصرف بعد هذا العدد من الأيام من تاريخ البيع."
"<p>Your PIN reset code is <b>{0}</b>.</p><p>It expires in {1} minutes. If you didn't ask for this, ignore this email, your current PIN still works.</p>","<p>رمز إعادة تعيين رمزك السري هو <b>{0}</b>.</p><p>تنتهي صلاحيته خلال {1} دقيقة. إذا لم تطلب ذلك فتجاهل هذه الرسالة، فرمزك السري الحالي ما زال يعمل.</p>"
"A PIN must be 4 to 8 digits.","يجب أن يتكون الرمز السري من 4 إلى 8 أرقام."
"A built-in field of the form (mobile_no, email_id, tax_id, building_no, street, district, city, postal_code, additional_no) or any field of Customer.","حقل مدمج في النموذج (mobile_no, email_id, tax_id, building_no, street, district, city, postal_code, additional_no) أو أي حقل من حقول العميل."
"A bundle needs specific product rows, not 'all products'","تحتاج الباقة إلى صفوف منتجات محددة، لا «جميع المنتجات»"
"A check could not run","تعذر تنفيذ أحد الفحوص"
"A customer billed in another currency (Customer, Currency and Price List) buys in it: prices, payment and receipt in that currency, at a rate fixed for the shift. Off: such a customer is refused.","العميل المفوتر بعملة أخرى (في العميل، قسم العملة وقائمة الأسعار) يشتري بها: الأسعار والدفع والإيصال بتلك العملة، بسعر صرف ثابت طوال الوردية. عند الإيقاف: يرفض هذا العميل."
"A gift card cannot pay for a gift card","لا يمكن دفع ثمن بطاقة هدايا ببطاقة هدايا"
"A hold needs a customer, so the shop knows whose goods these are","يحتاج الحجز إلى عميل، حتى يعرف المحل لمن هذه البضاعة"
"A label for the batch this code was generated/imported in.","تسمية التشغيلة التي أنشئ أو استورد ضمنها هذا الرمز."
"A manual discount of {0}% exceeds the {1}% limit, approver passcode required","خصم يدوي بنسبة {0}% يتجاوز الحد المسموح {1}%، ويلزم إدخال رمز مرور المعتمد"
"A manual discount of {0}% exceeds the {1}% limit. Enter the manager passcode or send an approval request.","خصم يدوي بنسبة {0}% يتجاوز الحد المسموح {1}%. أدخل رمز مرور المدير أو أرسل طلب اعتماد."
"A manual discount of {0}% exceeds the {1}% limit. Send an approval request.","خصم يدوي بنسبة {0}% يتجاوز الحد المسموح {1}%. أرسل طلب اعتماد."
"A percentage of the qualifying items, or a fixed amount","نسبة من قيمة الأصناف المؤهلة، أو مبلغ ثابت"
"A price cannot be below zero.","لا يمكن أن يكون السعر أقل من صفر."
"A reason the cashier can pick when refunding an item (shown at the till).","سبب يختاره الكاشير عند استرجاع صنف (يظهر في نقطة البيع)."
"A refund does not go back onto a gift card or cashback. Refund that part as store credit.","لا يعاد المبلغ المسترجع إلى بطاقة الهدايا أو الكاش باك. استرجع ذلك الجزء إلى رصيد المتجر."
"A register closed with a counted difference over the alert threshold.","تم إغلاق صندوق بفرق في المبالغ المعدودة يتجاوز حد التنبيه."
"A register is still open well past the end of its shift.","لا يزال صندوق مفتوحا بعد انتهاء ورديته بوقت طويل."
"A reusable timetable, one schedule can serve many outlets.","جدول مواعيد قابل لإعادة الاستخدام، ويمكن لجدول واحد أن يخدم عدة فروع."
"A sale that took longer than usual is written to the Error Log with its timings.","تسجل عملية البيع التي استغرقت وقتا أطول من المعتاد في سجل الأخطاء (Error Log) مع توقيتاتها."
"A salesperson is required but none exists","البائع إلزامي ولا يوجد أي بائع"
"A shift belongs to","الوردية تخص"
"A shift left open holds its sales out of the books, and on ERPNext 16 can block its outlet.","الوردية المتروكة مفتوحة تبقي مبيعاتها خارج الحسابات، وفي ERPNext 16 قد توقف البيع في فرعها."
"A statistics page for managers. With the Lumen Reports app installed it embeds a ready-made POS sales dashboard, otherwise it suggests installing it.","صفحة إحصائيات للمديرين. عند تثبيت تطبيق Lumen Reports تعرض الصفحة لوحة جاهزة لمبيعات نقطة البيع، وإلا فتقترح تثبيته."
"Absolute difference (over or short) on any payment method that triggers the email.","يرسل البريد عندما يبلغ الفرق (زيادة أو نقصا) في أي طريقة دفع هذا المقدار."
"Account {0} belongs to {1}, not {2}","الحساب {0} يتبع {1} وليس {2}"
"Account {0} does not belong to {1}","الحساب {0} لا يتبع {1}"
"Account {0} is a group account. Pick an account under it","الحساب {0} حساب مجموعة. اختر حسابا تحته"
"Account {0} is a {1} account, which cashback cannot post to","الحساب {0} من نوع {1}، ولا يمكن ترحيل الكاش باك إليه"
"Account {0} is a {1} account, which needs a party on every line","الحساب {0} من نوع {1}، ويتطلب طرفا في كل سطر"
"Account {0} is disabled","الحساب {0} معطل"
"Account {0} must be an Asset account, and it is {1}","يجب أن يكون الحساب {0} من نوع الأصول، وهو من نوع {1}"
"Add a Sales Person in ERPNext, or set Salesperson at the till to Optional.","أضف مندوب مبيعات (Sales Person) في ERPNext، أو اجعل خيار البائع في نقطة البيع اختياريا."
"Add a service charge to every sale (e.g. restaurants / salons).","إضافة رسوم خدمة إلى كل عملية بيع (مثل المطاعم والصالونات)."
"Add at least one item the customer is taking instead","أضف صنفا واحدا على الأقل يأخذه العميل بدلا من المرتجع"
"Add at least one item to the test basket","أضف صنفا واحدا على الأقل إلى سلة الاختبار"
"Add at least one product row or tick 'Apply on all products'","أضف صف منتج واحدا على الأقل أو حدد «تطبيق على جميع المنتجات»"
"Add the goods being held","أضف الأصناف المراد حجزها"
"Add the items that make up the bundle","أضف الأصناف التي تتكون منها الباقة"
"After this date the shop may cancel the hold. Nothing happens automatically.","بعد هذا التاريخ يمكن للمحل إلغاء الحجز. لا يحدث أي شيء تلقائيا."
"Alert only, a till is never closed automatically, because a close without a real cash count produces figures nobody can trust.","تنبيه فقط، فلا يغلق الصندوق تلقائيا أبدا، لأن الإغلاق دون جرد نقدي فعلي ينتج أرقاما لا يمكن الوثوق بها."
"All Customers","جميع العملاء"
"Allocated Price","السعر المخصص"
"Allocated prices add up to {0}, but the Bundle Price is {1}, they must match exactly","مجموع الأسعار المخصصة {0}، لكن سعر الباقة {1}، ويجب أن يتطابقا تماما"
"Allow a refund to be parked on the customer's Store Credit instead of handing money back. Turn OFF if shop policy is money-back only. Note: credit the customer actually SPENT on that sale can always be returned to credit (capped at what they spent), otherwise a credit-paid sale would have no refund method at all.","السماح بتحويل المبلغ المسترجع إلى رصيد المتجر للعميل بدلا من رد المال له. أوقفه إذا كانت سياسة المحل رد المال فقط. ملاحظة: الرصيد الذي أنفقه العميل فعلا في ذلك البيع يمكن دائما إعادته إلى رصيده (في حدود ما أنفقه)، وإلا لما بقيت للبيع المدفوع بالرصيد أي طريقة استرجاع على الإطلاق."
"Allow a single discount on the whole cart (subject to the discount limit + edit-price role).","السماح بخصم واحد على السلة كاملة (مع مراعاة حد الخصم ودور تعديل السعر)."
"Allow printing an X-report (mid-shift drawer read) without closing the register.","السماح بطباعة تقرير X (قراءة الدرج في منتصف الوردية) دون إغلاق الصندوق."
"Allow refund as","السماح بالاسترجاع عبر"
"Allow refunding to Store Credit","السماح بالاسترجاع إلى رصيد المتجر"
"Allow refunding to this mode","السماح بالاسترجاع إلى طريقة الدفع هذه"
"Always positive. Earn adds, the rest remove.","قيمة موجبة دائما. الاكتساب يضيف، وبقية الأنواع تخصم."
"Always positive; Issue adds to the balance, Redeem subtracts","قيمة موجبة دائما. الإصدار يضيف إلى الرصيد، والاستخدام يخصم منه"
"Amount must be positive, use Entry Type to add or subtract","يجب أن يكون المبلغ موجبا، واستخدم نوع الحركة للإضافة أو الخصم"
"An approved request can still return it","يمكن استرجاعه بطلب معتمد"
"An end time EARLIER than (or equal to) the start means the shift crosses midnight.","وقت نهاية أبكر من وقت البداية (أو مساو له) يعني أن الوردية تمتد إلى ما بعد منتصف الليل."
"An item tag (the tags you add to items in ERPNext)","وسم الصنف (الوسوم التي تضيفها إلى الأصناف في ERPNext)"
"Anyone holding this role passes. Leave blank to name a single person instead.","يسمح لكل من يحمل هذا الدور. اتركه فارغا لتحديد شخص واحد بدلا من ذلك."
"Applies to this group AND everything under it.","ينطبق على هذه المجموعة وعلى كل ما تحتها أيضا."
"Apply on all products","تطبيق على جميع المنتجات"
"Approver Name","اسم المعتمد"
"Approver Role (for requests)","دور المعتمد (للطلبات)"
"Ask for a reset code first.","اطلب رمز إعادة التعيين أولا."
"Asset account for what other companies of the group owe this one for customer balances spent here. Created automatically when empty.","حساب أصول لما تدين به شركات المجموعة الأخرى لهذه الشركة مقابل أرصدة العملاء التي صرفت هنا. ينشأ تلقائيا إذا ترك فارغا."
"At least one payment is required","يجب إضافة دفعة واحدة على الأقل"
"Audit log","سجل التدقيق"
"Auto-lock after (minutes)","القفل التلقائي بعد (دقائق)"
"Auto-lock after this many minutes of inactivity (0 = manual lock only).","القفل التلقائي بعد هذا العدد من دقائق عدم النشاط (0 = القفل اليدوي فقط)."
"Automatic rate status","حالة السعر التلقائي"
"Background jobs are switched off on this site","المهام الخلفية متوقفة على هذا الموقع"
"Basket Discount Type","نوع خصم السلة"
"Basket Discount Value","قيمة خصم السلة"
"Basket Discount Value must be greater than zero","يجب أن تكون قيمة خصم السلة أكبر من صفر"
"Block regular returns after the return window below. Past the window, the cashier can send a return-approval request that an Approver Role holder approves while the register is open.","منع الاسترجاع العادي بعد انقضاء فترة الاسترجاع المحددة أدناه. بعد انقضاء الفترة يمكن للكاشير إرسال طلب اعتماد استرجاع يعتمده صاحب دور المعتمد ما دام الصندوق مفتوحا."
"Blocked Mode of Payment","طريقة الدفع الممنوعة"
"Bundle Price","سعر الباقة"
"Bundle Price must be greater than zero","يجب أن يكون سعر الباقة أكبر من صفر"
"Bundle Price only: units of this product required per bundle","لسعر الباقة فقط: عدد وحدات هذا المنتج المطلوبة في كل باقة"
"Bundle {0} does not exist","الباقة {0} غير موجودة"
"Bundle {0} is inactive","الباقة {0} غير نشطة"
"Bundle {0} is incomplete, it needs exactly: {1}","الباقة {0} غير مكتملة، وتحتاج بالضبط إلى: {1}"
"Bundle {0} is not offered at {1}","الباقة {0} غير متاحة في {1}"
"Bundle {0} is not valid today","الباقة {0} غير سارية اليوم"
"Buy Quantity","كمية الشراء"
"Buy Quantity must be at least 1","يجب ألا تقل كمية الشراء عن 1"
"Buy X Get Y","اشتر X واحصل على Y"
"Cache only in-stock items for offline use","تخزين الأصناف المتوفرة فقط للاستخدام دون اتصال"
"Calculate discount on","احتساب الخصم على"
"Can","الإجراء المسموح"
"Can combine with other cashback rules","يمكن دمجه مع قواعد كاش باك أخرى"
"Can combine with other promotions","يمكن دمجه مع عروض أخرى"
"Cap on the cashback from one sale (0 = no cap). Applies to a percentage.","الحد الأقصى للكاش باك من عملية بيع واحدة (0 = بلا حد). يطبق عند اختيار النسبة المئوية."
"Card Number","رقم البطاقة"
"Cart JSON","السلة بصيغة JSON"
"Cart Total","إجمالي السلة"
"Cart is empty","السلة فارغة"
"Cart lines / invoice summary captured when the request was raised.","أسطر السلة أو ملخص الفاتورة كما سجلت عند رفع الطلب."
"Cash Float","الرصيد النقدي الافتتاحي"
"Cash In","إيداع نقدي"
"Cash In / Out","إيداع / سحب نقدي"
"Cash Movements","الحركات النقدية"
"Cash Out","سحب نقدي"
"Cash in / out","إيداع / سحب نقدي"
"Cash in this currency","النقد بهذه العملة"
"Cash variance on {0} ({1})","فرق نقدي في {0} ({1})"
"Cashback","كاش باك"
"Cashback Expense Account","حساب مصروف الكاش باك"
"Cashback Liability Account","حساب التزام الكاش باك"
"Cashback Rule","قاعدة الكاش باك"
"Cashback Type","نوع الكاش باك"
"Cashback balance is too low to redeem {0}","رصيد الكاش باك لا يكفي لاستخدام {0}"
"Cashback balance is {0}, cannot redeem {1}","رصيد الكاش باك {0}، ولا يمكن استخدام {1}"
"Cashier Name","اسم الكاشير"
"Change at this outlet comes from {0}, which is in {1}: a sale in {2} cannot give change from it. Take the exact amount, or set the outlet's Account for Change Amount (POS Profile) to an account in {3}.","الباقي في هذا الفرع يصرف من {0} وعملته {1}، فلا يمكن لبيع بعملة {2} أن يرد الباقي منه. استلم المبلغ المطلوب بالضبط، أو اجعل حساب الباقي للفرع (Account for Change Amount في ملف نقطة البيع) حسابا بعملة {3}."
"Change given in another currency cannot reach the books","الباقي المعطى بعملة أخرى لا يمكن تسجيله في الحسابات"
"Change given in this currency","يرد الباقي بهذه العملة"
"Check the site's background workers (on Frappe Cloud, the bench's Jobs).","تحقق من العمليات الخلفية للموقع (في Frappe Cloud من قسم Jobs في bench الموقع)."
"Choose exactly what each receipt shows.","اختر بدقة ما يظهر في كل إيصال."
"Choose the company this program belongs to","اختر الشركة التي يتبعها هذا البرنامج"
"Choose the sale to take back","اختر البيعة المراد استرجاعها"
"Choose the {0} this rule applies to","اختر {0} لهذه القاعدة"
"Close the register","إغلاق الصندوق"
"Close the shifts they belong to. A shift stuck in Closing shows above.","أغلق الورديات التي تتبع لها. الوردية العالقة قيد الإغلاق تظهر في الأعلى."
"Close them from the Register page (a manager can close anyone's).","أغلقها من صفحة الصندوق (يستطيع المدير إغلاق وردية أي شخص)."
"Close them in ERPNext (POS Closing Entry) or cancel them if they hold no sales.","أغلقها في ERPNext (POS Closing Entry) أو ألغها إذا لم تكن عليها مبيعات."
"Close your open shift first: {0}. This shop allows one open shift per person at a time.","أغلق ورديتك المفتوحة أولا: {0}. يسمح هذا المتجر بوردية مفتوحة واحدة لكل شخص في الوقت نفسه."
"Closed At","وقت الإغلاق"
"Closed by","أغلقه"
"Closing Attempts","محاولات الإغلاق"
"Closing Counts","المبالغ المعدودة عند الإغلاق"
"Closing Error","خطأ الإغلاق"
"Closing Note","ملاحظة الإغلاق"
"Closing Started At","وقت بدء الإغلاق"
"Closing Status","حالة الإغلاق"
"Closing figures out of date","أرقام الإغلاق غير محدثة"
"Compact","مدمج"
"Companies of the group","شركات المجموعة"
"Company Accounts","حسابات الشركة"
"Company customers","عملاء الشركات"
"Complete the outlet's POS Profile in ERPNext.","أكمل بيانات ملف نقطة البيع (POS Profile) لهذا الفرع في ERPNext."
"Consolidation","التجميع"
"Consolidation Error","خطأ التجميع"
"Consolidation failed","فشل التجميع"
"Could not reach printer at {0}:{1} ({2})","تعذر الوصول إلى الطابعة على {0}:{1} ({2})"
"Counted","المعدود"
"Coupon","كوبون"
"Coupon code {0} is already used by {1}","رمز الكوبون {0} يستخدمه بالفعل {1}"
"Create a POS Profile in ERPNext.","أنشئ ملف نقطة بيع (POS Profile) في ERPNext."
"Currencies the till sells in","العملات التي يبيع بها الصندوق"
"Currency {0} is not set up","العملة {0} غير مهيأة"
"Custom Fields (JSON)","الحقول المخصصة (JSON)"
"Customer Eligibility","العملاء المؤهلون"
"Customer balances across companies","أرصدة العملاء بين الشركات"
"Customer currency","عملة العميل"
"Customer deposits account","حساب الدفعات المقدمة من العملاء"
"Customer group eligibility","أهلية مجموعة العملاء"
"Customer has {0} loyalty points, cannot redeem {1}","لدى العميل {0} نقطة ولاء، ولا يمكن استبدال {1}"
"Customer name is required","اسم العميل مطلوب"
"Customer pays this for the whole bundle; the saving is split across the component lines (kept separate so each item can be returned individually)","يدفع العميل هذا المبلغ مقابل الباقة كاملة، ويوزع التوفير على أسطر مكوناتها (تبقى منفصلة ليمكن استرجاع كل صنف على حدة)"
"Customer pays this total for one full set of the products listed above (use the Qty column for multiples). Items stay separate lines on the invoice.","يدفع العميل هذا الإجمالي مقابل مجموعة كاملة واحدة من المنتجات المدرجة أعلاه (استخدم عمود الكمية عند الحاجة إلى أكثر من وحدة). تبقى الأصناف أسطرا منفصلة في الفاتورة."
"Customer {0} is not enrolled in a loyalty program","العميل {0} غير مسجل في برنامج ولاء"
"Customer {0} not found","العميل {0} غير موجود"
"Customer-facing display","شاشة مواجهة للعميل"
"Daily time window","الفترة الزمنية اليومية"
"Date window ({0} → {1})","نطاق التواريخ ({0} ← {1})"
"Days Closed While the Shift Ran","أيام أغلقت أثناء الوردية"
"Days after the sale during which a regular return is allowed. 0 = no time limit.","عدد الأيام بعد البيع التي يسمح خلالها بالاسترجاع العادي. 0 = بلا حد زمني."
"Days of Week","أيام الأسبوع"
"Decided At","وقت القرار"
"Decided By","صاحب القرار"
"Decision","القرار"
"Decision Note","ملاحظة القرار"
"Delivery Apps","تطبيقات التوصيل"
"Deposit for hold {0}","دفعة للحجز {0}"
"Deposit item","صنف الدفعة"
"Deposits are taxable when taken","الدفعة خاضعة للضريبة عند استلامها"
"Detail","التفاصيل"
"Detailed","مفصل"
"Discount Approval","اعتماد الخصم"
"Discount Approvers","معتمدو الخصم"
"Discount Limit (%)","حد الخصم (%)"
"Discount Type is required for a Simple Discount","نوع الخصم مطلوب في عرض الخصم البسيط"
"Discount Value","قيمة الخصم"
"Discount Value must be greater than zero","يجب أن تكون قيمة الخصم أكبر من صفر"
"Discount approved by {0}","اعتمد {0} الخصم"
"Discount requests are turned off. Ask a manager for the passcode.","طلبات الخصم معطلة. اطلب رمز المرور من المدير."
"Drawer","الدرج"
"Due from group companies","مستحق من شركات المجموعة"
"Due to group companies","مستحق لشركات المجموعة"
"ERPNext 16 lets an outlet sell with only one open shift, and {0} still has one:","يسمح ERPNext 16 للفرع بالبيع بوردية مفتوحة واحدة فقط، ولا تزال في {0} وردية مفتوحة:"
"ERPNext 16 sells only on an opening entry opened today, one per outlet.","لا يبيع ERPNext 16 إلا على قيد افتتاح فتح اليوم، قيد واحد لكل فرع."
"ERPNext 16 takes sales only on a POS Opening Entry opened the same day. A shift that sold on past midnight closed each earlier day in ERPNext and opened the next, and was counted once, at its own close.","لا يقبل ERPNext 16 المبيعات إلا على قيد فتح نقطة بيع فتح في اليوم نفسه. الوردية التي استمرت في البيع بعد منتصف الليل أغلقت كل يوم سابق في ERPNext وفتحت اليوم التالي، وحسب درجها مرة واحدة عند إغلاقها."
"ERPNext 16 takes sales only on a shift opened the same day. On (the default): at the first sale after midnight LumenPOS closes the day in ERPNext and opens the next one by itself, and the shift carries on and is counted once, at its own close. Off: a shift from an earlier day has to be closed before it can sell again. Set from the till: Settings, General, Register and shifts.","لا يقبل ERPNext 16 المبيعات إلا على وردية فتحت في اليوم نفسه. مفعل (الافتراضي): عند أول بيع بعد منتصف الليل يغلق LumenPOS اليوم في ERPNext ويفتح اليوم التالي تلقائيا، وتستمر الوردية ويحسب درجها مرة واحدة عند إغلاقها. غير مفعل: يجب إغلاق الوردية التي فتحت في يوم سابق قبل أن تبيع مجددا. يضبط من نقطة البيع: الإعدادات، عام، الصندوق والورديات."
"ERPNext Days","أيام ERPNext"
"ERPNext accepts the till's invoices","يقبل ERPNext فواتير نقطة البيع"
"ERPNext adds a missing item price from a sale","يضيف ERPNext سعر الصنف الناقص من عملية البيع"
"ERPNext is set not to record change as its own ledger entry (Create Ledger Entries for Change Amount, in POS Settings on ERPNext 16 and Accounts Settings before), so change can only come back in local money from the drawer the customer paid into. Turn that on, or take the exact amount.","تم ضبط ERPNext على عدم تسجيل الباقي في قيد مستقل بدفتر الأستاذ (خيار «إنشاء قيود دفتر الأستاذ لمبلغ الباقي» في إعدادات نقطة البيع على ERPNext 16، وفي إعدادات الحسابات في الإصدارات السابقة)، لذا لا يمكن رد الباقي إلا بالعملة المحلية ومن الدرج الذي دفع فيه العميل. فعل هذا الخيار، أو استلم المبلغ المطلوب بالضبط."
"ERPNext is set to make Sales Invoices from the POS (POS Settings, Invoice Type Created via POS Screen), so it refuses the POS Invoices this outlet makes. Set it to POS Invoice, or set the outlet to Sales Invoice (POS Profile, LumenPOS).","تم ضبط ERPNext على إنشاء فواتير المبيعات من نقطة البيع (إعدادات نقطة البيع، حقل «نوع الفاتورة المنشأة عبر شاشة نقطة البيع»)، لذا يرفض فواتير نقطة البيع التي يصدرها هذا الفرع. اضبط الحقل على فاتورة نقطة البيع، أو اضبط الفرع على فاتورة المبيعات (في ملف نقطة البيع، ضمن LumenPOS)."
"ERPNext refuses POS Invoices on this site","يرفض ERPNext فواتير نقطة البيع (POS Invoice) على هذا الموقع"
"ERPNext {0} has not been tested with LumenPOS","لم تختبر نسخة ERPNext {0} مع LumenPOS"
"ERPNext {0} is newer than the release LumenPOS was last tested on ({1})","نسخة ERPNext {0} أحدث من النسخة التي اختبر عليها LumenPOS آخر مرة ({1})"
"ERPNext {0}, tested with LumenPOS","نسخة ERPNext {0} مختبرة مع LumenPOS"
"ERPNext's day could not be closed for this shift ({0}). Close the shift on the Register screen and open a new one.","تعذر إغلاق يوم ERPNext لهذه الوردية ({0}). أغلق الوردية من شاشة الصندوق وافتح وردية جديدة."
"ERPNext's day was closed at {0} while this shift sold on past midnight: POS Closing Entry {1} holds its {2} sales, and POS Opening Entry {3} opens the next day. The drawer is counted once, when the shift closes.","أغلق يوم ERPNext الساعة {0} بينما استمرت هذه الوردية في البيع بعد منتصف الليل: قيد إغلاق نقطة البيع {1} يضم {2} من مبيعاته، وقيد فتح نقطة البيع {3} يفتح اليوم التالي. يحسب الدرج مرة واحدة عند إغلاق الوردية."
"Each manager gets their own passcode; the approver's name is recorded on the invoice. The single Manager Passcode above still works as a master code.","لكل مدير رمز مرور خاص به، ويسجل اسم المعتمد على الفاتورة. ويبقى رمز مرور المدير الموحد أعلاه صالحا كرمز رئيسي."
"Earn","اكتساب"
"Earned cashback expires this many days after it becomes usable (0 = never expires)","تنتهي صلاحية الكاش باك المكتسب بعد هذا العدد من الأيام من إتاحته للاستخدام (0 = لا تنتهي صلاحيته أبدا)"
"Earning and redemption rates must be greater than zero","يجب أن يكون معدل الكسب ومعدل الاستبدال أكبر من صفر"
"Edit price / discount","تعديل السعر أو الخصم"
"Edit price / discount role","دور تعديل السعر / الخصم"
"Either give every component an Allocated Price or leave them all empty","إما أن تحدد سعرا مخصصا لكل مكون، أو تترك الأسعار كلها فارغة"
"Eligibility","الأهلية"
"Email a role when a closing count differs from expected by more than the threshold. Records and notifies, it never blocks the close.","إرسال بريد إلى أصحاب دور محدد عندما يختلف المبلغ المعدود عند الإغلاق عن المتوقع بأكثر من الحد. يسجل وينبه فقط، ولا يمنع الإغلاق أبدا."
"Email an alert on a large closing variance","أرسل تنبيها بالبريد عند فرق إغلاق كبير"
"Email an alert when a shift is left open","أرسل تنبيها بالبريد عند ترك وردية مفتوحة"
"Email receipt","إرسال الإيصال بالبريد"
"Email receipts are turned off (Settings → Features).","إرسال الإيصالات بالبريد معطل (الإعدادات ← الميزات)."
"Empty: every company. Set: every outlet of this company, unless outlets are chosen below.","فارغ: كل الشركات. محدد: كل فروع هذه الشركة، ما لم تختر فروعا أدناه."
"Empty: the built-in form. Name and mobile for everyone; for companies also the tax ID and the Saudi national address.","فارغ: النموذج المدمج. الاسم والجوال للجميع، وللشركات أيضا الرقم الضريبي والعنوان الوطني السعودي."
"Empty: the main cash drawer.","فارغ: درج النقد الرئيسي."
"Enable Cashback","تفعيل الكاش باك"
"Enable Insights","تفعيل صفحة الإحصائيات"
"Enable a second-screen customer-facing display (mirrors the cart on another monitor/window).","تفعيل شاشة ثانية مواجهة للعميل (تعرض السلة على شاشة أو نافذة أخرى)."
"Enable holds and deposits","تفعيل الحجز والدفعات المقدمة"
"Enable the scheduler (bench enable-scheduler, or ask the hosting provider).","فعل المجدول (bench enable-scheduler)، أو اطلب ذلك من مزود الاستضافة."
"End Date cannot be before Start Date","لا يمكن أن يكون تاريخ الانتهاء قبل تاريخ البدء"
"Ends","تنتهي"
"Enter a coupon code","أدخل رمز الكوبون"
"Enter a name for the price list","أدخل اسما لقائمة الأسعار"
"Enter the amount the customer is paying","أدخل المبلغ الذي يدفعه العميل"
"Enter the gift card amount","أدخل مبلغ بطاقة الهدايا"
"Enter your current PIN to change it.","أدخل رمزك السري الحالي لتغييره."
"Entry of the company that issued it","قيد الشركة التي أصدرت الرصيد"
"Entry of the company that spent it","قيد الشركة التي صرف فيها الرصيد"
"Every Day","كل يوم"
"Every sale will be refused.","سترفض كل عمليات البيع."
"Exceed return window role","دور تجاوز فترة الاسترجاع"
"Exchange goods","الاستبدال"
"Exchange rate","سعر الصرف"
"Exchange role","دور الاستبدال"
"Exchanges are in {0} only. For a sale in {1}, refund it and ring the new goods up as a new sale.","الاستبدال بعملة {0} فقط. في البيع بعملة {1}، استرجع البيع وسجل البضاعة الجديدة في عملية بيع جديدة."
"Exclude","استبعاد"
"Exclude these items instead of including them","استبعاد هذه الأصناف بدلا من تضمينها"
"Expected to end","موعد الانتهاء المتوقع"
"Expire","انتهاء الصلاحية"
"Extra allowed refund methods. Example: if paid with Mada, allow refund as Cash. A method can always be refunded to itself, so you only add the exceptions.","طرق استرجاع إضافية مسموحة. مثال: إذا دفع بمدى، اسمح بالاسترجاع نقدا. يمكن دائما الاسترجاع إلى طريقة الدفع نفسها، لذا أضف الاستثناءات فقط."
"Extra line under the company name (e.g. branch / slogan).","سطر إضافي تحت اسم الشركة (مثل الفرع أو الشعار النصي)."
"Failed Attempts","المحاولات الفاشلة"
"Fallback: hours after opening","البديل: ساعات بعد الفتح"
"Features","الميزات"
"Fields on the new customer form","حقول نموذج العميل الجديد"
"Fill in: {0}","يرجى تعبئة: {0}"
"Fixed Price","سعر ثابت"
"Fixed at","وقت التثبيت"
"Fixed with the rate: the shift gives the change of a sale in this currency from that currency's own drawer.","يثبت مع سعر الصرف: تعطي الوردية باقي البيع بهذه العملة من درج هذه العملة نفسها."
"Fixed: the rate the shop sets. Automatic: updated once a day, when automatic rates are switched on in LumenPOS Settings.","ثابت: السعر الذي يحدده المحل. تلقائي: يتم تحديثه مرة يوميا عند تفعيل الأسعار التلقائية في إعدادات LumenPOS."
"Footer line (e.g. thank-you, social).","سطر التذييل (مثل عبارة شكر أو حسابات التواصل الاجتماعي)."
"For an Earn row: the unspent, unexpired part still available.","لحركة الاكتساب: الجزء الذي لم يصرف ولم تنته صلاحيته ولا يزال متاحا."
"For example: hygiene items cannot be returned once opened.","مثال: منتجات النظافة لا تسترجع بعد فتحها."
"Free","مجاني"
"Fully Used","مستخدم بالكامل"
"Generate at most 5000 coupons at a time","لا يمكن توليد أكثر من 5000 كوبون في المرة الواحدة"
"Generated {0}","أنشئت في {0}"
"Get","الحصول"
"Get Quantity","كمية الحصول"
"Get Quantity must be at least 1","يجب ألا تقل كمية الحصول عن 1"
"Gift Card Expiry (days)","صلاحية بطاقة الهدايا (أيام)"
"Gift Card Item","صنف بطاقة الهدايا"
"Gift Card Liability Account","حساب التزام بطاقات الهدايا"
"Gift Card Mode of Payment","طريقة دفع بطاقة الهدايا"
"Gift Cards","بطاقات الهدايا"
"Gift card payments don't match the scanned cards","مبالغ الدفع ببطاقات الهدايا لا تطابق البطاقات الممسوحة"
"Gift card {0} already exists","بطاقة الهدايا {0} موجودة بالفعل"
"Gift card {0} expired on {1}","انتهت صلاحية بطاقة الهدايا {0} في {1}"
"Gift card {0} has {1} left, cannot redeem {2}","المتبقي في بطاقة الهدايا {0} هو {1}، ولا يمكن استخدام {2}"
"Gift card {0} is {1}","بطاقة الهدايا {0} حالتها {1}"
"Gift card {0} not found","بطاقة الهدايا {0} غير موجودة"
"Gift card {0} was issued by {1} and is used at its outlets only.","بطاقة الهدايا {0} أصدرتها {1}، وتستخدم في فروعها فقط."
"Gift cards","بطاقات الهدايا"
"Gift cards, cashback and store credit. Shared: spendable at any company of the group with the same currency, each company's books kept right by an Inter Company Journal Entry. Separate: spendable only at the company that issued it.","بطاقات الهدايا والكاش باك ورصيد المتجر. مشترك: يصرف الرصيد في أي شركة من المجموعة بنفس العملة، وتبقى دفاتر كل شركة صحيحة بقيد يومية بين الشركات. منفصل: يصرف فقط في الشركة التي أصدرته."
"Gift cards, store credit, cashback and loyalty points","بطاقات الهدايا ورصيد المتجر والكاش باك ونقاط الولاء"
"Give change in this currency","إرجاع الباقي بهذه العملة"
"Give customers cashback on qualifying sales, configured in POS Cashback Rule. Turning this off stops earning and hides the page.","امنح العملاء كاش باك على المبيعات المؤهلة، حسب القواعد المضبوطة في «قاعدة كاش باك نقطة البيع». إيقاف هذا الخيار يوقف اكتساب الكاش باك ويخفي الصفحة."
"Give the loyalty program a name","امنح برنامج الولاء اسما"
"Global fallback income account for the service charge. Prefer a per-company account under Company Accounts.","حساب الإيرادات البديل العام لرسوم الخدمة. يفضل تحديد حساب لكل شركة ضمن «حسابات الشركة»."
"Goods handed over on {0}","سلمت البضاعة على الفاتورة {0}"
"Goods on hold","الأصناف المحجوزة"
"Grace period (minutes)","مهلة السماح (دقائق)"
"Grouped, most frequent first.","مجمعة، الأكثر تكرارا أولا."
"HOLD-.YYYY.-","HOLD-.YYYY.-"
"Hand these goods over at {0}, where they are kept.","سلم هذه البضاعة في الفرع {0}، فهي محفوظة هناك."
"Handed Over At","وقت التسليم"
"Handed Over On Invoice","فاتورة التسليم"
"Help in the till","المساعدة في نقطة البيع"
"Higher priority wins when two exclusive promotions give the same savings","عندما يمنح عرضان غير قابلين للدمج التوفير نفسه، يطبق العرض صاحب الأولوية الأعلى"
"Higher wins when two non-combinable rules both match","عندما تنطبق قاعدتان غير قابلتين للدمج، تطبق القاعدة صاحبة الأولوية الأعلى"
"Hold Until","الحجز حتى"
"Hold cancelled","ألغي الحجز"
"Hold goods for (days)","مدة الحجز (أيام)"
"Hold goods for a customer","حجز أصناف لعميل"
"Hold {0} belongs to another company","الحجز {0} تابع لشركة أخرى"
"Hold {0} belongs to {1}. Serve it at one of its outlets.","الحجز {0} تابع للشركة {1}. تعامل معه من أحد فروعها."
"Hold {0} handed over","تم تسليم الحجز {0}"
"Holds and deposits","الحجوزات والدفعات"
"Holds and deposits are switched off for this shop","الحجز والدفعات المقدمة معطلة في هذا المتجر"
"How a cashier clears an over-limit discount. Passcode only = a manager enters the passcode at the till. Request only = the cashier sends a request a role-holder approves while the register is open. Passcode or request = either.","كيف يحصل الكاشير على اعتماد خصم يتجاوز الحد. برمز المرور فقط = يدخل المدير رمز المرور في نقطة البيع. بالطلب فقط = يرسل الكاشير طلبا يعتمده من يحمل الدور المحدد ما دام الصندوق مفتوحا. برمز المرور أو الطلب = أي منهما."
"How long a hold runs before the shop may cancel it. 0 = no limit. Nothing is cancelled automatically.","المدة التي يبقى فيها الحجز قبل أن يحق للمتجر إلغاؤه. 0 = بلا حد. لا يلغى أي شيء تلقائيا."
"How long after the scheduled end before alerting.","المدة التي تمر بعد النهاية المجدولة للوردية قبل إرسال التنبيه."
"How many coupons should I generate?","كم عدد الكوبونات التي تريد توليدها؟"
"How many times each code may be redeemed. 1 = single use, 0 = unlimited (until it expires).","عدد المرات التي يمكن فيها استخدام كل رمز. 1 = استخدام واحد، 0 = بلا حد (حتى انتهاء صلاحيته)."
"If paid with","إذا تم الدفع عبر"
"If you cannot close it, a manager can close it for you from that outlet's Register page.","إذا لم تستطع إغلاقها، يمكن لمدير إغلاقها عنك من صفحة صندوق ذلك الفرع."
"Imported {0}","استيراد {0}"
"Individual customers","العملاء الأفراد"
"Initial Amount","المبلغ الأولي"
"Insights","الإحصائيات"
"Insights are turned off in LumenPOS Settings","تم إيقاف صفحة الإحصائيات في إعدادات LumenPOS"
"Instalments","الدفعات"
"Inter Company Journal Entries","قيود يومية بين الشركات"
"Invalid or expired coupon code","رمز الكوبون غير صالح أو منتهي الصلاحية"
"Invoice Age (days)","عمر الفاتورة (أيام)"
"Invoice type","نوع الفاتورة"
"Issued On Invoice","فاتورة الإصدار"
"Issued by","أصدرته"
"Items shown as one-tap buttons on the sell screen.","الأصناف التي تظهر في شاشة البيع كأزرار تضاف بلمسة واحدة."
"JSON list of dynamic receipt fields sourced from the POS Profile or the sale invoice (managed from the POS Settings page). Each: {source, fieldname, label, render, position}.","قائمة JSON بحقول الإيصال الديناميكية المأخوذة من ملف نقطة البيع أو من فاتورة البيع (تدار من صفحة الإعدادات في نقطة البيع). كل عنصر: {source, fieldname, label, render, position}."
"Keep a shift open past midnight","إبقاء الوردية مفتوحة بعد منتصف الليل"
"Languages","اللغات"
"Languages at the till","اللغات المتاحة في الصندوق"
"Last error","آخر خطأ"
"Late return approved by {0}","استرجاع متأخر اعتمده {0}"
"Leave empty for all customers","اتركه فارغا ليشمل جميع العملاء"
"Leave empty for all outlets","اتركه فارغا ليشمل جميع الفروع"
"Leave empty to apply at every outlet","اتركه فارغا للتطبيق في كل الفروع"
"Leave empty to apply at every outlet.","اتركه فارغا للتطبيق في كل الفروع."
"Leave empty to run in all outlets","اتركه فارغا ليسري العرض في جميع الفروع"
"Legacy flag (superseded by Use Limit). Kept for older codes.","خيار قديم (حل محله «حد الاستخدام»). يبقى من أجل الرموز القديمة."
"Legacy/internal, price books now store item prices directly below.","حقل قديم للاستخدام الداخلي، فكتب الأسعار تحفظ الآن أسعار الأصناف مباشرة في الأسفل."
"Liability account for customer deposits. Blank = LumenPOS creates 'Customer Deposits'. A per-company account can be set in Company Accounts.","حساب الالتزامات لدفعات العملاء المقدمة. فارغ = ينشئ LumenPOS الحساب 'Customer Deposits'. ويمكن تحديد حساب لكل شركة ضمن «حسابات الشركة»."
"Liability account for what this company owes others of the group for its customer balances spent there. Created automatically when empty.","حساب الالتزامات لما تدين به هذه الشركة لشركات المجموعة الأخرى مقابل أرصدة عملائها التي صرفت لديها. ينشأ تلقائيا إذا ترك فارغا."
"Liability account that backs gift cards (selling a card increases it, redeeming decreases it). Leave empty to auto-create ""Gift Cards"".","حساب الالتزامات المقابل لبطاقات الهدايا (بيع البطاقة يزيده واستخدامها ينقصه). اتركه فارغا لإنشاء ""Gift Cards"" تلقائيا."
"Liability account this company holds customer deposits in. Blank = LumenPOS creates 'Customer Deposits'.","حساب الالتزامات الذي تحفظ فيه هذه الشركة دفعات العملاء المقدمة. فارغ = ينشئ LumenPOS الحساب 'Customer Deposits'."
"Limit regular returns to a time window","تقييد الاسترجاع العادي بفترة زمنية"
"List the products that make up the bundle","أدرج المنتجات التي تتكون منها الباقة"
"Load","شحن"
"Lock screen (PIN to unlock)","قفل الشاشة (يفتح بالرمز السري)"
"Lock the till behind a PIN (a manager/approver PIN, or any manager). Protects an unattended register.","قفل الصندوق بالرمز السري (رمز مدير أو معتمد، أو أي مدير). يحمي الصندوق حين يترك دون مراقبة."
"Logo shown at the top of the printed/on-screen receipt.","الشعار الذي يظهر أعلى الإيصال المطبوع أو المعروض على الشاشة."
"Lookup not allowed for {0}","لا يسمح بالبحث في {0}"
"Lumen Reports could not set up the dashboard","تعذر على Lumen Reports إعداد اللوحة"
"Lumen Reports could not set up the dashboard on this site: {0}","تعذر على Lumen Reports إعداد اللوحة على هذا الموقع: {0}"
"Lumen Reports is not installed on this site","تطبيق Lumen Reports غير مثبت على هذا الموقع"
"Lumen Reports needs Frappe v{0} or newer","يتطلب Lumen Reports وجود Frappe v{0} أو أحدث"
"LumenPOS","LumenPOS"
"LumenPOS Audit Log","سجل تدقيق LumenPOS"
"LumenPOS Cashier","كاشير LumenPOS"
"LumenPOS Company Setting","إعداد الشركة في LumenPOS"
"LumenPOS Manager","مدير LumenPOS"
"LumenPOS Payment Method Rule","قاعدة طريقة الدفع في LumenPOS"
"LumenPOS Profile Receipt","إيصال الفرع في LumenPOS"
"LumenPOS Settings","إعدادات LumenPOS"
"LumenPOS User PIN","الرمز السري للمستخدم في LumenPOS"
"LumenPOS background jobs failed in the last 7 days","تعطلت مهام LumenPOS الخلفية خلال آخر 7 أيام"
"LumenPOS background jobs have not run since {0}","لم تعمل مهام LumenPOS الخلفية منذ {0}"
"LumenPOS cashback for {0} ({1}): {2} earned on {3} sales, {4} expired or returned on {5} entries.","كاش باك LumenPOS ليوم {0} ({1}): اكتساب {2} من {3} عملية بيع، وانتهاء صلاحية {4} أو إلغاؤه بالاسترجاع في {5} قيد."
"LumenPOS could not use ERPNext's {0} on this version of ERPNext ({1}). This usually means the site is running an ERPNext release LumenPOS has not been updated for yet, please report it to hello@lumen-solutions.co with this message.","تعذر على LumenPOS استخدام {0} من ERPNext في هذا الإصدار من ERPNext ({1}). يعني هذا عادة أن الموقع يعمل بإصدار من ERPNext لم يحدث LumenPOS لدعمه بعد، يرجى الإبلاغ عن ذلك إلى hello@lumen-solutions.co مع هذه الرسالة."
"LumenPOS errors in the last 7 days: {0}","أخطاء LumenPOS خلال آخر 7 أيام: {0}"
"LumenPOS is tested on ERPNext 13 to 16.","يختبر LumenPOS على ERPNext من النسخة 13 إلى 16."
"Make returns","تنفيذ الاسترجاع"
"Make returns role","دور تنفيذ الاسترجاع"
"Manager Passcode","رمز مرور المدير"
"Manual discounts above this percentage need approval. 0 disables the check.","الخصومات اليدوية التي تتجاوز هذه النسبة تحتاج إلى اعتماد. القيمة 0 تلغي هذا التحقق."
"Margin below the published rate","الهامش دون سعر الصرف المعلن"
"Max Applications per Sale","الحد الأقصى لمرات التطبيق في البيع الواحد"
"Maximum Cashback","الحد الأقصى للكاش باك"
"Minimum Spend","الحد الأدنى للإنفاق"
"Minimum Spend must be greater than zero","يجب أن يكون الحد الأدنى للإنفاق أكبر من صفر"
"Minimum deposit (%)","أقل دفعة مقدمة (%)"
"Mode of Payment used to redeem gift cards. Leave empty to auto-create/use ""Gift Card"".","طريقة الدفع المستخدمة للدفع ببطاقات الهدايا. اتركها فارغة لاستخدام ""Gift Card"" أو إنشائها تلقائيا."
"Money","المبالغ"
"New customer","عميل جديد"
"New customer form","نموذج العميل الجديد"
"New gift cards expire this many days after sale. 0 = never expire.","تنتهي صلاحية بطاقات الهدايا الجديدة بعد هذا العدد من الأيام من تاريخ بيعها. 0 = لا تنتهي أبدا."
"New sales were recorded after the closing screen was loaded. Refresh the closing screen, re-check the counts, then close again.","تم تسجيل مبيعات جديدة بعد تحميل شاشة الإغلاق. أعد تحميل شاشة الإغلاق وراجع المبالغ المعدودة، ثم أغلق مرة أخرى."
"No LumenPOS errors in the last 7 days","لا توجد أخطاء في LumenPOS خلال آخر 7 أيام"
"No POS Profile is assigned to you. Create one and add yourself under Applicable for Users.","لا يوجد ملف نقطة بيع مخصص لك. أنشئ ملفا وأضف نفسك في جدول «ينطبق على المستخدمين»."
"No account group found for {0} in {1}. Create the account '{0}' in {2} by hand.","لم يتم العثور على مجموعة حسابات للحساب {0} في الشركة {1}. أنشئ الحساب '{0}' بعملة {2} يدويا."
"No codes found in the file","لم يتم العثور على رموز في الملف"
"No email address. Add one to the customer or type it in.","لا يوجد بريد إلكتروني. أضفه إلى بيانات العميل أو اكتبه."
"No expense account group found for {0}","لم يتم العثور على مجموعة حسابات مصروفات للشركة {0}"
"No expense account group found for {0}. Create a cashback expense account and choose it in LumenPOS Settings","لم يتم العثور على مجموعة حسابات مصروفات للشركة {0}. أنشئ حساب مصروف الكاش باك واختره في إعدادات LumenPOS"
"No liability account group found for {0}","لم يتم العثور على مجموعة حسابات التزامات للشركة {0}"
"No liability account group found for {0}, create a 'Store Credit' liability account manually","لم يتم العثور على مجموعة حسابات التزامات للشركة {0}، أنشئ حساب التزامات باسم 'Store Credit' يدويا"
"No liability account group found for {0}, create a '{1}' liability account manually","لم يتم العثور على مجموعة حسابات التزامات للشركة {0}، أنشئ حساب التزامات باسم '{1}' يدويا"
"No liability account group found for {0}. Create a cashback liability account and choose it in LumenPOS Settings","لم يتم العثور على مجموعة حسابات التزامات للشركة {0}. أنشئ حساب التزام الكاش باك واختره في إعدادات LumenPOS"
"No open register session. Open the register first.","لا توجد جلسة صندوق مفتوحة. افتح الصندوق أولا."
"No outlet (POS Profile) is set up","لا يوجد أي فرع (POS Profile) مهيأ"
"No receipt printer configured on POS Profile {0}","لا توجد طابعة إيصالات مضبوطة في ملف نقطة البيع {0}"
"No shift needs attention","لا توجد وردية تحتاج انتباها"
"No tax template: sales carry no tax.","لا يوجد قالب ضريبة: المبيعات بدون ضريبة."
"No warehouse belongs to company {0}. Set a Default Warehouse on the POS Profile (or create a warehouse for this company) before selling gift cards.","لا يوجد مستودع تابع للشركة {0}. حدد مستودعا افتراضيا في ملف نقطة البيع (أو أنشئ مستودعا لهذه الشركة) قبل بيع بطاقات الهدايا."
"No {0} account group found for {1}. Create '{2}' by hand.","لم يتم العثور على مجموعة حسابات {0} للشركة {1}. أنشئ الحساب '{2}' يدويا."
"Nobody is assigned to it yet (POS Profile, Applicable for Users).","لم يكلف به أحد بعد (POS Profile، Applicable for Users)."
"Non-stock item posted when a gift card is sold. Leave empty to auto-create ""GIFT-CARD"".","صنف غير مخزني يسجل عند بيع بطاقة هدايا. اتركه فارغا لإنشاء ""GIFT-CARD"" تلقائيا."
"Not a LumenPOS tour: {0}","ليست جولة من LumenPOS: {0}"
"Not a LumenPOS version: {0}","ليس رقم إصدار من LumenPOS: {0}"
"Not allowed.","غير مسموح."
"Notify role","دور مستلمي التنبيه"
"Number of Sales","عدد المبيعات"
"Off: the till shows nothing about holds at all. A shop that never puts goods aside for a customer does not need the button or the screen.","عند الإيقاف: لا تعرض نقطة البيع أي شيء عن الحجوزات. المتجر الذي لا يحجز بضاعة لأي عميل لا يحتاج إلى الزر ولا إلى الشاشة."
"Offer","العرض"
"Offer the tour to new staff","عرض الجولة على الموظفين الجدد"
"Offline cache only keeps items that have stock in the register's warehouse (smaller, faster cache)","لا يحتفظ التخزين دون اتصال إلا بالأصناف التي لها مخزون في مستودع الصندوق (تخزين أصغر وأسرع)"
"Oldest from {0}. Their stock has not moved yet and they are missing from the accounts.","أقدمها من {0}. لم يتحرك مخزونها بعد، وهي غير مسجلة في الحسابات."
"On (the default): a ? button on every screen of the till opens that screen's help, with short tours over the real buttons.","مفعل افتراضيا: زر المساعدة في كل شاشة من شاشات نقطة البيع يفتح شرحها، مع جولات قصيرة على الأزرار نفسها."
"On (the default): after an update, each person sees once what is new for them, with a Show me where a tour exists.","مفعل افتراضيا: بعد كل تحديث يرى كل شخص مرة واحدة ما أضيف مما يخصه، مع زر اعرض لي حيث توجد جولة."
"On (the default): sales and returns made without a connection are sent as soon as the network is back, even with the till closed, where the browser allows it (Chrome, Edge, Android). The till still sends them itself whenever it is open.","مفعل (الافتراضي): ترسل المبيعات والمرتجعات التي تمت دون اتصال فور عودة الشبكة، حتى لو كانت نقطة البيع مغلقة، حيث يسمح المتصفح بذلك (Chrome وEdge وAndroid). وتبقى نقطة البيع ترسلها بنفسها كلما كانت مفتوحة."
"On (the default): someone who has not seen the help yet is offered a short tour the first time they open the till.","مفعل افتراضيا: من لم يطلع على المساعدة بعد تعرض عليه جولة قصيرة عند أول دخول إلى نقطة البيع."
"On (the default): the till shows a warning when the browser has not agreed to keep its offline data for good, which it may otherwise clear when space runs low, and asks the browser again on a tap.","مفعل (الافتراضي): تعرض نقطة البيع تنبيها عندما لا يوافق المتصفح على الاحتفاظ ببياناتها دون اتصال بشكل دائم، إذ قد يحذفها عند نقص المساحة، وتطلب من المتصفح ذلك مرة أخرى بلمسة واحدة."
"On (the default): without a connection, a sale this device made in the same shift can be taken back, refunded in cash or the way the customer paid, never to store credit, a gift card or cashback. The till works out the refund as ERPNext will, and the server checks it again when the connection is back.","مفعل (الافتراضي): دون اتصال، يمكن استرجاع بيعة تمت على هذا الجهاز في الوردية نفسها، ويرد المبلغ نقدا أو بطريقة الدفع التي استخدمها العميل، ولا يرد أبدا إلى رصيد المتجر أو بطاقة هدية أو كاش باك. يحسب الصندوق المبلغ المسترجع كما سيحسبه ERPNext، ويتحقق منه الخادم مرة أخرى عند عودة الاتصال."
"On: a deposit is taxed the moment it is taken (an advance against a known supply), and the tax already declared is deducted at hand-over. Off: the deposit carries no tax and the goods are taxed in full when handed over.","عند التفعيل: تخضع الدفعة للضريبة لحظة استلامها (دفعة مقدمة عن توريد معلوم)، وتخصم الضريبة المصرح بها مسبقا عند التسليم. عند الإيقاف: لا تحمل الدفعة أي ضريبة، وتخضع البضاعة للضريبة كاملة عند تسليمها."
"On: a person cannot open a new shift while they still have one open at another outlet. Off (the default): a person may hold shifts at several outlets, and the till only reminds them. Set from the till: Settings, General, Register and shifts.","تشغيل: لا يستطيع الشخص فتح وردية جديدة وما زالت لديه وردية مفتوحة في فرع آخر. إيقاف (الافتراضي): يمكن للشخص أن يحتفظ بورديات في عدة فروع، ويكتفي الصندوق بتذكيره. يضبط من الصندوق: الإعدادات، عام، الصندوق والورديات."
"On: a sale in this currency gives its change in it, from its own cash drawer. Off: change comes back in the company currency, from the main drawer. An outlet whose POS Profile names its own Account for Change Amount keeps it (ERPNext uses it on every sale).","عند التفعيل: يرجع الباقي في البيع بهذه العملة بالعملة نفسها، من درج النقد الخاص بها. عند الإيقاف: يرجع الباقي بعملة الشركة من الدرج الرئيسي. أما الفرع الذي يحدد ملف نقطة البيع الخاص به حسابا للباقي (Account for Change Amount) فيبقى على ذلك الحساب (إذ يستخدمه ERPNext في كل عملية بيع)."
"On: the cashier may send a return approval request, and an approver can let this return through. Off: the item is never taken back.","عند التفعيل: يمكن للكاشير إرسال طلب اعتماد استرجاع، ويمكن للمعتمد السماح بهذا الاسترجاع. عند الإيقاف: لا يقبل استرجاع الصنف أبدا."
"Once a day, from ExchangeRate-API (free), for the currencies set to Automatic. A rate typed for the day always wins.","مرة واحدة يوميا من ExchangeRate-API (مجانا)، للعملات المضبوطة على «تلقائي». والسعر المكتوب لليوم نفسه هو المعتمد دائما."
"One open shift per person","وردية مفتوحة واحدة لكل شخص"
"Only managers can view Insights","يقتصر عرض الإحصائيات على المديرين"
"Only someone who manages LumenPOS Settings can change exchange rates.","لا يمكن تغيير أسعار الصرف إلا لمن يدير إعدادات LumenPOS."
"Only someone who manages LumenPOS Settings can change the customer form.","لا يمكن تغيير نموذج العميل إلا لمن يدير إعدادات LumenPOS."
"Only someone who manages LumenPOS Settings can do this.","لا يمكن تنفيذ هذا الإجراء إلا لمن يدير إعدادات LumenPOS."
"Only this role (plus managers) may apply a manual discount / edit a price on a sale. Blank = anyone.","يسمح لهذا الدور وحده (إضافة إلى المديرين) بتطبيق خصم يدوي أو تعديل سعر في البيع. فارغ = الجميع."
"Only this role (plus managers) may exchange goods in one step. Blank = anyone who may make returns. An exchange always needs return permission too.","يسمح لهذا الدور وحده (إضافة إلى المديرين) بالاستبدال في خطوة واحدة. فارغ = كل من يسمح له بالاسترجاع. ويتطلب الاستبدال دائما صلاحية الاسترجاع أيضا."
"Only this role (plus managers) may make returns. Blank = anyone with sell access.","يسمح لهذا الدور وحده (إضافة إلى المديرين) بتنفيذ الاسترجاع. فارغ = كل من لديه صلاحية البيع."
"Only used by Buy X Get Y: 'Buy' rows trigger the offer, 'Get' rows receive the reward. With no 'Get' rows the buy list rewards itself (classic multi-buy).","يستخدم فقط في عرض «اشتر X واحصل على Y»: صفوف «شراء» تفعل العرض، وصفوف «الحصول» تنال المكافأة. وإن لم توجد صفوف «الحصول» فإن قائمة الشراء نفسها تنال المكافأة (عرض الشراء المتعدد المعتاد)."
"Only {0} x {1} can still be returned","لم يتبق للاسترجاع سوى {0} x {1}"
"Open the register","فتح الصندوق"
"Open the register before requesting approval.","افتح الصندوق قبل طلب الاعتماد."
"Opened At","وقت الفتح"
"Opened By","فتح بواسطة"
"Opened at","وقت الفتح"
"Opened by","فتح بواسطة"
"Opened with float {0}","تم الفتح برصيد افتتاحي {0}"
"Opening Float","الرصيد الافتتاحي"
"Opening entries from an earlier day blocking their outlet: {0}","قيود افتتاح من يوم سابق توقف البيع في فروعها: {0}"
"Opening float","الرصيد الافتتاحي"
"Optional (the default): the cashier may pick who sold. Required: a sale without a salesperson is refused. Off: the till asks for nobody and records nobody.","اختياري (الافتراضي): يمكن للكاشير اختيار من باع. إلزامي: ترفض عملية البيع بدون بائع. متوقف: لا تطلب نقطة البيع أي بائع ولا تسجله."
"Optional app-specific selling prices (overrides price books)","أسعار بيع خاصة بالتطبيق، اختيارية (تحل محل كتب الأسعار)"
"Optional button label (defaults to the item name)","نص الزر، اختياري (افتراضيا اسم الصنف)"
"Optional daily window, e.g. Happy Hour 16:00 to 18:00. Wraps midnight if start is after end.","فترة يومية اختيارية، مثل ساعة التخفيضات من 16:00 إلى 18:00. إذا كان وقت البدء بعد وقت الانتهاء امتدت الفترة إلى ما بعد منتصف الليل."
"Optional daily window. Wraps midnight if start is after end.","فترة يومية اختيارية. إذا كان وقت البدء بعد وقت الانتهاء امتدت الفترة إلى ما بعد منتصف الليل."
"Optional per-code expiry. The promotion's own date window still applies on top of this.","تاريخ انتهاء اختياري لكل رمز. وتبقى فترة صلاحية العرض نفسه سارية إضافة إلى ذلك."
"Optional. After this date the bundle stops being offered at the till (treated as expired/inactive).","اختياري. بعد هذا التاريخ تتوقف نقطة البيع عن عرض الباقة (تعامل كمنتهية أو غير نشطة)."
"Optional. The bundle is not offered before this date.","اختياري. لا تعرض الباقة قبل هذا التاريخ."
"Optional: this component's share of the bundle price (for the whole row qty). If used on any row, every row needs one and they must sum exactly to the Bundle Price. Empty = split proportionally to regular prices.","اختياري: حصة هذا المكون من سعر الباقة (عن كامل كمية الصف). إذا استخدم في أي صف فيجب إدخاله في كل الصفوف، وأن يساوي مجموعها سعر الباقة تماما. فارغ = توزيع السعر بالتناسب مع الأسعار العادية."
"Order ID is required for {0} sales","رقم الطلب مطلوب لمبيعات {0}"
"Order-level (whole-cart) discount","خصم على مستوى الطلب (السلة كاملة)"
"Other currencies","العملات الأخرى"
"Other currencies are on, but ERPNext does not book change as its own entry.","العملات الأخرى مفعلة، لكن ERPNext لا يسجل الباقي في قيد مستقل."
"Other currency floats","الأرصدة الافتتاحية بالعملات الأخرى"
"Outlet","الفرع"
"Outlet already open","الفرع مفتوح بالفعل"
"Outlet {0}","الفرع {0}"
"Outlet {0} belongs to {1}, not {2}. Choose outlets of {2}, or clear the company.","الفرع {0} تابع للشركة {1} وليس للشركة {2}. اختر فروعا تابعة للشركة {2}، أو امسح حقل الشركة."
"Outlet {0} cannot sell","الفرع {0} لا يستطيع البيع"
"Outlet {0} included","الفرع {0} مشمول"
"Outlets","الفروع"
"Outlets (POS Profiles)","الفروع (ملفات نقطة البيع)"
"Over-limit approval method","طريقة اعتماد الخصم الزائد"
"Overdue Notified","تم إرسال تنبيه التأخير"
"PIN Hash","تجزئة الرمز السري"
"POS Approval Request","طلب اعتماد نقطة البيع"
"POS Bundle","باقة نقطة البيع"
"POS Bundle Item","صنف باقة نقطة البيع"
"POS Capability Rule","قاعدة صلاحية نقطة البيع"
"POS Cash Movement","حركة نقدية لنقطة البيع"
"POS Cashback Entry","قيد كاش باك نقطة البيع"
"POS Cashback Rule","قاعدة كاش باك نقطة البيع"
"POS Cashback Rule Customer Group","مجموعة عملاء لقاعدة كاش باك نقطة البيع"
"POS Cashback Rule Item","صنف لقاعدة كاش باك نقطة البيع"
"POS Cashback Rule Profile","فرع لقاعدة كاش باك نقطة البيع"
"POS Closing Entry {0} of this shift is not submitted.","قيد إغلاق نقطة البيع {0} لهذه الوردية غير معتمد."
"POS Coupon","كوبون نقطة البيع"
"POS Customer Form Field","حقل نموذج العميل لنقطة البيع"
"POS Delivery App","تطبيق توصيل لنقطة البيع"
"POS Discount Approver","معتمد خصم نقطة البيع"
"POS Gift Card","بطاقة هدايا نقطة البيع"
"POS Gift Card Entry","قيد بطاقة هدايا نقطة البيع"
"POS Inter Company Settlement","تسوية بين الشركات لنقطة البيع"
"POS Layaway","حجز نقطة البيع"
"POS Layaway Item","صنف حجز نقطة البيع"
"POS Layaway Payment","دفعة حجز نقطة البيع"
"POS Opening Entry {0} (by {1}, since {2}) is open outside LumenPOS: close or cancel it in ERPNext.","قيد فتح نقطة البيع {0} (بواسطة {1}، منذ {2}) مفتوح خارج LumenPOS: أغلقه أو ألغه في ERPNext."
"POS Parked Sale","بيع معلق لنقطة البيع"
"POS Payment Restriction","قيد طريقة الدفع لنقطة البيع"
"POS Price Book","كتاب أسعار نقطة البيع"
"POS Price Book Item","صنف كتاب أسعار نقطة البيع"
"POS Promotion","عرض نقطة البيع"
"POS Promotion Customer Group","مجموعة عملاء لعرض نقطة البيع"
"POS Promotion Item","صنف لعرض نقطة البيع"
"POS Promotion Profile","فرع لعرض نقطة البيع"
"POS Quick Key","مفتاح سريع لنقطة البيع"
"POS Refund Rule","قاعدة استرجاع نقطة البيع"
"POS Register Payment Count","جرد طرق الدفع لصندوق نقطة البيع"
"POS Register Session","جلسة صندوق نقطة البيع"
"POS Return Reason","سبب استرجاع نقطة البيع"
"POS Return Restriction","قيد استرجاع نقطة البيع"
"POS Sale Currency","عملة البيع لنقطة البيع"
"POS Session Day","يوم جلسة نقطة البيع"
"POS Session Float","رصيد افتتاحي لجلسة نقطة البيع"
"POS Session Rate","سعر صرف جلسة نقطة البيع"
"POS Settings, Invoice Type Created via POS Screen: POS Invoice.","في POS Settings، اجعل Invoice Type Created via POS Screen على POS Invoice."
"POS Shift Invoice","فاتورة وردية نقطة البيع"
"POS Shift Schedule","جدول ورديات نقطة البيع"
"POS Shift Schedule Slot","فترة جدول ورديات نقطة البيع"
"POS Store Credit Entry","قيد رصيد المتجر لنقطة البيع"
"Paid At","وقت الدفع"
"Paid With","طريقة الدفع"
"Parked","معلق"
"Parked At","وقت التعليق"
"Passcode","رمز المرور"
"Passcode only","برمز المرور فقط"
"Passcode or request","برمز المرور أو الطلب"
"Payment Counts","جرد طرق الدفع"
"Payment Method Rules","قواعد طرق الدفع"
"Payment must cover the gift card amount","يجب أن يغطي الدفع مبلغ بطاقة الهدايا"
"Per cashier","لكل كاشير"
"Per outlet","لكل فرع"
"Per outlet: ONE shift per register, whoever opens it, any assigned cashier can sell on it (default; how LumenPOS has always worked). Per cashier: each cashier opens their OWN shift on the register and can only sell on their own, so several people share one counter but each gets their own Z-report and is accountable for their own drawer.","لكل فرع: وردية واحدة فقط لكل صندوق أيا كان من يفتحها، ويستطيع أي كاشير مخصص للفرع البيع عليها (الافتراضي، وهي الطريقة التي عمل بها LumenPOS دائما). لكل كاشير: يفتح كل كاشير ورديته الخاصة به على الصندوق ولا يبيع إلا عليها، فيتشارك عدة أشخاص منضدة واحدة، لكن لكل منهم تقرير Z الخاص به ويتحمل مسؤولية درجه."
"Per-Outlet Receipts","إيصالات الفروع"
"Per-company accounts. On a multi-company site each company posts gift cards / service charge to its OWN accounts. Leave empty to use the global defaults (or auto-create).","حسابات لكل شركة. في الموقع الذي يضم عدة شركات تسجل كل شركة بطاقات الهدايا ورسوم الخدمة في حساباتها الخاصة بها. اتركها فارغة لاستخدام الحسابات الافتراضية العامة (أو إنشائها تلقائيا)."
"Per-method rules. Use these to require a terminal/transfer reference on card or bank payments so the transaction can be traced later.","قواعد لكل طريقة دفع. استخدمها لاشتراط مرجع جهاز أو تحويل في مدفوعات البطاقة أو التحويل البنكي، حتى يمكن تتبع العملية لاحقا."
"Per-outlet receipt overrides (managed from the POS Settings page). Each row is a POS Profile + a JSON receipt config that overrides the global receipt design for that outlet. Empty = the outlet uses the global receipt.","تخصيص الإيصال لكل فرع (يدار من صفحة الإعدادات في نقطة البيع). كل صف يتكون من ملف نقطة بيع وإعداد إيصال بصيغة JSON يحل محل تصميم الإيصال العام لذلك الفرع. فارغ = يستخدم الفرع الإيصال العام."
"Percentage discount cannot exceed 100","لا يمكن أن يتجاوز الخصم بالنسبة المئوية 100"
"Performance indexes missing: {0}","فهارس أداء مفقودة: {0}"
"Person","الشخص"
"Pick a period of one year or less.","اختر فترة لا تتجاوز سنة واحدة."
"Pick a {0} from the list","اختر {0} من القائمة"
"Pick an outlet or a company.","اختر فرعا أو شركة."
"Pick at least one item to take back","اختر صنفا واحدا على الأقل لاسترجاعه"
"Pick the salesperson for this sale.","اختر البائع لهذه العملية."
"Posted At","وقت الترحيل"
"Price / stock checker","فاحص السعر/المخزون"
"Price Book Price","سعر كتاب الأسعار"
"Price List (legacy)","قائمة الأسعار (قديمة)"
"Price cannot be negative","لا يمكن أن يكون السعر سالبا"
"Price for {0} cannot be negative","لا يمكن أن يكون سعر {0} سالبا"
"Price list {0} does not exist","قائمة الأسعار {0} غير موجودة"
"Prices include tax ({0}%): the till shows them as they are and adds nothing at the total.","الأسعار شاملة الضريبة ({0}%): تعرضها نقطة البيع كما هي ولا تضيف شيئا على الإجمالي."
"Promotion","العرض"
"Promotion Type","نوع العرض"
"Promotion {0} does not exist","العرض {0} غير موجود"
"Quantity for {0} must be positive","يجب أن تكون كمية {0} أكبر من صفر"
"Quantity rewarded per application (cheapest eligible units)","الكمية التي تنال المكافأة في كل تطبيق للعرض (أرخص الوحدات المؤهلة)"
"Quantity the customer must buy to trigger the offer","الكمية التي يجب أن يشتريها العميل لتفعيل العرض"
"Quick Keys","المفاتيح السريعة"
"Quick keys","المفاتيح السريعة"
"Quick keys / favourites","مفاتيح سريعة / مفضلة"
"Raise a Sales Order when goods go on hold, so ERPNext shows the quantity as reserved and another till cannot sell it.","ينشئ أمر بيع عند حجز البضاعة، فيعرض ERPNext الكمية على أنها محجوزة ولا يمكن لصندوق آخر بيعها."
"Rate to company currency","سعر الصرف إلى عملة الشركة"
"Rates fixed for this shift","أسعار الصرف المثبتة لهذه الوردية"
"Reason shown at the till","السبب الظاهر في نقطة البيع"
"Reasons the cashier picks from when refunding an item. Add or remove freely. The till also always offers ""Other"" for a free-text reason.","الأسباب التي يختار منها الكاشير عند استرجاع صنف. أضف أو احذف كما تشاء. وتعرض نقطة البيع دائما أيضا خيار «أخرى» لكتابة سبب نصي حر."
"Receipt Config (JSON)","إعداد الإيصال (JSON)"
"Receipt Custom Fields (JSON)","حقول الإيصال المخصصة (JSON)"
"Receipt Fields","حقول الإيصال"
"Receipt footer","تذييل الإيصال"
"Receipt header","ترويسة الإيصال"
"Receipt layout/density. Compact = tight; Standard = balanced; Detailed = spacious with a full store header + terms block.","تنسيق الإيصال وكثافته. مدمج = متقارب، قياسي = متوازن، مفصل = متباعد مع ترويسة كاملة للمتجر وقسم للشروط."
"Receipt logo","شعار الإيصال"
"Receipt template","قالب الإيصال"
"Record sensitive actions (over-limit discounts, returns, price edits, register open/close) to the LumenPOS Audit Log.","يسجل الإجراءات الحساسة (الخصومات التي تتجاوز الحد، والاسترجاع، وتعديل الأسعار، وفتح الصندوق وإغلاقه) في سجل تدقيق LumenPOS."
"Recorded At","وقت التسجيل"
"Recorded By","سجل بواسطة"
"Redeem","استخدام"
"Reference Invoice","الفاتورة المرجعية"
"Reference label","تسمية المرجع"
"Refund","استرجاع"
"Refund Method Rules","قواعد طرق الاسترجاع"
"Refund as {0}","استرجاع عبر {0}"
"Refunded","مسترجعة"
"Refunded without a connection: the till paid out {0}, ERPNext's figure is {1}.","تم الرد دون اتصال: دفع الصندوق {0}، والمبلغ في ERPNext هو {1}."
"Refunds","رد المبلغ"
"Refunds may only go back to a payment method the customer actually used on the original sale (plus Store Credit). Add rules below to allow extra refund methods per paid method.","لا يمكن رد المبلغ إلا إلى طريقة دفع استخدمها العميل فعليا في البيع الأصلي (إضافة إلى رصيد المتجر). أضف قواعد أدناه للسماح بطرق استرجاع إضافية لكل طريقة دفع مستخدمة."
"Register Session","جلسة الصندوق"
"Register page, Retry, or wait for the next background run.","صفحة الصندوق ثم إعادة المحاولة، أو انتظر التشغيل الخلفي التالي."
"Register page, Retry. If it fails again, send this screen.","صفحة الصندوق ثم إعادة المحاولة. إذا فشلت مرة أخرى فأرسل صورة هذه الصفحة."
"Register session is already closed","جلسة الصندوق مغلقة بالفعل"
"Register session is not open","جلسة الصندوق غير مفتوحة"
"Register still open: {0}","الصندوق ما زال مفتوحا: {0}"
"Register {0} already has an open session ({1})","توجد جلسة مفتوحة بالفعل على الصندوق {0} ({1})"
"Register {0} already has an open session ({1}).","توجد جلسة مفتوحة بالفعل على الصندوق {0} ({1})."
"Register {0} has a previous shift ({1}) whose closing is still finalising or has failed. Retry that closing before opening a new shift.","للصندوق {0} وردية سابقة ({1}) ما زال إغلاقها قيد الإنهاء أو فشل. أعد محاولة إغلاقها قبل فتح وردية جديدة."
"Reprint a receipt","إعادة طباعة الإيصال"
"Request","الطلب"
"Request not found.","الطلب غير موجود."
"Request only","بالطلب فقط"
"Requested Discount (%)","الخصم المطلوب (%)"
"Require Order ID","اشتراط رقم الطلب"
"Require a transaction reference","اشتراط مرجع العملية"
"Require scanning for serial numbers (block manual typing)","اشتراط مسح الأرقام التسلسلية (منع الإدخال اليدوي)"
"Required","مطلوب"
"Requires Coupon Code","يتطلب رمز كوبون"
"Reserve the goods on hold","احجز الكمية فعليا"
"Reset Code Hash","تجزئة رمز إعادة التعيين"
"Reset Expires","انتهاء رمز إعادة التعيين"
"Restrict refunds to the original payment method","تقييد الاسترجاعات بطريقة الدفع الأصلية"
"Restrict till actions to staff holding a role. Leave a role blank to allow everyone. System / LumenPOS Managers always pass.","اقصر إجراءات الصندوق على الموظفين الذين لديهم دور معين. اترك الدور فارغا للسماح للجميع. يسمح دائما لمديري النظام ومديري LumenPOS."
"Resulting Invoice","الفاتورة الناتجة"
"Retrieved","مسترجع"
"Return Invoice","الفاتورة المسترجعة"
"Return Reason","سبب الاسترجاع"
"Return Reasons","أسباب الاسترجاع"
"Return approval isn't required, returns are open.","لا يلزم اعتماد للاسترجاع، فالاسترجاع متاح."
"Return past the window","الاسترجاع بعد انتهاء المدة"
"Return policy / terms printed at the bottom of the receipt.","سياسة الاسترجاع أو الشروط التي تطبع في أسفل الإيصال."
"Return window (days)","فترة الاسترجاع (أيام)"
"Returns are allowed within {0} days, this invoice is {1} days old. Send a return approval request to continue.","يسمح بالاسترجاع خلال {0} يوما، ومضى على هذه الفاتورة {1} يوما. أرسل طلب اعتماد استرجاع للمتابعة."
"Returns without a connection","الاسترجاع دون اتصال"
"Returns without a connection are switched off in LumenPOS Settings. Make this return again from Sales History.","الاسترجاع دون اتصال موقوف في إعدادات LumenPOS. نفذ هذا الاسترجاع مرة أخرى من سجل المبيعات."
"Reverse","عكس"
"Reward","المكافأة"
"Reward Value","قيمة المكافأة"
"Reward Value must be greater than zero","يجب أن تكون قيمة المكافأة أكبر من صفر"
"Row {0}: Qty must be at least 1","الصف {0}: يجب ألا تقل الكمية عن 1"
"Row {0}: bundle Qty must be at least 1","الصف {0}: يجب ألا تقل كمية الباقة عن 1"
"Row {0}: invalid price '{1}'","الصف {0}: السعر «{1}» غير صالح"
"Row {0}: item '{1}' not found","الصف {0}: الصنف «{1}» غير موجود"
"Row {0}: no price for {1}","الصف {0}: لا يوجد سعر للصنف {1}"
"Row {0}: set the {1} field","الصف {0}: املأ حقل {1}"
"Row {0}: {1} is serialized, serialized items cannot be sold in bundles","الصف {0}: الصنف {1} له أرقام تسلسلية، ولا يمكن بيع الأصناف ذات الأرقام التسلسلية ضمن الباقات"
"Runs on {0}","يعمل يوم {0}"
"Sale","بيع"
"Sale type","نوع البيع"
"Sale {0} not found","عملية البيع {0} غير موجودة"
"Sales older than 3 days not in the books: {0}","مبيعات أقدم من 3 أيام غير مسجلة في الحسابات: {0}"
"Sales, search and shift reports slow down on a large site.","تبطؤ المبيعات والبحث وتقارير الورديات في الموقع الكبير."
"Salesperson at the till","البائع في نقطة البيع"
"Salesperson required","البائع إلزامي"
"Scan or type a serial number","امسح الرقم التسلسلي أو اكتبه"
"See sales by salesperson","عرض المبيعات حسب البائع"
"See the system check","عرض فحص النظام"
"Select a customer (or set a default customer on the POS Profile)","اختر عميلا (أو حدد عميلا افتراضيا في ملف نقطة البيع)"
"Select an outlet","اختر فرعا"
"Select at least one item to return","اختر صنفا واحدا على الأقل للاسترجاع"
"Select the invoice to return.","اختر الفاتورة المراد استرجاعها."
"Selected Customer Groups","مجموعات عملاء محددة"
"Selected items were not found on the original sale","الأصناف المختارة غير موجودة في البيع الأصلي"
"Sell in other currencies","البيع بعملات أخرى"
"Send queued sales in the background","إرسال المبيعات المنتظرة في الخلفية"
"Send this screen with the Error Log entries (ERPNext, Error Log).","أرسل صورة هذه الصفحة مع قيود سجل الأخطاء (ERPNext، Error Log)."
"Send this screen. The jobs run again on their own.","أرسل صورة هذه الصفحة. ستعمل المهام مرة أخرى من تلقاء نفسها."
"Separate per company","منفصل لكل شركة"
"Serial numbers must be SCANNED with a barcode scanner, manual typing is rejected at the till. Turn off if a scanner is unavailable.","يجب مسح الأرقام التسلسلية بماسح الباركود، ويرفض الصندوق الإدخال اليدوي. أوقف هذا الخيار إذا لم يتوفر ماسح."
"Serial {0} belongs to {1}","الرقم التسلسلي {0} يخص الصنف {1}"
"Serial {0} came back on {1}, and ERPNext holds it until the shift close books that sale","الرقم التسلسلي {0} أعيد في {1}، ويبقيه ERPNext محجوزا حتى يرحل إغلاق الوردية ذلك البيع"
"Serial {0} does not exist","الرقم التسلسلي {0} غير موجود"
"Serial {0} is already sold on {1}, which the shift close has not booked yet","الرقم التسلسلي {0} مباع مسبقا في {1}، ولم يرحلها إغلاق الوردية بعد"
"Serial {0} is held by a sale the shift close has not booked yet","الرقم التسلسلي {0} محجوز لبيع لم يرحله إغلاق الوردية بعد"
"Serial {0} is in {1}, not this register's warehouse","الرقم التسلسلي {0} موجود في {1}، وليس في مستودع هذا الصندوق"
"Serial {0} is not in stock ({1})","الرقم التسلسلي {0} غير متوفر في المخزون ({1})"
"Serial {0} is scanned twice in this sale","تم مسح الرقم التسلسلي {0} مرتين في هذا البيع"
"Serial {0} is selected twice","تم اختيار الرقم التسلسلي {0} مرتين"
"Serial {0} was already returned","سبق استرجاع الرقم التسلسلي {0}"
"Serial {0} was not sold on this invoice","الرقم التسلسلي {0} غير مباع في هذه الفاتورة"
"Service Charge Account","حساب رسوم الخدمة"
"Service charge","رسوم الخدمة"
"Service charge (%)","رسوم الخدمة (%)"
"Service charge ({0}%)","رسوم الخدمة ({0}%)"
"Service charge account (global fallback)","حساب رسوم الخدمة (الافتراضي العام)"
"Session Totals","إجماليات الجلسة"
"Set a Coupon Code or untick 'Requires Coupon Code'","أدخل رمز كوبون أو ألغ تحديد «يتطلب رمز كوبون»"
"Set a Service charge account for {0} in LumenPOS Settings → Company Accounts (or the global default).","حدد حساب رسوم الخدمة للشركة {0} في إعدادات LumenPOS ← حسابات الشركة (أو الحساب الافتراضي العام)."
"Set automatically once the use limit is reached.","يتم تحديده تلقائيا عند بلوغ حد الاستخدام."
"Set both Start Time and End Time, or neither","حدد وقت البدء ووقت الانتهاء معا، أو اتركهما فارغين"
"Set by the daily update: per company currency, the published rate, the rate used, when, and any error.","يملؤه التحديث اليومي: لكل عملة شركة السعر المنشور، والسعر المعتمد، ووقت التحديث، وأي خطأ."
"Set up automatically, with a cash account in this currency.","ينشأ تلقائيا، مع حساب نقدية بهذه العملة."
"Set up automatically: the customer a walk-in who pays in this currency is billed to.","ينشأ تلقائيا: العميل الذي تسجل عليه فاتورة العميل النقدي الذي يدفع بهذه العملة."
"Settings are consistent","الإعدادات متسقة"
"Settings, General, Other currencies: fix the reason and save.","الإعدادات، عام، العملات الأخرى: عالج السبب ثم احفظ."
"Settings, Status, Rebuild missing indexes.","الإعدادات، الحالة، إعادة بناء الفهارس المفقودة."
"Several cashiers on one outlet each need their own POS Profile on ERPNext 16.","إذا عمل أكثر من كاشير في فرع واحد، فيحتاج كل منهم في ERPNext 16 إلى ملف نقطة بيع خاص به."
"Shared by the group","مشترك للمجموعة"
"Shift already open","الوردية مفتوحة بالفعل"
"Shift from an earlier day","وردية من يوم سابق"
"Shift {0} is still being closed ({1}): retry its close from the Register screen.","ما زال إغلاق الوردية {0} جاريا ({1}): أعد محاولة إغلاقها من شاشة الصندوق."
"Shift {0} recorded cash movements and can't be deleted. Cancel it instead.","للوردية {0} حركات نقدية مسجلة، ولا يمكن حذفها. ألغها بدلا من ذلك."
"Shifts","الورديات"
"Shifts open for more than a day: {0}","ورديات مفتوحة منذ أكثر من يوم: {0}"
"Shifts stuck in Closing: {0}","ورديات عالقة قيد الإغلاق: {0}"
"Shifts with an ERPNext day past midnight still to post: {0}","ورديات لها يوم في ERPNext بعد منتصف الليل لم يسجل بعد: {0}"
"Show a Favourites grid of one-tap items on the sell screen.","أظهر شبكة مفضلة بأصناف تضاف بنقرة واحدة في شاشة البيع."
"Show a Price check button to look up an item's price + stock without selling it.","أظهر زر فحص السعر للاطلاع على سعر الصنف ومخزونه دون بيعه."
"Show an Email receipt button so a copy can be sent to the customer's email.","أظهر زر إرسال الإيصال بالبريد لإرسال نسخة إلى بريد العميل."
"Show item barcode","إظهار باركود الصنف"
"Show item code","إظهار رمز الصنف"
"Show out-of-stock items in the grid","إظهار الأصناف غير المتوفرة في الشبكة"
"Show payment method lines","إظهار أسطر طرق الدفع"
"Show serial numbers","إظهار الأرقام التسلسلية"
"Show stock items that are out of stock (qty 0 or less) in the sell grid. Off = only items with stock are shown (non-stock items like services always show).","إظهار الأصناف المخزنية التي نفد مخزونها (الكمية 0 أو أقل) في شبكة البيع. إيقاف = تظهر الأصناف المتوفرة فقط (الأصناف غير المخزنية مثل الخدمات تظهر دائما)."
"Show store address","إظهار عنوان المتجر"
"Show tax / VAT ID","إظهار الرقم الضريبي"
"Show terms & conditions","إظهار الشروط والأحكام"
"Show the equivalent on local sales","عرض المعادل في مبيعات العملة المحلية"
"Show the sale note","إظهار ملاحظة البيع"
"Show unit price (qty × rate)","إظهار سعر الوحدة (الكمية × السعر)"
"Show what is new after an update","عرض الجديد بعد كل تحديث"
"Shown on the invoice when this person approves a discount, e.g. Manager Khobar","يظهر على الفاتورة عندما يعتمد هذا الشخص خصما، مثال: مدير الخبر"
"Sign in as Administrator to build demo data.","سجل الدخول بحساب Administrator لإنشاء البيانات التجريبية."
"Simple Discount","خصم بسيط"
"Single Use","استخدام واحد"
"Slow sales logged in the last 7 days: {0}","عمليات بيع بطيئة سجلت خلال آخر 7 أيام: {0}"
"Smallest first payment, as a percentage of the total. 0 = any amount.","أقل دفعة أولى، كنسبة مئوية من الإجمالي. 0 = أي مبلغ."
"Snapshot of the cart as JSON","لقطة من السلة بصيغة JSON"
"Spend and Save","أنفق ووفر"
"Spent at","صرف في"
"Stackable promotions combine with each other. Non-stackable promotions compete and only the best one applies.","العروض القابلة للدمج تجتمع معا. أما العروض غير القابلة للدمج فتتنافس، ويطبق أفضلها فقط."
"Standard Price","السعر القياسي"
"Starts","يبدأ"
"Status is Active","الحالة: نشط"
"Stock Settings, Auto Insert Item Price If Missing is on: a sale of an item with no price in the price list writes that sale's rate into it.","خيار Auto Insert Item Price If Missing في Stock Settings مفعل: عند بيع صنف ليس له سعر في قائمة الأسعار يكتب سعر هذه العملية فيها."
"Store Credit","رصيد المتجر"
"Store address","عنوان المتجر"
"Store credit balance is too low to redeem {0}","رصيد المتجر غير كاف لصرف {0}"
"Store credit balance is {0}, cannot redeem {1}","رصيد المتجر {0}، ولا يمكن صرف {1}"
"Store credit refunds","الاسترجاع إلى رصيد المتجر"
"Stuck shifts are not retried, nightly cashback, rates and settlements do not run.","لا يعاد تشغيل الورديات العالقة، ولا تعمل مهام الكاش باك وأسعار الصرف والتسويات الليلية."
"Switch on automatic exchange rates first, and save.","فعل التحديث التلقائي لأسعار الصرف أولا، ثم احفظ."
"Taken By","مستلم الدفعة"
"Tax ({0}%) is added on top of prices: the till shows prices before tax and adds it at the total.","تضاف الضريبة ({0}%) فوق الأسعار: تعرض نقطة البيع الأسعار قبل الضريبة وتضيفها على الإجمالي."
"Tax / VAT ID","الرقم الضريبي"
"Tax template {0}: some rows are included in prices and some are added on top.","قالب الضريبة {0}: بعض البنود شاملة في الأسعار وبعضها يضاف فوقها."
"Tax the outlet will add on top of the held prices at hand-over. Zero where the price list already includes it.","الضريبة التي يضيفها الفرع فوق الأسعار المثبتة في الحجز عند التسليم. تكون صفرا إذا كانت قائمة الأسعار تشملها أصلا."
"Terms & conditions","الشروط والأحكام"
"Thank you for your purchase. Your receipt {0} is attached.","شكرا لشرائك. إيصالك {0} مرفق."
"That code has expired. Ask for a new one.","انتهت صلاحية هذا الرمز. اطلب رمزا جديدا."
"That code is not right.","هذا الرمز غير صحيح."
"That current PIN is not right.","الرمز السري الحالي غير صحيح."
"That is more than the {0} still owed on this hold.","هذا المبلغ يتجاوز المتبقي على هذا الحجز ({0})."
"The POS Opening Entry {0} of this shift was cancelled in ERPNext, so the shift closes against its amendment {1}.","تم إلغاء قيد فتح نقطة البيع {0} لهذه الوردية في ERPNext، لذلك تغلق الوردية على نسخته المعدلة {1}."
"The POS sale that took this instalment, its line posts to the deposit liability account.","عملية البيع في نقطة البيع التي استلمت هذه الدفعة، ويرحل سطرها إلى حساب التزام الدفعات."
"The Sales Order that reserves the goods while the hold is open.","أمر البيع الذي يحجز البضاعة ما دام الحجز مفتوحا."
"The approval is {0}, not approved.","حالة طلب الاعتماد: {0}، وهو غير معتمد."
"The approval's register session has closed.","جلسة الصندوق الخاصة بهذا الاعتماد مغلقة."
"The approved discount ({0}%) is below the {1}% on this sale.","الخصم المعتمد ({0}%) أقل من خصم {1}% في هذا البيع."
"The automatic rate for {0} did not update","لم يتحدث سعر الصرف التلقائي لعملة {0}"
"The cashback expense account must be an Expense account, and {0} is {1}","يجب أن يكون حساب مصروف الكاش باك من حسابات المصروفات، والحساب {0} من نوع {1}"
"The cashback liability account must be a Liability account, and {0} is {1}","يجب أن يكون حساب التزام الكاش باك من حسابات الالتزامات، والحساب {0} من نوع {1}"
"The cashier must enter the terminal / transfer reference before the sale can complete.","يجب أن يدخل الكاشير مرجع الجهاز أو التحويل قبل إتمام البيع."
"The cashier's register has closed, this request has expired.","صندوق الكاشير مغلق، لذا انتهت صلاحية هذا الطلب."
"The company that holds the balance: its liability goes down.","الشركة التي تحتفظ بالرصيد: ينخفض التزامها."
"The company whose outlet took the balance as payment and gave the goods.","الشركة التي قبل فرعها الرصيد كدفعة وسلم البضاعة."
"The cost of the cashback program. Earned cashback is debited here, and expired or returned cashback is credited back. Leave empty to create ""Cashback Expense"" under Indirect Expenses.","تكلفة برنامج الكاش باك. يقيد الكاش باك المكتسب مدينا في هذا الحساب، ويقيد المنتهي أو المرتجع منه دائنا. اتركه فارغا لإنشاء حساب «Cashback Expense» تحت المصروفات غير المباشرة (Indirect Expenses)."
"The daily summary Journal Entry that booked this row to the accounts. Empty until it is posted. Redeem rows stay empty: the sale's payment books them.","قيد اليومية الذي يلخص حركات اليوم وسجل هذا السطر في الحسابات. يبقى فارغا حتى يرحل السطر. تبقى أسطر صرف الكاش باك فارغة، لأن دفعة البيع هي التي تسجلها."
"The file has no rows","الملف لا يحتوي على صفوف"
"The goods coming back are worth more than the new ones. Choose how to refund {0}.","قيمة الأصناف المرتجعة أكبر من قيمة الأصناف الجديدة. اختر طريقة رد {0}."
"The item a deposit is taken on. Blank = LumenPOS creates LUMENPOS-DEPOSIT.","الصنف الذي تستلم عليه الدفعة. فارغ = ينشئ LumenPOS الصنف LUMENPOS-DEPOSIT."
"The languages a cashier can pick at the till, one ERPNext language code per line (en, ar ...). Empty = every language LumenPOS ships, including ones a later update adds. English is always offered. Set from the till: Settings, General, Languages.","اللغات التي يستطيع الكاشير اختيارها في الصندوق، رمز لغة ERPNext واحد في كل سطر (en، ar ...). فارغ = كل اللغات التي يوفرها LumenPOS، ومنها ما يضيفه تحديث لاحق. الإنجليزية متاحة دائما. تضبط من الصندوق: الإعدادات، عام، اللغات."
"The last rate is kept. Settings, Other currencies, Update now.","يبقى آخر سعر صرف. الإعدادات، العملات الأخرى، حدث الآن."
"The margin for {0} must be from 0 to less than 100%.","يجب أن يكون الهامش لعملة {0} من 0 إلى أقل من 100%."
"The new items come to {0}, {1} is covered by the return, so {2} is due but {3} was entered.","إجمالي الأصناف الجديدة {0}، ويغطي الاسترجاع منه {1}، فيكون المستحق {2}، لكن المبلغ المدخل {3}."
"The outlet the cashback was earned at. Expire and Reverse rows keep the outlet of the Earn row they come from.","الفرع الذي اكتسب فيه الكاش باك. تحتفظ أسطر الانتهاء والعكس بفرع سطر الكسب الذي نشأت منه."
"The payment method {0} already exists, and its account for {1} ({2}) is in {3}, not {4}. Give it a {4} account, or rename it, so the {4} cash drawer can be set up.","طريقة الدفع {0} موجودة بالفعل، وحسابها لدى {1} ({2}) بعملة {3} وليس {4}. اجعل حسابها بعملة {4} أو أعد تسميتها، حتى يمكن تجهيز درج النقد بعملة {4}."
"The promotion only applies when the cashier enters this coupon code at the till","لا يطبق العرض إلا عندما يدخل الكاشير رمز الكوبون هذا في الصندوق"
"The qualifying items must total at least this to earn cashback","يجب ألا يقل إجمالي الأصناف المؤهلة عن هذا المبلغ لكسب الكاش باك"
"The rate must be more than 0.","يجب أن يكون السعر أكبر من 0."
"The rates service answered: {0}","رد خدمة أسعار الصرف: {0}"
"The rates service has no rate for {0}.","لا يوجد لدى خدمة أسعار الصرف سعر لعملة {0}."
"The refund split adds up to {0} but the refund is {1}.","مجموع تقسيم الاسترجاع {0}، لكن مبلغ الاسترجاع {1}."
"The refund split adds up to {0} but {1} is left over after the new items.","مجموع تقسيم الاسترجاع {0}، لكن المتبقي بعد الأصناف الجديدة {1}."
"The sale doctype this entry came from. LumenPOS posts POS Invoices by default, but a profile can be set to post Sales Invoices instead.","نوع مستند البيع الذي نشأت منه هذه الحركة. يرحل LumenPOS فواتير نقطة البيع افتراضيا، ويمكن ضبط ملف نقطة البيع لترحيل فواتير المبيعات بدلا منها."
"The sale this return takes back has not reached the server yet. It goes first, then this return.","لم تصل البيعة التي يسترجعها هذا الاسترجاع إلى الخادم بعد. ترسل البيعة أولا ثم هذا الاسترجاع."
"The till has NOT been closed automatically, a close without a real cash count is worthless.","لم يغلق الصندوق تلقائيا، لأن الإغلاق دون عد فعلي للنقد لا قيمة له."
"The till values this currency this much below the published rate, the way a shop taking it at a market rate does.","يحتسب الصندوق هذه العملة أقل من السعر المنشور بهذه النسبة، كما يفعل المحل الذي يقبلها بسعر السوق."
"Their sales are not in the books yet.","مبيعاتها لم تسجل في الحسابات بعد."
"There is no exchange rate from {0} to {1}. Set it in LumenPOS Settings, General, Other currencies.","لا يوجد سعر صرف من {0} إلى {1}. حدده من إعدادات LumenPOS، عام، العملات الأخرى."
"These items are never taken back: {0}","هذه الأصناف لا تسترجع نهائيا: {0}"
"These items need an approved return request: {0}","هذه الأصناف تحتاج إلى طلب استرجاع معتمد: {0}"
"These items sell at the price set here while this book is active (by validity + priority). Items not listed keep their normal selling price.","تباع هذه الأصناف بالسعر المحدد هنا ما دام هذا الكتاب نشطا (حسب الصلاحية والأولوية). الأصناف غير المدرجة تبقى على سعر بيعها العادي."
"These items were sold together (bundle/offer) and must be returned together: {0}. Use Exchange for a partial swap.","بيعت هذه الأصناف معا (باقة أو عرض) ويجب استرجاعها معا: {0}. استخدم الاستبدال لاستبدال جزء منها."
"They should run every 10 minutes. The workers may be stopped.","يفترض أن تعمل كل 10 دقائق. قد تكون العمليات الخلفية متوقفة."
"This approval is for a {0}, not a {1}.","هذا الاعتماد مخصص لطلب {0} وليس لطلب {1}."
"This approval was already used.","سبق استخدام هذا الاعتماد."
"This approval was issued to another cashier.","هذا الاعتماد صادر لكاشير آخر."
"This coupon's promotion isn't available right now","عرض هذا الكوبون غير متاح حاليا"
"This discount is within the {0}% limit, no approval needed.","هذا الخصم ضمن حد {0}%، ولا يحتاج إلى اعتماد."
"This hold is {0}","حالة هذا الحجز: {0}"
"This payment method cannot be used when the cart contains a matching item.","لا يمكن استخدام طريقة الدفع هذه عندما تحتوي السلة على صنف مطابق."
"This person passes, whatever roles they hold.","يسمح لهذا الشخص أيا كانت أدواره."
"This register is being closed. Reopen it (or wait for the close to finish) before ringing up this sale.","هذا الصندوق قيد الإغلاق. أعد فتحه (أو انتظر حتى ينتهي الإغلاق) قبل تسجيل هذا البيع."
"This request was already {0}.","تمت معالجة هذا الطلب من قبل، وحالته: {0}."
"This return approval is for invoice {0}.","اعتماد الاسترجاع هذا خاص بالفاتورة {0}."
"This return was refunded without a connection as {0}, but ERPNext calculated {1}. Check the sale and make the return again from Sales History.","تم رد {0} في هذا الاسترجاع دون اتصال، لكن ERPNext حسب {1}. راجع البيعة ونفذ الاسترجاع مرة أخرى من سجل المبيعات."
"This role (plus managers) may return a sale past the return window WITHOUT an approval request. Blank = nobody bypasses (everyone uses the request flow).","يستطيع هذا الدور (والمديرون) استرجاع البيع بعد انتهاء فترة الاسترجاع دون طلب اعتماد. فارغ = لا أحد يتجاوزها (الجميع يستخدم مسار الطلب)."
"This sale was paid by {0}, so it can only be refunded to: {1}. Adjust the refund methods in LumenPOS Settings if needed.","تم دفع هذا البيع عبر {0}، لذا لا يمكن استرجاعه إلا إلى: {1}. عدل طرق الاسترجاع من إعدادات LumenPOS عند الحاجة."
"This sale was rung up as {0} but ERPNext calculated {1} (short by {2}). This is usually a price-list or VAT mismatch. Check that every item is priced on the active price list and that the VAT template's 'included in rate' flag matches your shelf prices (Settings → Status).","تم تسجيل هذا البيع بمبلغ {0} لكن ERPNext احتسبه {1} (بنقص {2}). السبب عادة عدم تطابق في قائمة الأسعار أو ضريبة القيمة المضافة. تأكد أن كل صنف له سعر في قائمة الأسعار النشطة، وأن خيار «مشمولة في السعر» في قالب ضريبة القيمة المضافة يطابق أسعار الرفوف لديك (الإعدادات ← الحالة)."
"This sale was rung up at {0}, but the shift sells {1} at {2}. Ring it up again.","تم تسجيل هذه البيعة بسعر {0}، لكن الوردية تبيع {1} بسعر {2}. سجلها مرة أخرى."
"This shift belongs to {0}. Only the cashier who opened the register can sell on it. Close that shift and open your own.","هذه الوردية تخص {0}. لا يبيع عليها إلا الكاشير الذي فتح الصندوق. أغلق تلك الوردية وافتح ورديتك."
"This shift was opened on {0}. ERPNext 16 accepts sales only on a shift opened today: close this shift on the Register screen and open a new one.","تم فتح هذه الوردية في {0}. لا يقبل ERPNext 16 المبيعات إلا على وردية فتحت اليوم: أغلق هذه الوردية من شاشة الصندوق وافتح وردية جديدة."
"This shop asks for at least {0}% down, which is {1}.","هذا المحل يطلب دفعة أولى لا تقل عن {0}%، أي {1}."
"This site already has {0} posted POS invoices, so it does not look like an empty demo site. Nothing was created.","يحتوي هذا الموقع بالفعل على {0} من فواتير نقطة البيع المرحلة، لذا لا يبدو موقعا تجريبيا فارغا. لم يتم إنشاء أي شيء."
"This version of Lumen Reports does not include the LumenPOS dashboard yet. Update Lumen Reports, then try again.","هذه النسخة من Lumen Reports لا تتضمن لوحة LumenPOS بعد. حدث Lumen Reports ثم حاول مرة أخرى."
"Tick to EXCLUDE these products instead of including them (e.g. all products except this brand)","حدد هذا الخيار لاستبعاد هذه المنتجات بدلا من تضمينها (مثال: كل المنتجات عدا هذه العلامة التجارية)"
"Times Used","مرات الاستخدام"
"To let customers pay with loyalty points, tick 'Allow Partial Payment' on the POS Profile {0}. This version of ERPNext counts only cash and card towards the total, so it rejects a sale that is part points even though the sale is fully settled. LumenPOS still checks every sale adds up before it posts.","للسماح للعملاء بالدفع بنقاط الولاء، فعل «السماح بتسديد جزئي» في ملف نقطة البيع {0}. هذا الإصدار من ERPNext لا يحتسب ضمن الإجمالي إلا النقد والبطاقة، لذا يرفض البيع المدفوع جزئيا بالنقاط رغم أنه مسدد بالكامل. ويظل LumenPOS يتحقق من تطابق مبالغ كل بيع قبل ترحيله."
"Too many attempts, wait a minute and try again.","محاولات كثيرة، انتظر دقيقة ثم حاول مرة أخرى."
"Too many attempts, wait a moment and try again.","محاولات كثيرة، انتظر قليلا ثم حاول مرة أخرى."
"Total Discounts","إجمالي الخصومات"
"Total Sales","إجمالي المبيعات"
"Turn till features on or off. Each control is independent.","فعل ميزات الصندوق أو عطلها. كل عنصر تحكم مستقل."
"Unknown delivery app {0}. Add it in LumenPOS Settings","تطبيق التوصيل {0} غير معروف. أضفه من إعدادات LumenPOS"
"Unknown item {0}","الصنف {0} غير معروف"
"Unknown request type {0}","نوع الطلب {0} غير معروف"
"Unlocked by {0}","فتح القفل: {0}"
"Update exchange rates automatically","تحديث أسعار الصرف تلقائيا"
"Usable After (days)","قابل للاستخدام بعد (أيام)"
"Usable From","قابل للاستخدام من"
"Use Limit","حد الاستخدام"
"Used At","وقت الاستخدام"
"Used On (Invoice)","فاتورة الاستخدام"
"Used when the outlet has no shift schedule.","يستخدم عندما لا يكون للفرع جدول ورديات."
"Users holding this role (plus LumenPOS/System Managers) can approve discount AND return requests. Requests can only be approved while the cashier's register is still open.","يستطيع أصحاب هذا الدور (إضافة إلى مديري LumenPOS ومديري النظام) اعتماد طلبات الخصم وطلبات الاسترجاع معا. لا يمكن اعتماد الطلبات إلا ما دام صندوق الكاشير مفتوحا."
"Usually fine. If something stops working after an ERPNext update, send this screen.","لا مشكلة في الغالب. إذا توقف شيء عن العمل بعد تحديث ERPNext فأرسل صورة هذه الصفحة."
"Valid For (days)","مدة الصلاحية (أيام)"
"Valid To","صالح حتى"
"Valid To cannot be before Valid From","لا يمكن أن يكون تاريخ «صالح حتى» قبل تاريخ «صالح من»"
"Valid Until","صالح حتى"
"Variance threshold","حد الفرق"
"Walk-in customer","العميل النقدي"
"Warn when offline sales are not protected","التنبيه عندما تكون المبيعات دون اتصال غير محمية"
"What is being approved","ما يطلب اعتماده"
"What the company owes customers in unspent cashback. Earned cashback is credited here and spent cashback is debited. Leave empty to create ""Cashback"" under Current Liabilities.","ما تدين به الشركة للعملاء من كاش باك لم يصرف بعد. يقيد الكاش باك المكتسب دائنا في هذا الحساب، ويقيد المصروف منه مدينا. اتركه فارغا لإنشاء حساب «Cashback» تحت الالتزامات المتداولة (Current Liabilities)."
"What the customer pays in the end, tax and all.","ما يدفعه العميل في النهاية، شاملا الضريبة وكل شيء."
"What this rule refuses to take back.","ما ترفض هذه القاعدة استرجاعه."
"What to call it at the till, e.g. ""Approval code"" or ""Transfer no."". Defaults to ""Reference"".","التسمية التي تظهر في الصندوق، مثل «رمز الموافقة» أو «رقم التحويل». الافتراضي «مرجع»."
"When several price books apply, the highest priority wins","عند انطباق عدة كتب أسعار، تفوز الأولوية الأعلى"
"Where it applies","نطاق التطبيق"
"Which price the discount is calculated from. Price Book Price stacks on an active price book. Standard Price discounts from the regular price and gives the customer the lower of the two (never stacks with a price book).","السعر الذي يحتسب منه الخصم. مع «سعر كتاب الأسعار» يضاف الخصم فوق كتاب أسعار نشط. ومع «السعر القياسي» يخصم من السعر العادي ويحصل العميل على الأقل بين السعرين (ولا يجتمع أبدا مع كتاب أسعار)."
"Which sale is being exchanged?","ما البيع الذي يجري الاستبدال عليه؟"
"Who can do what","من يقوم بكل إجراء"
"Who may do what at the till. A capability with no row here is open to everyone (except returning past the window, which stays closed unless named). Managers always pass.","من يحق له القيام بكل إجراء في الصندوق. أي إجراء ليس له صف هنا متاح للجميع (باستثناء الاسترجاع بعد انتهاء المدة، فيبقى مغلقا ما لم تحدد له دورا أو شخصا). يسمح دائما للمديرين."
"Wrong approver passcode for the {0}% discount.","رمز مرور المعتمد غير صحيح لخصم {0}%."
"X-report (mid-shift read)","تقرير X (قراءة منتصف الوردية)"
"You are not allowed to approve requests.","غير مسموح لك باعتماد الطلبات."
"You are not allowed to close a register","غير مسموح لك بإغلاق الصندوق"
"You are not allowed to exchange goods","غير مسموح لك بالاستبدال"
"You are not allowed to hold goods for a customer","غير مسموح لك بحجز أصناف لعميل"
"You are not allowed to open a register","غير مسموح لك بفتح الصندوق"
"You are not allowed to put money in or take it out","غير مسموح لك بإيداع النقد أو سحبه"
"You are not allowed to reprint a receipt","غير مسموح لك بإعادة طباعة الإيصال"
"You are not assigned to outlet {0}. Ask an administrator to add you under Applicable for Users.","لم يتم تعيينك في الفرع {0}. اطلب من المسؤول إضافتك ضمن «ينطبق على المستخدمين»."
"You are not permitted to close a register","ليس لديك صلاحية لإغلاق الصندوق"
"You are not permitted to make sales","ليس لديك صلاحية لإجراء المبيعات"
"You are not permitted to open a register","ليس لديك صلاحية لفتح الصندوق"
"You are not permitted to view customers.","ليس لديك صلاحية لعرض العملاء."
"You are not permitted to work with {0}","ليس لديك صلاحية للعمل على {0}"
"You are not permitted to {0} {1}.","ليس لديك الصلاحية المطلوبة ({0}) على {1}."
"You can only manage your own register","يمكنك إدارة صندوقك فقط"
"You can't approve your own request, another approver must.","لا يمكنك اعتماد طلبك بنفسك، يجب أن يعتمده معتمد آخر."
"You cannot see {0}'s figures","لا يمكنك الاطلاع على أرقام {0}"
"You do not have access to the POS. Ask an administrator to grant you the LumenPOS Cashier role (or POS Invoice access).","ليس لديك وصول إلى نقطة البيع. اطلب من المسؤول منحك دور LumenPOS Cashier (أو صلاحية على فاتورة نقطة البيع)."
"You're not allowed to change prices at this outlet ({0} costs {1}).","غير مسموح لك بتغيير الأسعار في هذا الفرع (سعر {0} هو {1})."
"You're not allowed to edit prices or apply discounts on a sale.","غير مسموح لك بتعديل الأسعار أو تطبيق الخصومات على البيع."
"You're not allowed to make returns.","غير مسموح لك بتنفيذ الاسترجاع."
"You're not allowed to see sales by salesperson.","غير مسموح لك بعرض المبيعات حسب البائع."
"You're not allowed to see the system check.","غير مسموح لك بعرض فحص النظام."
"You're not allowed to see {0}.","غير مسموح لك بعرض {0}."
"Your LumenPOS PIN reset code","رمز إعادة تعيين الرمز السري في LumenPOS"
"Your VAT / tax registration number.","رقمك الضريبي أو رقم تسجيلك في ضريبة القيمة المضافة."
"Your receipt from {0}, {1}","إيصالك من {0}، {1}"
"Your user has no email address. Ask an administrator to reset your PIN.","لا يوجد بريد إلكتروني لمستخدمك. اطلب من المسؤول إعادة تعيين رمزك السري."
"its warehouse belongs to another company","مستودعه يتبع شركة أخرى"
"late return approved by {0}","استرجاع متأخر اعتمده {0}"
"made without a connection","تم دون اتصال"
"no payment methods","لا توجد طرق دفع"
"no price list","لا توجد قائمة أسعار"
"no reason recorded","لم يسجل سبب"
"no warehouse","لا يوجد مستودع"
"not scheduled","غير مجدول"
"the close has not finished","لم ينته الإغلاق بعد"
"the till paid out {0}","دفع الصندوق {0}"
"transaction reference","مرجع العملية"
"{0} '{1}' does not exist. Pick it from the dropdown list","لم يعثر على {0} «{1}». اختر القيمة من القائمة المنسدلة"
"{0} are in {1} only, and this customer buys in {2}.","{0} بعملة {1} فقط، وهذا العميل يشتري بعملة {2}."
"{0} can't be used for this sale ({1}). Choose another payment method.","لا يمكن استخدام {0} في هذا البيع ({1}). اختر طريقة دفع أخرى."
"{0} can't be used to refund this sale. Allowed: {1}.","لا يمكن استخدام {0} لاسترجاع هذا البيع. المسموح: {1}."
"{0} cannot be returned","لا يمكن استرجاع {0}"
"{0} does not let prices be changed at the till. Tick Allow User to Edit Rate on its POS Profile to allow it.","لا يسمح {0} بتغيير الأسعار في نقطة البيع. فعل خيار Allow User to Edit Rate في ملف نقطة البيع الخاص به للسماح بذلك."
"{0} has NO price on price list '{1}', a percentage of 0 is 0","ليس للصنف {0} أي سعر في قائمة الأسعار «{1}»، ونسبة من 0 تساوي 0"
"{0} has shift {1} open since {2}: close it first.","لدى {0} الوردية {1} مفتوحة منذ {2}: أغلقها أولا."
"{0} is billed in {1}, but this till sells in {2}. Switch on Other currencies in LumenPOS Settings, choose another customer, or clear the customer's Billing Currency in ERPNext (Customer, Currency and Price List).","فوترة {0} بعملة {1}، لكن هذا الصندوق يبيع بعملة {2}. فعل العملات الأخرى في إعدادات LumenPOS، أو اختر عميلا آخر، أو امسح عملة الفوترة للعميل في ERPNext (العميل، العملة وقائمة الأسعار)."
"{0} is billed in {1}, which this till does not sell in. Add {1} in LumenPOS Settings, General, Other currencies, or change the customer's Billing Currency.","فوترة {0} بعملة {1}، وهذا الصندوق لا يبيع بها. أضف {1} من إعدادات LumenPOS، عام، العملات الأخرى، أو غير عملة الفوترة للعميل."
"{0} is kept by LumenPOS for gift cards and hold deposits and cannot be sold as a product.","{0} صنف يستخدمه LumenPOS لبطاقات الهدايا وعربون الحجوزات، ولا يمكن بيعه كمنتج."
"{0} is not a field of the customer form","{0} ليس من حقول نموذج العميل"
"{0} is not an active salesperson.","{0} ليس بائعا نشطا."
"{0} is serialized, quantity must be a whole number","الصنف {0} له أرقام تسلسلية، لذا يجب أن تكون الكمية عددا صحيحا"
"{0} is serialized: scan {1} serial number(s), got {2}","الصنف {0} له أرقام تسلسلية: المطلوب مسح {1} من الأرقام التسلسلية، والممسوح {2}"
"{0} is serialized: select {1} serial number(s) to return, got {2}","الصنف {0} له أرقام تسلسلية: المطلوب اختيار {1} من الأرقام التسلسلية للاسترجاع، والمختار {2}"
"{0} issued by {1} and spent at {2}","{0}: الإصدار من {1} والصرف في {2}"
"{0} needs a {1} before this sale can be completed.","يلزم إدخال {1} لطريقة الدفع {0} قبل إتمام هذا البيع."
"{0} sales · takings {1}","المبيعات {0} · الإيرادات {1}"
"{0} takes {1} only, and this sale is in {2}.","طريقة الدفع {0} تقبل عملة {1} فقط، وهذا البيع بعملة {2}."
"{0} was sold by {1}, but this till belongs to {2}. A return must be processed by a till in the same company.","الفاتورة {0} من مبيعات {1}، لكن هذا الصندوق يتبع {2}. يجب تنفيذ الاسترجاع من صندوق تابع للشركة نفسها."
"{0}% discount cleared by approved request {1}","تمت إجازة خصم {0}% بالطلب المعتمد {1}"
"{0}% discount cleared by passcode","تمت إجازة خصم {0}% برمز المرور"
"{0}, Create Ledger Entries for Change Amount: on. Saving LumenPOS Settings turns it on.","في {0}، فعل خيار Create Ledger Entries for Change Amount. حفظ إعدادات LumenPOS يفعله تلقائيا."
"{0}: price changed from {1} to {2}","{0}: تم تغيير السعر من {1} إلى {2}"
"“{0}” is a base selling price list, editing it here would change your normal selling prices. Create a dedicated price list for this book/app instead.","«{0}» قائمة أسعار بيع أساسية، وتعديلها هنا سيغير أسعار البيع العادية لديك. أنشئ قائمة أسعار مخصصة لهذا الكتاب أو التطبيق بدلا من ذلك."
