"(no recorded payment)","(tidak ada pembayaran tercatat)"
"0 = unlimited repeats per sale","0 = pengulangan tanpa batas per transaksi"
"0 = usable immediately. Otherwise it becomes spendable this many days after the sale.","0 = langsung bisa dipakai. Jika tidak, cashback baru bisa dipakai sekian hari setelah penjualan."
"<p>Your PIN reset code is <b>{0}</b>.</p><p>It expires in {1} minutes. If you didn't ask for this, ignore this email, your current PIN still works.</p>","<p>Kode reset PIN Anda adalah <b>{0}</b>.</p><p>Kode ini kedaluwarsa dalam {1} menit. Jika Anda tidak memintanya, abaikan email ini, PIN Anda saat ini tetap berlaku.</p>"
"A PIN must be 4 to 8 digits.","PIN harus terdiri dari 4 sampai 8 digit."
"A built-in field of the form (mobile_no, email_id, tax_id, building_no, street, district, city, postal_code, additional_no) or any field of Customer.","Kolom bawaan formulir (mobile_no, email_id, tax_id, building_no, street, district, city, postal_code, additional_no) atau kolom apa pun dari Pelanggan."
"A bundle needs specific product rows, not 'all products'","Paket memerlukan baris produk tertentu, bukan 'semua produk'"
"A customer billed in another currency (Customer, Currency and Price List) buys in it: prices, payment and receipt in that currency, at a rate fixed for the shift. Off: such a customer is refused.","Pelanggan yang ditagih dalam mata uang lain (Pelanggan, Mata Uang dan Daftar Harga) berbelanja dalam mata uang itu: harga, pembayaran, dan struk dalam mata uang tersebut, dengan kurs yang ditetapkan untuk shift. Nonaktif: pelanggan seperti itu ditolak."
"A gift card cannot pay for a gift card","Kartu hadiah tidak bisa dipakai untuk membayar kartu hadiah"
"A hold needs a customer, so the shop knows whose goods these are","Titip bayar memerlukan pelanggan, agar toko tahu milik siapa barang ini"
"A label for the batch this code was generated/imported in.","Label untuk batch tempat kode ini dibuat/diimpor."
"A manual discount of {0}% exceeds the {1}% limit, approver passcode required","Diskon manual {0}% melebihi batas {1}%, kode akses pemberi persetujuan diperlukan"
"A manual discount of {0}% exceeds the {1}% limit. Enter the manager passcode or send an approval request.","Diskon manual {0}% melebihi batas {1}%. Masukkan kode akses manajer atau kirim permintaan persetujuan."
"A manual discount of {0}% exceeds the {1}% limit. Send an approval request.","Diskon manual {0}% melebihi batas {1}%. Kirim permintaan persetujuan."
"A percentage of the qualifying items, or a fixed amount","Persentase dari barang yang memenuhi syarat, atau jumlah tetap"
"A reason the cashier can pick when refunding an item (shown at the till).","Alasan yang bisa dipilih kasir saat melakukan pengembalian dana suatu barang (ditampilkan di layar kasir)."
"A refund does not go back onto a gift card or cashback. Refund that part as store credit.","Pengembalian dana tidak bisa masuk kembali ke kartu hadiah atau cashback. Kembalikan bagian itu sebagai saldo toko."
"A register closed with a counted difference over the alert threshold.","Kasir ditutup dengan selisih hitungan di atas ambang peringatan."
"A register is still open well past the end of its shift.","Kasir masih terbuka jauh melewati akhir shift-nya."
"A reusable timetable, one schedule can serve many outlets.","Jadwal yang bisa dipakai ulang, satu jadwal bisa melayani banyak gerai."
"A shift belongs to","Shift milik"
"A statistics page for managers. With the Lumen Reports app installed it embeds a ready-made POS sales dashboard, otherwise it suggests installing it.","Halaman statistik untuk manajer. Jika aplikasi Lumen Reports terpasang, halaman ini menampilkan dasbor penjualan POS yang siap pakai, jika tidak, halaman ini menyarankan untuk memasangnya."
"Absolute difference (over or short) on any payment method that triggers the email.","Selisih mutlak (lebih atau kurang) pada metode pembayaran mana pun, yang memicu email."
"Account {0} belongs to {1}, not {2}","Akun {0} milik {1}, bukan {2}"
"Account {0} does not belong to {1}","Akun {0} bukan milik {1}"
"Account {0} is a group account. Pick an account under it","Akun {0} adalah akun grup. Pilih akun di bawahnya"
"Account {0} is a {1} account, which cashback cannot post to","Akun {0} adalah akun {1}, yang tidak bisa dipakai untuk membukukan cashback"
"Account {0} is a {1} account, which needs a party on every line","Akun {0} adalah akun {1}, yang memerlukan pihak di setiap baris"
"Account {0} is disabled","Akun {0} dinonaktifkan"
"Account {0} must be an Asset account, and it is {1}","Akun {0} harus berupa akun Aset, sedangkan akun ini {1}"
"Add a service charge to every sale (e.g. restaurants / salons).","Tambahkan biaya layanan ke setiap penjualan (mis. restoran / salon)."
"Add at least one item the customer is taking instead","Tambahkan minimal satu barang pengganti yang diambil pelanggan"
"Add at least one item to the test basket","Tambahkan minimal satu barang ke keranjang uji"
"Add at least one product row or tick 'Apply on all products'","Tambahkan minimal satu baris produk atau centang 'Berlaku untuk semua produk'"
"Add the goods being held","Tambahkan barang yang disimpan untuk titip bayar"
"Add the items that make up the bundle","Tambahkan barang-barang yang membentuk paket"
"After this date the shop may cancel the hold. Nothing happens automatically.","Setelah tanggal ini toko boleh membatalkan titip bayar. Tidak ada yang terjadi secara otomatis."
"Alert only, a till is never closed automatically, because a close without a real cash count produces figures nobody can trust.","Hanya peringatan, kasir tidak pernah ditutup otomatis, karena penutupan tanpa penghitungan kas yang nyata menghasilkan angka yang tidak bisa dipercaya siapa pun."
"All Customers","Semua pelanggan"
"Allocated Price","Harga alokasi"
"Allocated prices add up to {0}, but the Bundle Price is {1}, they must match exactly","Total harga alokasi {0}, tetapi Harga paket {1}, keduanya harus sama persis"
"Allow a refund to be parked on the customer's Store Credit instead of handing money back. Turn OFF if shop policy is money-back only. Note: credit the customer actually SPENT on that sale can always be returned to credit (capped at what they spent), otherwise a credit-paid sale would have no refund method at all.","Izinkan pengembalian dana disimpan ke Saldo toko pelanggan alih-alih mengembalikan uang. NONAKTIFKAN jika kebijakan toko hanya mengembalikan uang. Catatan: saldo toko yang benar-benar DIPAKAI pelanggan pada penjualan itu selalu bisa dikembalikan ke saldo toko (paling banyak sebesar yang dipakai), jika tidak, penjualan yang dibayar dengan saldo toko tidak punya metode pengembalian dana sama sekali."
"Allow a single discount on the whole cart (subject to the discount limit + edit-price role).","Izinkan satu diskon untuk seluruh keranjang (tunduk pada batas diskon + peran ubah harga)."
"Allow printing an X-report (mid-shift drawer read) without closing the register.","Izinkan mencetak Laporan X (pembacaan laci kas di tengah shift) tanpa menutup kasir."
"Allow refund as","Izinkan pengembalian dana lewat"
"Allow refunding to Store Credit","Izinkan pengembalian dana ke Saldo toko"
"Allow refunding to this mode","Izinkan pengembalian dana ke metode ini"
"Always positive. Earn adds, the rest remove.","Selalu positif. Perolehan menambah, jenis lainnya mengurangi."
"Always positive; Issue adds to the balance, Redeem subtracts","Selalu positif. Penerbitan menambah saldo, Pemakaian menguranginya"
"Amount must be positive, use Entry Type to add or subtract","Jumlah harus positif, gunakan Jenis entri untuk menambah atau mengurangi"
"An approved request can still return it","Tetap bisa diretur dengan permintaan yang disetujui"
"An end time EARLIER than (or equal to) the start means the shift crosses midnight.","Jam selesai yang LEBIH AWAL dari (atau sama dengan) jam mulai berarti shift melewati tengah malam."
"An item tag (the tags you add to items in ERPNext)","Tag barang (tag yang Anda tambahkan ke barang di ERPNext)"
"Anyone holding this role passes. Leave blank to name a single person instead.","Siapa pun yang memiliki peran ini lolos. Kosongkan untuk menunjuk satu orang saja."
"Applies to this group AND everything under it.","Berlaku untuk grup ini DAN semua yang ada di bawahnya."
"Apply on all products","Berlaku untuk semua produk"
"Approver Name","Nama pemberi persetujuan"
"Approver Role (for requests)","Peran pemberi persetujuan (untuk permintaan)"
"Ask for a reset code first.","Minta kode reset terlebih dahulu."
"Asset account for what other companies of the group owe this one for customer balances spent here. Created automatically when empty.","Akun aset untuk jumlah yang terutang oleh perusahaan lain dalam grup kepada perusahaan ini atas saldo pelanggan yang dipakai di sini. Dibuat otomatis jika kosong."
"At least one payment is required","Minimal satu pembayaran diperlukan"
"Audit log","Log audit"
"Auto-lock after (minutes)","Kunci otomatis setelah (menit)"
"Auto-lock after this many minutes of inactivity (0 = manual lock only).","Kunci otomatis setelah sekian menit tanpa aktivitas (0 = hanya kunci manual)."
"Automatic rate status","Status kurs otomatis"
"Basket Discount Type","Jenis diskon keranjang"
"Basket Discount Value","Nilai diskon keranjang"
"Basket Discount Value must be greater than zero","Nilai diskon keranjang harus lebih dari nol"
"Block regular returns after the return window below. Past the window, the cashier can send a return-approval request that an Approver Role holder approves while the register is open.","Blokir retur biasa setelah batas waktu retur di bawah. Setelah lewat batas waktu, kasir bisa mengirim permintaan persetujuan retur yang disetujui oleh pemegang peran pemberi persetujuan selama mesin kasir masih dibuka."
"Blocked Mode of Payment","Metode pembayaran yang diblokir"
"Bundle Price","Harga paket"
"Bundle Price must be greater than zero","Harga paket harus lebih dari nol"
"Bundle Price only: units of this product required per bundle","Khusus Harga paket: jumlah unit produk ini yang diperlukan per paket"
"Bundle {0} does not exist","Paket {0} tidak ada"
"Bundle {0} is inactive","Paket {0} nonaktif"
"Bundle {0} is incomplete, it needs exactly: {1}","Paket {0} belum lengkap, paket ini memerlukan tepat: {1}"
"Bundle {0} is not offered at {1}","Paket {0} tidak ditawarkan di {1}"
"Bundle {0} is not valid today","Paket {0} tidak berlaku hari ini"
"Buy Quantity","Kuantitas beli"
"Buy Quantity must be at least 1","Kuantitas beli minimal 1"
"Buy X Get Y","Beli X Dapat Y"
"Cache only in-stock items for offline use","Simpan offline hanya barang yang ada stoknya"
"Calculate discount on","Hitung diskon dari"
"Can","Boleh"
"Can combine with other cashback rules","Bisa digabung dengan aturan cashback lain"
"Can combine with other promotions","Bisa digabung dengan promo lain"
"Cap on the cashback from one sale (0 = no cap). Applies to a percentage.","Batas cashback dari satu transaksi (0 = tanpa batas). Berlaku untuk persentase."
"Card Number","Nomor kartu"
"Cart JSON","JSON keranjang"
"Cart Total","Total keranjang"
"Cart is empty","Keranjang kosong"
"Cart lines / invoice summary captured when the request was raised.","Baris keranjang / ringkasan faktur yang dicatat saat permintaan diajukan."
"Cash Float","Modal awal kas"
"Cash In","Kas masuk"
"Cash In / Out","Kas masuk / keluar"
"Cash Movements","Pergerakan kas"
"Cash Out","Kas keluar"
"Cash in / out","Kas masuk / keluar"
"Cash in this currency","Tunai dalam mata uang ini"
"Cash variance on {0} ({1})","Selisih kas di {0} ({1})"
"Cashback","Cashback"
"Cashback Expense Account","Akun beban cashback"
"Cashback Liability Account","Akun kewajiban cashback"
"Cashback Rule","Aturan cashback"
"Cashback Type","Jenis cashback"
"Cashback balance is too low to redeem {0}","Saldo cashback tidak cukup untuk memakai {0}"
"Cashback balance is {0}, cannot redeem {1}","Saldo cashback {0}, tidak bisa memakai {1}"
"Cashier Name","Nama kasir"
"Change at this outlet comes from {0}, which is in {1}: a sale in {2} cannot give change from it. Take the exact amount, or set the outlet's Account for Change Amount (POS Profile) to an account in {3}.","Kembalian di gerai ini diambil dari {0}, yang bermata uang {1}: penjualan dalam {2} tidak bisa memberi kembalian dari akun itu. Terima uang pas, atau atur Akun untuk Jumlah Kembalian gerai (Profil POS) ke akun dalam {3}."
"Change given in this currency","Kembalian diberikan dalam mata uang ini"
"Choose exactly what each receipt shows.","Pilih dengan tepat apa yang ditampilkan di setiap struk."
"Choose the company this program belongs to","Pilih perusahaan pemilik program ini"
"Choose the {0} this rule applies to","Pilih {0} yang dikenai aturan ini"
"Close the register","Tutup kasir"
"Close your open shift first: {0}. This shop allows one open shift per person at a time.","Tutup dulu shift Anda yang masih terbuka: {0}. Toko ini hanya mengizinkan satu shift terbuka per orang dalam satu waktu."
"Closed At","Ditutup pada"
"Closed by","Ditutup oleh"
"Closing Attempts","Percobaan penutupan"
"Closing Counts","Hitungan penutupan"
"Closing Error","Kesalahan penutupan"
"Closing Note","Catatan penutupan"
"Closing Started At","Penutupan dimulai pada"
"Closing Status","Status penutupan"
"Closing figures out of date","Angka penutupan sudah usang"
"Compact","Ringkas"
"Companies of the group","Perusahaan dalam grup"
"Company Accounts","Akun perusahaan"
"Company customers","Pelanggan perusahaan"
"Consolidation failed","Konsolidasi gagal"
"Could not reach printer at {0}:{1} ({2})","Tidak dapat terhubung ke printer di {0}:{1} ({2})"
"Counted","Dihitung"
"Coupon","Kupon"
"Coupon code {0} is already used by {1}","Kode kupon {0} sudah dipakai oleh {1}"
"Currencies the till sells in","Mata uang penjualan di kasir"
"Custom Fields (JSON)","Kolom kustom (JSON)"
"Customer Eligibility","Kelayakan pelanggan"
"Customer balances across companies","Saldo pelanggan antarperusahaan"
"Customer currency","Mata uang pelanggan"
"Customer deposits account","Akun uang muka pelanggan"
"Customer group eligibility","Kelayakan grup pelanggan"
"Customer has {0} loyalty points, cannot redeem {1}","Pelanggan punya {0} poin loyalitas, tidak bisa menukar {1}"
"Customer name is required","Nama pelanggan wajib diisi"
"Customer pays this for the whole bundle; the saving is split across the component lines (kept separate so each item can be returned individually)","Pelanggan membayar jumlah ini untuk seluruh paket. Potongannya dibagi ke baris-baris komponen (tetap terpisah agar tiap barang bisa diretur satu per satu)"
"Customer pays this total for one full set of the products listed above (use the Qty column for multiples). Items stay separate lines on the invoice.","Pelanggan membayar total ini untuk satu set lengkap produk yang tercantum di atas (gunakan kolom Qty untuk kelipatan). Barang tetap menjadi baris terpisah di faktur."
"Customer {0} is not enrolled in a loyalty program","Pelanggan {0} tidak terdaftar di program loyalitas"
"Customer {0} not found","Pelanggan {0} tidak ditemukan"
"Customer-facing display","Layar pelanggan"
"Daily time window","Rentang waktu harian"
"Date window ({0} → {1})","Rentang tanggal ({0} → {1})"
"Days after the sale during which a regular return is allowed. 0 = no time limit.","Jumlah hari setelah penjualan selama retur biasa diizinkan. 0 = tanpa batas waktu."
"Days of Week","Hari dalam seminggu"
"Decided At","Diputuskan pada"
"Decided By","Diputuskan oleh"
"Decision","Keputusan"
"Decision Note","Catatan keputusan"
"Delivery Apps","Aplikasi pesan antar"
"Deposit for hold {0}","Uang muka untuk titip bayar {0}"
"Deposit item","Barang uang muka"
"Deposits are taxable when taken","Uang muka dikenai pajak saat diterima"
"Detail","Detail"
"Detailed","Rinci"
"Discount Approval","Persetujuan diskon"
"Discount Approvers","Pemberi persetujuan diskon"
"Discount Limit (%)","Batas diskon (%)"
"Discount Type is required for a Simple Discount","Jenis diskon wajib diisi untuk Diskon sederhana"
"Discount Value","Nilai diskon"
"Discount Value must be greater than zero","Nilai diskon harus lebih dari nol"
"Discount approved by {0}","Diskon disetujui oleh {0}"
"Discount requests are turned off. Ask a manager for the passcode.","Permintaan diskon dinonaktifkan. Minta kode akses kepada manajer."
"Drawer","Laci kas"
"Due from group companies","Piutang dari perusahaan grup"
"Due to group companies","Utang ke perusahaan grup"
"ERPNext 16 lets an outlet sell with only one open shift, and {0} still has one:","ERPNext 16 hanya mengizinkan gerai berjualan dengan satu shift terbuka, dan {0} masih punya satu:"
"ERPNext is set not to record change as its own ledger entry (Create Ledger Entries for Change Amount, in POS Settings on ERPNext 16 and Accounts Settings before), so change can only come back in local money from the drawer the customer paid into. Turn that on, or take the exact amount.","ERPNext diatur agar tidak mencatat kembalian sebagai entri buku besar tersendiri (Create Ledger Entries for Change Amount, di Pengaturan POS pada ERPNext 16 dan di Pengaturan Akun sebelumnya), sehingga kembalian hanya bisa diberikan dalam mata uang lokal dari laci kas tempat pelanggan membayar. Aktifkan pengaturan itu, atau terima uang pas."
"ERPNext is set to make Sales Invoices from the POS (POS Settings, Invoice Type Created via POS Screen), so it refuses the POS Invoices this outlet makes. Set it to POS Invoice, or set the outlet to Sales Invoice (POS Profile, LumenPOS).","ERPNext diatur untuk membuat Faktur Penjualan dari POS (Pengaturan POS, Invoice Type Created via POS Screen), sehingga Faktur POS yang dibuat gerai ini ditolak. Ubah pengaturan itu ke Faktur POS, atau atur gerai ke Faktur Penjualan (Profil POS, LumenPOS)."
"Each manager gets their own passcode; the approver's name is recorded on the invoice. The single Manager Passcode above still works as a master code.","Setiap manajer mendapat kode akses sendiri, dan nama pemberi persetujuan dicatat di faktur. Kode akses manajer tunggal di atas tetap berlaku sebagai kode utama."
"Earn","Perolehan"
"Earned cashback expires this many days after it becomes usable (0 = never expires)","Cashback yang didapat kedaluwarsa sekian hari setelah bisa dipakai (0 = tidak pernah kedaluwarsa)"
"Earning and redemption rates must be greater than zero","Nilai perolehan dan penukaran harus lebih dari nol"
"Edit price / discount","Ubah harga / diskon"
"Edit price / discount role","Peran ubah harga / diskon"
"Either give every component an Allocated Price or leave them all empty","Beri setiap komponen Harga alokasi atau kosongkan semuanya"
"Eligibility","Kelayakan"
"Email a role when a closing count differs from expected by more than the threshold. Records and notifies, it never blocks the close.","Kirim email ke suatu peran jika selisih antara hitungan penutupan dan jumlah seharusnya melebihi ambang batas. Hanya mencatat dan memberi tahu, tidak pernah memblokir penutupan."
"Email an alert on a large closing variance","Kirim peringatan email jika selisih penutupan besar"
"Email an alert when a shift is left open","Kirim peringatan email jika shift dibiarkan terbuka"
"Email receipt","Email struk"
"Email receipts are turned off (Settings → Features).","Email struk dinonaktifkan (Pengaturan → Fitur)."
"Empty: every company. Set: every outlet of this company, unless outlets are chosen below.","Kosong: semua perusahaan. Diisi: semua gerai perusahaan ini, kecuali gerai dipilih di bawah."
"Empty: the built-in form. Name and mobile for everyone; for companies also the tax ID and the Saudi national address.","Kosong: formulir bawaan. Nama dan nomor HP untuk semua. Untuk perusahaan, juga ID pajak dan alamat nasional Saudi."
"Empty: the main cash drawer.","Kosong: laci kas utama."
"Enable Cashback","Aktifkan cashback"
"Enable Insights","Aktifkan Insights"
"Enable a second-screen customer-facing display (mirrors the cart on another monitor/window).","Aktifkan layar pelanggan di layar kedua (menampilkan salinan keranjang di monitor/jendela lain)."
"Enable holds and deposits","Aktifkan titip bayar dan uang muka"
"End Date cannot be before Start Date","Tanggal berakhir tidak boleh sebelum tanggal mulai"
"Ends","Berakhir"
"Enter a coupon code","Masukkan kode kupon"
"Enter a name for the price list","Masukkan nama daftar harga"
"Enter the amount the customer is paying","Masukkan jumlah yang dibayar pelanggan"
"Enter the gift card amount","Masukkan nominal kartu hadiah"
"Enter your current PIN to change it.","Masukkan PIN Anda saat ini untuk mengubahnya."
"Entry of the company that issued it","Entri perusahaan penerbit"
"Entry of the company that spent it","Entri perusahaan tempat saldo dipakai"
"Every Day","Setiap hari"
"Exceed return window role","Peran melewati batas waktu retur"
"Exchange goods","Tukar barang"
"Exchange rate","Kurs"
"Exchange role","Peran tukar barang"
"Exchanges are in {0} only. For a sale in {1}, refund it and ring the new goods up as a new sale.","Tukar barang hanya bisa dalam {0}. Untuk penjualan dalam {1}, kembalikan dananya lalu catat barang baru sebagai penjualan baru."
"Exclude","Kecualikan"
"Exclude these items instead of including them","Kecualikan barang-barang ini alih-alih menyertakannya"
"Expected to end","Dijadwalkan berakhir"
"Expire","Kedaluwarsa"
"Extra allowed refund methods. Example: if paid with Mada, allow refund as Cash. A method can always be refunded to itself, so you only add the exceptions.","Metode pengembalian dana tambahan yang diizinkan. Contoh: jika dibayar dengan Mada, izinkan pengembalian dana lewat Tunai. Pengembalian dana selalu boleh lewat metode yang sama, jadi Anda cukup menambahkan pengecualiannya."
"Extra line under the company name (e.g. branch / slogan).","Baris tambahan di bawah nama perusahaan (mis. cabang / slogan)."
"Fallback: hours after opening","Cadangan: jam setelah dibuka"
"Features","Fitur"
"Fields on the new customer form","Kolom di formulir pelanggan baru"
"Fill in: {0}","Isi: {0}"
"Fixed Price","Harga tetap"
"Fixed at","Ditetapkan pada"
"Fixed with the rate: the shift gives the change of a sale in this currency from that currency's own drawer.","Ditetapkan bersama kurs: shift memberikan kembalian penjualan dalam mata uang ini dari laci kas mata uang itu sendiri."
"Fixed: the rate the shop sets. Automatic: updated once a day, when automatic rates are switched on in LumenPOS Settings.","Tetap: kurs yang ditetapkan toko. Otomatis: diperbarui sekali sehari, jika kurs otomatis diaktifkan di Pengaturan LumenPOS."
"Footer line (e.g. thank-you, social).","Baris kaki (mis. ucapan terima kasih, media sosial)."
"For an Earn row: the unspent, unexpired part still available.","Untuk baris Perolehan: bagian yang belum dipakai dan belum kedaluwarsa yang masih tersedia."
"For example: hygiene items cannot be returned once opened.","Contoh: barang kebersihan diri tidak bisa diretur setelah dibuka."
"Free","Gratis"
"Fully Used","Terpakai habis"
"Generate at most 5000 coupons at a time","Buat paling banyak 5000 kupon sekaligus"
"Generated {0}","Dibuat {0}"
"Get","Dapat"
"Get Quantity","Kuantitas dapat"
"Get Quantity must be at least 1","Kuantitas dapat minimal 1"
"Gift Card Expiry (days)","Masa berlaku kartu hadiah (hari)"
"Gift Card Item","Barang kartu hadiah"
"Gift Card Liability Account","Akun kewajiban kartu hadiah"
"Gift Card Mode of Payment","Metode pembayaran kartu hadiah"
"Gift Cards","Kartu hadiah"
"Gift card payments don't match the scanned cards","Pembayaran kartu hadiah tidak sesuai dengan kartu yang dipindai"
"Gift card {0} already exists","Kartu hadiah {0} sudah ada"
"Gift card {0} expired on {1}","Kartu hadiah {0} kedaluwarsa pada {1}"
"Gift card {0} has {1} left, cannot redeem {2}","Kartu hadiah {0} bersisa {1}, tidak bisa memakai {2}"
"Gift card {0} is {1}","Kartu hadiah {0} berstatus {1}"
"Gift card {0} not found","Kartu hadiah {0} tidak ditemukan"
"Gift card {0} was issued by {1} and is used at its outlets only.","Kartu hadiah {0} diterbitkan oleh {1} dan hanya bisa dipakai di gerai-gerainya."
"Gift cards","Kartu hadiah"
"Gift cards, cashback and store credit. Shared: spendable at any company of the group with the same currency, each company's books kept right by an Inter Company Journal Entry. Separate: spendable only at the company that issued it.","Kartu hadiah, cashback, dan saldo toko. Bersama: bisa dipakai di perusahaan mana pun dalam grup dengan mata uang yang sama, pembukuan tiap perusahaan dijaga tetap benar dengan Entri Jurnal Antarperusahaan. Terpisah: hanya bisa dipakai di perusahaan yang menerbitkannya."
"Gift cards, store credit, cashback and loyalty points","Kartu hadiah, saldo toko, cashback, dan poin loyalitas"
"Give change in this currency","Beri kembalian dalam mata uang ini"
"Give customers cashback on qualifying sales, configured in POS Cashback Rule. Turning this off stops earning and hides the page.","Beri pelanggan cashback atas penjualan yang memenuhi syarat, diatur di Aturan Cashback POS. Jika dinonaktifkan, cashback tidak lagi didapat dan halamannya disembunyikan."
"Give the loyalty program a name","Beri nama program loyalitas"
"Global fallback income account for the service charge. Prefer a per-company account under Company Accounts.","Akun pendapatan cadangan global untuk biaya layanan. Sebaiknya pakai akun per perusahaan di Akun perusahaan."
"Goods handed over on {0}","Barang diserahkan melalui {0}"
"Goods on hold","Barang titip bayar"
"Grace period (minutes)","Masa tenggang (menit)"
"HOLD-.YYYY.-","HOLD-.YYYY.-"
"Hand these goods over at {0}, where they are kept.","Serahkan barang ini di {0}, tempat barang itu disimpan."
"Handed Over At","Diserahkan Pada"
"Handed Over On Invoice","Faktur Penyerahan"
"Higher priority wins when two exclusive promotions give the same savings","Prioritas lebih tinggi menang jika dua promo eksklusif memberi penghematan yang sama"
"Higher wins when two non-combinable rules both match","Yang lebih tinggi menang jika dua aturan yang tidak bisa digabung sama-sama cocok"
"Hold Until","Batas Titip Bayar"
"Hold cancelled","Titip bayar dibatalkan"
"Hold goods for (days)","Lama titip bayar (hari)"
"Hold goods for a customer","Buat titip bayar untuk pelanggan"
"Hold {0} belongs to another company","Titip bayar {0} milik perusahaan lain"
"Hold {0} belongs to {1}. Serve it at one of its outlets.","Titip bayar {0} milik {1}. Layani di salah satu gerainya."
"Hold {0} handed over","Titip bayar {0} sudah diserahkan"
"Holds and deposits","Titip bayar dan uang muka"
"Holds and deposits are switched off for this shop","Titip bayar dan uang muka dinonaktifkan di toko ini"
"How a cashier clears an over-limit discount. Passcode only = a manager enters the passcode at the till. Request only = the cashier sends a request a role-holder approves while the register is open. Passcode or request = either.","Cara kasir mendapatkan persetujuan diskon yang melebihi batas. Hanya kode akses = manajer memasukkan kode akses di mesin kasir. Hanya permintaan = kasir mengirim permintaan yang disetujui pemegang peran selama mesin kasir terbuka. Kode akses atau permintaan = salah satunya."
"How long a hold runs before the shop may cancel it. 0 = no limit. Nothing is cancelled automatically.","Berapa lama titip bayar berjalan sebelum toko boleh membatalkannya. 0 = tanpa batas. Tidak ada yang dibatalkan otomatis."
"How long after the scheduled end before alerting.","Berapa lama setelah jadwal berakhir sebelum peringatan dikirim."
"How many coupons should I generate?","Berapa kupon yang harus saya buat?"
"How many times each code may be redeemed. 1 = single use, 0 = unlimited (until it expires).","Berapa kali setiap kode boleh dipakai. 1 = sekali pakai, 0 = tanpa batas (sampai kedaluwarsa)."
"If paid with","Jika dibayar dengan"
"If you cannot close it, a manager can close it for you from that outlet's Register page.","Jika Anda tidak bisa menutupnya, manajer bisa menutupnya untuk Anda dari halaman Kasir gerai itu."
"Imported {0}","Diimpor {0}"
"Individual customers","Pelanggan perorangan"
"Initial Amount","Nilai Awal"
"Insights","Insights"
"Insights are turned off in LumenPOS Settings","Insights dinonaktifkan di Pengaturan LumenPOS"
"Instalments","Cicilan"
"Inter Company Journal Entries","Entri Jurnal Antarperusahaan"
"Invalid or expired coupon code","Kode kupon tidak valid atau sudah kedaluwarsa"
"Invoice Age (days)","Umur Faktur (hari)"
"Invoice type","Jenis faktur"
"Issued On Invoice","Faktur Penerbitan"
"Issued by","Diterbitkan oleh"
"Items shown as one-tap buttons on the sell screen.","Barang yang tampil sebagai tombol sekali ketuk di layar penjualan."
"JSON list of dynamic receipt fields sourced from the POS Profile or the sale invoice (managed from the POS Settings page). Each: {source, fieldname, label, render, position}.","Daftar JSON kolom struk dinamis yang diambil dari Profil POS atau faktur penjualan (dikelola dari halaman Pengaturan POS). Masing-masing: {source, fieldname, label, render, position}."
"Languages","Bahasa"
"Languages at the till","Bahasa di kasir"
"Last error","Kesalahan terakhir"
"Late return approved by {0}","Retur terlambat disetujui oleh {0}"
"Leave empty for all customers","Kosongkan untuk semua pelanggan"
"Leave empty for all outlets","Kosongkan untuk semua gerai"
"Leave empty to apply at every outlet","Kosongkan agar berlaku di semua gerai"
"Leave empty to apply at every outlet.","Kosongkan agar berlaku di semua gerai."
"Leave empty to run in all outlets","Kosongkan agar berjalan di semua gerai"
"Legacy flag (superseded by Use Limit). Kept for older codes.","Penanda lama (digantikan oleh Batas pemakaian). Dipertahankan untuk kode lama."
"Legacy/internal, price books now store item prices directly below.","Lama/internal, buku harga kini menyimpan harga barang langsung di bawah."
"Liability account for customer deposits. Blank = LumenPOS creates 'Customer Deposits'. A per-company account can be set in Company Accounts.","Akun kewajiban untuk uang muka pelanggan. Kosong = LumenPOS membuat 'Customer Deposits'. Akun per perusahaan bisa diatur di Akun perusahaan."
"Liability account for what this company owes others of the group for its customer balances spent there. Created automatically when empty.","Akun kewajiban untuk utang perusahaan ini kepada perusahaan lain dalam grup atas saldo pelanggannya yang dipakai di sana. Dibuat otomatis jika kosong."
"Liability account that backs gift cards (selling a card increases it, redeeming decreases it). Leave empty to auto-create ""Gift Cards"".","Akun kewajiban untuk kartu hadiah (menjual kartu menambahnya, memakai kartu menguranginya). Kosongkan untuk membuat ""Gift Cards"" secara otomatis."
"Liability account this company holds customer deposits in. Blank = LumenPOS creates 'Customer Deposits'.","Akun kewajiban tempat perusahaan ini menyimpan uang muka pelanggan. Kosong = LumenPOS membuat 'Customer Deposits'."
"Limit regular returns to a time window","Batasi retur biasa pada jangka waktu tertentu"
"List the products that make up the bundle","Cantumkan produk yang membentuk paket"
"Load","Isi ulang"
"Lock screen (PIN to unlock)","Kunci layar (PIN untuk membuka)"
"Lock the till behind a PIN (a manager/approver PIN, or any manager). Protects an unattended register.","Kunci mesin kasir dengan PIN (PIN manajer/pemberi persetujuan, atau manajer mana pun). Melindungi mesin kasir yang ditinggal tanpa penjaga."
"Logo shown at the top of the printed/on-screen receipt.","Logo yang tampil di bagian atas struk cetak/layar."
"Lookup not allowed for {0}","Pencarian tidak diizinkan untuk {0}"
"Lumen Reports could not set up the dashboard","Lumen Reports tidak bisa menyiapkan dasbor"
"Lumen Reports could not set up the dashboard on this site: {0}","Lumen Reports tidak bisa menyiapkan dasbor di situs ini: {0}"
"Lumen Reports is not installed on this site","Lumen Reports belum terpasang di situs ini"
"Lumen Reports needs Frappe v{0} or newer","Lumen Reports memerlukan Frappe v{0} atau yang lebih baru"
"LumenPOS","LumenPOS"
"LumenPOS Audit Log","Log Audit LumenPOS"
"LumenPOS Cashier","Kasir LumenPOS"
"LumenPOS Company Setting","Pengaturan Perusahaan LumenPOS"
"LumenPOS Manager","Manajer LumenPOS"
"LumenPOS Payment Method Rule","Aturan Metode Pembayaran LumenPOS"
"LumenPOS Profile Receipt","Struk Profil LumenPOS"
"LumenPOS Settings","Pengaturan LumenPOS"
"LumenPOS User PIN","PIN Pengguna LumenPOS"
"LumenPOS cashback for {0} ({1}): {2} earned on {3} sales, {4} expired or returned on {5} entries.","Cashback LumenPOS untuk {0} ({1}): {2} didapat dari {3} penjualan, {4} kedaluwarsa atau dikembalikan pada {5} entri."
"LumenPOS could not use ERPNext's {0} on this version of ERPNext ({1}). This usually means the site is running an ERPNext release LumenPOS has not been updated for yet, please report it to hello@lumen-solutions.co with this message.","LumenPOS tidak bisa memakai {0} milik ERPNext pada versi ERPNext ini ({1}). Ini biasanya berarti situs menjalankan rilis ERPNext yang belum didukung oleh pembaruan LumenPOS, silakan laporkan ke hello@lumen-solutions.co beserta pesan ini."
"Make returns","Melakukan retur"
"Make returns role","Peran untuk retur"
"Manager Passcode","Kode Akses Manajer"
"Manual discounts above this percentage need approval. 0 disables the check.","Diskon manual di atas persentase ini perlu persetujuan. 0 menonaktifkan pemeriksaan."
"Margin below the published rate","Margin di bawah kurs yang dipublikasikan"
"Max Applications per Sale","Maks. Penerapan per Penjualan"
"Maximum Cashback","Cashback Maksimum"
"Minimum Spend","Belanja Minimum"
"Minimum Spend must be greater than zero","Belanja Minimum harus lebih dari nol"
"Minimum deposit (%)","Uang muka minimum (%)"
"Mode of Payment used to redeem gift cards. Leave empty to auto-create/use ""Gift Card"".","Metode Pembayaran untuk memakai kartu hadiah. Kosongkan untuk membuat/memakai ""Gift Card"" secara otomatis."
"Money","Uang"
"New customer","Pelanggan baru"
"New customer form","Formulir pelanggan baru"
"New gift cards expire this many days after sale. 0 = never expire.","Kartu hadiah baru kedaluwarsa sekian hari setelah dijual. 0 = tidak pernah kedaluwarsa."
"New sales were recorded after the closing screen was loaded. Refresh the closing screen, re-check the counts, then close again.","Ada penjualan baru yang tercatat setelah layar penutupan dimuat. Muat ulang layar penutupan, periksa lagi hitungannya, lalu tutup lagi."
"No POS Profile is assigned to you. Create one and add yourself under Applicable for Users.","Belum ada Profil POS yang ditetapkan untuk Anda. Buat satu dan tambahkan diri Anda di Berlaku untuk Pengguna (Applicable for Users)."
"No account group found for {0} in {1}. Create the account '{0}' in {2} by hand.","Tidak ada grup akun untuk {0} di {1}. Buat akun '{0}' di {2} secara manual."
"No codes found in the file","Tidak ada kode di file ini"
"No email address. Add one to the customer or type it in.","Tidak ada alamat email. Tambahkan ke data pelanggan atau ketikkan."
"No expense account group found for {0}","Tidak ada grup akun beban untuk {0}"
"No expense account group found for {0}. Create a cashback expense account and choose it in LumenPOS Settings","Tidak ada grup akun beban untuk {0}. Buat akun beban cashback dan pilih di Pengaturan LumenPOS"
"No liability account group found for {0}","Tidak ada grup akun kewajiban untuk {0}"
"No liability account group found for {0}, create a 'Store Credit' liability account manually","Tidak ada grup akun kewajiban untuk {0}, buat akun kewajiban 'Store Credit' secara manual"
"No liability account group found for {0}, create a '{1}' liability account manually","Tidak ada grup akun kewajiban untuk {0}, buat akun kewajiban '{1}' secara manual"
"No liability account group found for {0}. Create a cashback liability account and choose it in LumenPOS Settings","Tidak ada grup akun kewajiban untuk {0}. Buat akun kewajiban cashback dan pilih di Pengaturan LumenPOS"
"No open register session. Open the register first.","Tidak ada sesi kasir yang terbuka. Buka kasir terlebih dahulu."
"No receipt printer configured on POS Profile {0}","Belum ada printer struk yang diatur di Profil POS {0}"
"No warehouse belongs to company {0}. Set a Default Warehouse on the POS Profile (or create a warehouse for this company) before selling gift cards.","Tidak ada gudang milik perusahaan {0}. Atur Gudang Bawaan di Profil POS (atau buat gudang untuk perusahaan ini) sebelum menjual kartu hadiah."
"No {0} account group found for {1}. Create '{2}' by hand.","Tidak ada grup akun {0} untuk {1}. Buat '{2}' secara manual."
"Non-stock item posted when a gift card is sold. Leave empty to auto-create ""GIFT-CARD"".","Barang non-stok yang dibukukan saat kartu hadiah dijual. Kosongkan untuk membuat ""GIFT-CARD"" secara otomatis."
"Not allowed.","Tidak diizinkan."
"Notify role","Peran yang diberi tahu"
"Number of Sales","Jumlah Penjualan"
"Off: the till shows nothing about holds at all. A shop that never puts goods aside for a customer does not need the button or the screen.","Nonaktif: mesin kasir sama sekali tidak menampilkan apa pun tentang titip bayar. Toko yang tidak pernah menyisihkan barang untuk pelanggan tidak memerlukan tombol maupun layarnya."
"Offer","Penawaran"
"Offline cache only keeps items that have stock in the register's warehouse (smaller, faster cache)","Cache offline hanya menyimpan barang yang punya stok di gudang kasir (cache lebih kecil dan lebih cepat)"
"On: a deposit is taxed the moment it is taken (an advance against a known supply), and the tax already declared is deducted at hand-over. Off: the deposit carries no tax and the goods are taxed in full when handed over.","Aktif: uang muka dikenai pajak saat diterima (pembayaran di muka atas penyerahan barang yang sudah jelas), dan pajak yang sudah dilaporkan dikurangkan saat penyerahan. Nonaktif: uang muka tidak dikenai pajak dan barang dikenai pajak penuh saat diserahkan."
"On: a person cannot open a new shift while they still have one open at another outlet. Off (the default): a person may hold shifts at several outlets, and the till only reminds them. Set from the till: Settings, General, Register and shifts.","Aktif: seseorang tidak bisa membuka shift baru selama masih punya shift terbuka di gerai lain. Nonaktif (bawaan): satu orang boleh memegang shift di beberapa gerai, dan kasir hanya mengingatkan. Diatur dari kasir: Pengaturan, Umum, Kasir dan shift."
"On: a sale in this currency gives its change in it, from its own cash drawer. Off: change comes back in the company currency, from the main drawer. An outlet whose POS Profile names its own Account for Change Amount keeps it (ERPNext uses it on every sale).","Aktif: penjualan dalam mata uang ini memberi kembalian dalam mata uang yang sama, dari laci kasnya sendiri. Nonaktif: kembalian diberikan dalam mata uang perusahaan, dari laci utama. Gerai yang Profil POS-nya mencantumkan Akun Kembalian (Account for Change Amount) sendiri tetap memakainya (ERPNext memakainya di setiap penjualan)."
"On: the cashier may send a return approval request, and an approver can let this return through. Off: the item is never taken back.","Aktif: kasir boleh mengirim permintaan persetujuan retur, dan pemberi persetujuan bisa meloloskan retur ini. Nonaktif: barang tidak pernah diterima kembali."
"Once a day, from ExchangeRate-API (free), for the currencies set to Automatic. A rate typed for the day always wins.","Sekali sehari, dari ExchangeRate-API (gratis), untuk mata uang yang diatur ke Otomatis. Kurs yang diketik untuk hari itu selalu diutamakan."
"One open shift per person","Satu shift terbuka per orang"
"Only managers can view Insights","Hanya manajer yang bisa melihat Insights"
"Only someone who manages LumenPOS Settings can change exchange rates.","Hanya orang yang mengelola Pengaturan LumenPOS yang bisa mengubah kurs."
"Only someone who manages LumenPOS Settings can change the customer form.","Hanya orang yang mengelola Pengaturan LumenPOS yang bisa mengubah formulir pelanggan."
"Only someone who manages LumenPOS Settings can do this.","Hanya orang yang mengelola Pengaturan LumenPOS yang bisa melakukan ini."
"Only this role (plus managers) may apply a manual discount / edit a price on a sale. Blank = anyone.","Hanya peran ini (ditambah manajer) yang boleh memberi diskon manual / mengubah harga pada penjualan. Kosong = siapa pun."
"Only this role (plus managers) may exchange goods in one step. Blank = anyone who may make returns. An exchange always needs return permission too.","Hanya peran ini (ditambah manajer) yang boleh melakukan tukar barang dalam satu langkah. Kosong = siapa pun yang boleh melakukan retur. Tukar barang selalu memerlukan izin retur juga."
"Only this role (plus managers) may make returns. Blank = anyone with sell access.","Hanya peran ini (ditambah manajer) yang boleh melakukan retur. Kosong = siapa pun yang punya akses menjual."
"Only used by Buy X Get Y: 'Buy' rows trigger the offer, 'Get' rows receive the reward. With no 'Get' rows the buy list rewards itself (classic multi-buy).","Hanya dipakai oleh Beli X Dapat Y: baris 'Beli' memicu penawaran, baris 'Dapat' menerima hadiahnya. Tanpa baris 'Dapat', daftar beli menghadiahi dirinya sendiri (promo beli banyak klasik)."
"Only {0} x {1} can still be returned","Hanya {0} x {1} yang masih bisa diretur"
"Open the register","Buka kasir"
"Open the register before requesting approval.","Buka kasir sebelum meminta persetujuan."
"Opened At","Dibuka Pada"
"Opened By","Dibuka Oleh"
"Opened at","Dibuka pada"
"Opened by","Dibuka oleh"
"Opened with float {0}","Dibuka dengan modal awal kas {0}"
"Opening Float","Modal Awal Kas"
"Opening float","Modal awal kas"
"Optional app-specific selling prices (overrides price books)","Harga jual khusus aplikasi, opsional (menggantikan buku harga)"
"Optional button label (defaults to the item name)","Label tombol opsional (bawaan: nama barang)"
"Optional daily window, e.g. Happy Hour 16:00 to 18:00. Wraps midnight if start is after end.","Rentang waktu harian opsional, mis. Happy Hour 16:00 sampai 18:00. Melewati tengah malam jika waktu mulai setelah waktu selesai."
"Optional daily window. Wraps midnight if start is after end.","Rentang waktu harian opsional. Melewati tengah malam jika waktu mulai setelah waktu selesai."
"Optional per-code expiry. The promotion's own date window still applies on top of this.","Masa berlaku per kode, opsional. Selain itu, rentang tanggal promo itu sendiri tetap berlaku."
"Optional. After this date the bundle stops being offered at the till (treated as expired/inactive).","Opsional. Setelah tanggal ini paket tidak lagi ditawarkan di kasir (dianggap kedaluwarsa/nonaktif)."
"Optional. The bundle is not offered before this date.","Opsional. Paket tidak ditawarkan sebelum tanggal ini."
"Optional: this component's share of the bundle price (for the whole row qty). If used on any row, every row needs one and they must sum exactly to the Bundle Price. Empty = split proportionally to regular prices.","Opsional: bagian komponen ini dari harga paket (untuk seluruh jumlah di baris). Jika dipakai di satu baris, setiap baris wajib mengisinya dan totalnya harus sama persis dengan Harga paket. Kosong = dibagi sebanding dengan harga normal."
"Order ID is required for {0} sales","ID pesanan wajib untuk penjualan {0}"
"Order-level (whole-cart) discount","Diskon tingkat pesanan (seluruh keranjang)"
"Other currencies","Mata uang lain"
"Other currency floats","Modal awal kas mata uang lain"
"Outlet","Gerai"
"Outlet already open","Gerai sudah dibuka"
"Outlet {0} belongs to {1}, not {2}. Choose outlets of {2}, or clear the company.","Gerai {0} milik {1}, bukan {2}. Pilih gerai milik {2}, atau kosongkan perusahaan."
"Outlet {0} included","Gerai {0} disertakan"
"Outlets","Gerai"
"Outlets (POS Profiles)","Gerai (Profil POS)"
"Over-limit approval method","Metode persetujuan diskon melebihi batas"
"Overdue Notified","Peringatan Terlambat Terkirim"
"PIN Hash","Hash PIN"
"POS Approval Request","Permintaan Persetujuan POS"
"POS Bundle","Paket POS"
"POS Bundle Item","Barang Paket POS"
"POS Capability Rule","Aturan Hak Akses POS"
"POS Cash Movement","Mutasi Kas POS"
"POS Cashback Entry","Entri Cashback POS"
"POS Cashback Rule","Aturan Cashback POS"
"POS Cashback Rule Customer Group","Grup Pelanggan Aturan Cashback POS"
"POS Cashback Rule Item","Barang Aturan Cashback POS"
"POS Cashback Rule Profile","Profil Aturan Cashback POS"
"POS Coupon","Kupon POS"
"POS Customer Form Field","Kolom Formulir Pelanggan POS"
"POS Delivery App","Aplikasi Pengantaran POS"
"POS Discount Approver","Pemberi Persetujuan Diskon POS"
"POS Gift Card","Kartu Hadiah POS"
"POS Gift Card Entry","Entri Kartu Hadiah POS"
"POS Inter Company Settlement","Penyelesaian Antarperusahaan POS"
"POS Layaway","Titip Bayar POS"
"POS Layaway Item","Barang Titip Bayar POS"
"POS Layaway Payment","Pembayaran Titip Bayar POS"
"POS Opening Entry {0} (by {1}, since {2}) is open outside LumenPOS: close or cancel it in ERPNext.","Pembukaan POS {0} (oleh {1}, sejak {2}) terbuka di luar LumenPOS: tutup atau batalkan di ERPNext."
"POS Parked Sale","Transaksi Ditahan POS"
"POS Payment Restriction","Pembatasan Pembayaran POS"
"POS Price Book","Buku Harga POS"
"POS Price Book Item","Barang Buku Harga POS"
"POS Promotion","Promo POS"
"POS Promotion Customer Group","Grup Pelanggan Promo POS"
"POS Promotion Item","Barang Promo POS"
"POS Promotion Profile","Profil Promo POS"
"POS Quick Key","Tombol Cepat POS"
"POS Refund Rule","Aturan Pengembalian Dana POS"
"POS Register Payment Count","Hitungan Pembayaran Kasir POS"
"POS Register Session","Sesi Kasir POS"
"POS Return Reason","Alasan Retur POS"
"POS Return Restriction","Pembatasan Retur POS"
"POS Sale Currency","Mata Uang Penjualan POS"
"POS Session Float","Modal Awal Kas Sesi POS"
"POS Session Rate","Kurs Sesi POS"
"POS Shift Invoice","Faktur Shift POS"
"POS Shift Schedule","Jadwal Shift POS"
"POS Shift Schedule Slot","Slot Jadwal Shift POS"
"POS Store Credit Entry","Entri Saldo Toko POS"
"Paid At","Dibayar Pada"
"Paid With","Dibayar Dengan"
"Parked","Ditahan"
"Parked At","Ditahan Pada"
"Passcode","Kode Akses"
"Passcode only","Hanya kode akses"
"Passcode or request","Kode akses atau permintaan"
"Payment Counts","Hitungan Pembayaran"
"Payment Method Rules","Aturan Metode Pembayaran"
"Payment must cover the gift card amount","Pembayaran harus menutupi nilai kartu hadiah"
"Per cashier","Per kasir"
"Per outlet","Per gerai"
"Per outlet: ONE shift per register, whoever opens it, any assigned cashier can sell on it (default; how LumenPOS has always worked). Per cashier: each cashier opens their OWN shift on the register and can only sell on their own, so several people share one counter but each gets their own Z-report and is accountable for their own drawer.","Per gerai: SATU shift per mesin kasir, siapa pun yang membukanya, kasir mana pun yang ditugaskan bisa berjualan di shift itu (bawaan, cara kerja LumenPOS selama ini). Per kasir: setiap kasir membuka shift MILIKNYA SENDIRI di mesin kasir dan hanya bisa berjualan di shift itu, jadi beberapa orang berbagi satu meja kasir tetapi masing-masing punya Laporan Z sendiri dan bertanggung jawab atas lacinya sendiri."
"Per-Outlet Receipts","Struk per Gerai"
"Per-company accounts. On a multi-company site each company posts gift cards / service charge to its OWN accounts. Leave empty to use the global defaults (or auto-create).","Akun per perusahaan. Di situs dengan beberapa perusahaan, setiap perusahaan membukukan kartu hadiah / biaya layanan ke akunnya SENDIRI. Kosongkan untuk memakai bawaan global (atau dibuat otomatis)."
"Per-method rules. Use these to require a terminal/transfer reference on card or bank payments so the transaction can be traced later.","Aturan per metode. Gunakan untuk mewajibkan referensi terminal/transfer pada pembayaran kartu atau bank agar transaksinya bisa dilacak nanti."
"Per-outlet receipt overrides (managed from the POS Settings page). Each row is a POS Profile + a JSON receipt config that overrides the global receipt design for that outlet. Empty = the outlet uses the global receipt.","Struk khusus per gerai (dikelola dari halaman Pengaturan POS). Setiap baris berisi Profil POS + konfigurasi struk JSON yang menggantikan desain struk global untuk gerai itu. Kosong = gerai memakai struk global."
"Percentage discount cannot exceed 100","Diskon persentase tidak boleh lebih dari 100"
"Person","Orang"
"Pick a {0} from the list","Pilih {0} dari daftar"
"Pick at least one item to take back","Pilih minimal satu barang yang diterima kembali"
"Posted At","Dibukukan Pada"
"Price / stock checker","Cek harga / stok"
"Price Book Price","Harga dari Buku Harga"
"Price List (legacy)","Daftar Harga (lama)"
"Price cannot be negative","Harga tidak boleh negatif"
"Price for {0} cannot be negative","Harga untuk {0} tidak boleh negatif"
"Price list {0} does not exist","Daftar harga {0} tidak ada"
"Promotion","Promo"
"Promotion Type","Jenis Promo"
"Promotion {0} does not exist","Promo {0} tidak ada"
"Quantity for {0} must be positive","Jumlah untuk {0} harus positif"
"Quantity rewarded per application (cheapest eligible units)","Jumlah yang mendapat hadiah per penerapan (unit termurah yang memenuhi syarat)"
"Quantity the customer must buy to trigger the offer","Jumlah yang harus dibeli pelanggan untuk memicu penawaran"
"Quick Keys","Tombol Cepat"
"Quick keys","Tombol cepat"
"Quick keys / favourites","Tombol cepat / favorit"
"Raise a Sales Order when goods go on hold, so ERPNext shows the quantity as reserved and another till cannot sell it.","Buat Pesanan Penjualan saat barang masuk titip bayar, sehingga ERPNext menampilkan jumlahnya sebagai dicadangkan dan mesin kasir lain tidak bisa menjualnya."
"Rate to company currency","Kurs ke mata uang perusahaan"
"Rates fixed for this shift","Kurs yang ditetapkan untuk shift ini"
"Reason shown at the till","Alasan yang tampil di mesin kasir"
"Reasons the cashier picks from when refunding an item. Add or remove freely. The till also always offers ""Other"" for a free-text reason.","Alasan yang dipilih kasir saat mengembalikan dana atas suatu barang. Tambah atau hapus sesuka Anda. Mesin kasir juga selalu menawarkan ""Lainnya"" untuk alasan yang diketik sendiri."
"Receipt Config (JSON)","Konfigurasi Struk (JSON)"
"Receipt Custom Fields (JSON)","Kolom Kustom Struk (JSON)"
"Receipt Fields","Kolom Struk"
"Receipt footer","Footer struk"
"Receipt header","Header struk"
"Receipt layout/density. Compact = tight; Standard = balanced; Detailed = spacious with a full store header + terms block.","Tata letak/kerapatan struk. Ringkas = rapat, Standar = seimbang, Rinci = lega dengan header toko lengkap + blok syarat."
"Receipt logo","Logo struk"
"Receipt template","Template struk"
"Record sensitive actions (over-limit discounts, returns, price edits, register open/close) to the LumenPOS Audit Log.","Catat tindakan sensitif (diskon melebihi batas, retur, ubah harga, buka/tutup kasir) ke Log Audit LumenPOS."
"Recorded At","Dicatat Pada"
"Recorded By","Dicatat Oleh"
"Redeem","Pemakaian"
"Reference Invoice","Faktur Referensi"
"Reference label","Label referensi"
"Refund","Pengembalian dana"
"Refund Method Rules","Aturan Metode Pengembalian Dana"
"Refund as {0}","Pengembalian dana sebagai {0}"
"Refunded","Dana dikembalikan"
"Refunds","Pengembalian dana"
"Refunds may only go back to a payment method the customer actually used on the original sale (plus Store Credit). Add rules below to allow extra refund methods per paid method.","Pengembalian dana hanya boleh ke metode pembayaran yang benar-benar dipakai pelanggan pada penjualan asli (ditambah Saldo toko). Tambahkan aturan di bawah untuk mengizinkan metode pengembalian dana tambahan per metode yang dipakai membayar."
"Register Session","Sesi kasir"
"Register session is already closed","Sesi kasir sudah ditutup"
"Register session is not open","Sesi kasir tidak terbuka"
"Register still open: {0}","Kasir masih terbuka: {0}"
"Register {0} already has an open session ({1})","Kasir {0} sudah memiliki sesi terbuka ({1})"
"Register {0} already has an open session ({1}).","Kasir {0} sudah memiliki sesi terbuka ({1})."
"Register {0} has a previous shift ({1}) whose closing is still finalising or has failed. Retry that closing before opening a new shift.","Kasir {0} memiliki shift sebelumnya ({1}) yang penutupannya masih diproses atau gagal. Ulangi penutupan tersebut sebelum membuka shift baru."
"Reprint a receipt","Cetak ulang struk"
"Request","Permintaan"
"Request not found.","Permintaan tidak ditemukan."
"Request only","Hanya permintaan"
"Requested Discount (%)","Diskon yang diminta (%)"
"Require Order ID","Wajib ID pesanan"
"Require a transaction reference","Wajib referensi transaksi"
"Require scanning for serial numbers (block manual typing)","Wajib pindai nomor seri (blokir pengetikan manual)"
"Required","Wajib"
"Requires Coupon Code","Wajib kode kupon"
"Reserve the goods on hold","Cadangkan stok barang titip bayar"
"Reset Code Hash","Hash kode reset"
"Reset Expires","Kedaluwarsa kode reset"
"Restrict refunds to the original payment method","Batasi pengembalian dana ke metode pembayaran asli"
"Restrict till actions to staff holding a role. Leave a role blank to allow everyone. System / LumenPOS Managers always pass.","Batasi tindakan di kasir untuk staf yang memegang peran tertentu. Kosongkan peran untuk mengizinkan semua orang. Manajer Sistem / Manajer LumenPOS selalu lolos."
"Resulting Invoice","Faktur hasil"
"Retrieved","Diambil kembali"
"Return Invoice","Faktur retur"
"Return Reason","Alasan retur"
"Return Reasons","Alasan retur"
"Return approval isn't required, returns are open.","Persetujuan retur tidak diperlukan, retur tidak dibatasi."
"Return past the window","Retur melewati batas waktu"
"Return policy / terms printed at the bottom of the receipt.","Kebijakan / ketentuan retur yang dicetak di bagian bawah struk."
"Return window (days)","Batas waktu retur (hari)"
"Returns are allowed within {0} days, this invoice is {1} days old. Send a return approval request to continue.","Retur diizinkan dalam {0} hari, faktur ini sudah {1} hari. Kirim permintaan persetujuan retur untuk melanjutkan."
"Reverse","Pembalikan"
"Reward","Hadiah"
"Reward Value","Nilai hadiah"
"Reward Value must be greater than zero","Nilai hadiah harus lebih dari nol"
"Row {0}: Qty must be at least 1","Baris {0}: kuantitas minimal 1"
"Row {0}: bundle Qty must be at least 1","Baris {0}: kuantitas paket minimal 1"
"Row {0}: invalid price '{1}'","Baris {0}: harga tidak valid '{1}'"
"Row {0}: item '{1}' not found","Baris {0}: barang '{1}' tidak ditemukan"
"Row {0}: no price for {1}","Baris {0}: tidak ada harga untuk {1}"
"Row {0}: set the {1} field","Baris {0}: isi kolom {1}"
"Row {0}: {1} is serialized, serialized items cannot be sold in bundles","Baris {0}: {1} memakai nomor seri, barang bernomor seri tidak dapat dijual dalam paket"
"Runs on {0}","Berlaku hari {0}"
"Sale","Penjualan"
"Sale type","Jenis penjualan"
"Sale {0} not found","Penjualan {0} tidak ditemukan"
"Scan or type a serial number","Pindai atau ketik nomor seri"
"Select a customer (or set a default customer on the POS Profile)","Pilih pelanggan (atau atur pelanggan bawaan di Profil POS)"
"Select an outlet","Pilih gerai"
"Select at least one item to return","Pilih minimal satu barang untuk diretur"
"Select the invoice to return.","Pilih faktur yang akan diretur."
"Selected Customer Groups","Grup pelanggan terpilih"
"Selected items were not found on the original sale","Barang yang dipilih tidak ditemukan pada penjualan asli"
"Sell in other currencies","Jual dalam mata uang lain"
"Separate per company","Terpisah per perusahaan"
"Serial numbers must be SCANNED with a barcode scanner, manual typing is rejected at the till. Turn off if a scanner is unavailable.","Nomor seri harus DIPINDAI dengan pemindai barcode, pengetikan manual ditolak di kasir. Matikan jika pemindai tidak tersedia."
"Serial {0} belongs to {1}","Nomor seri {0} milik {1}"
"Serial {0} came back on {1}, and ERPNext holds it until the shift close books that sale","Nomor seri {0} dikembalikan pada {1}, dan ERPNext menahannya sampai penutupan shift membukukan penjualan tersebut"
"Serial {0} does not exist","Nomor seri {0} tidak ada"
"Serial {0} is already sold on {1}, which the shift close has not booked yet","Nomor seri {0} sudah terjual di {1}, yang belum dibukukan oleh penutupan shift"
"Serial {0} is held by a sale the shift close has not booked yet","Nomor seri {0} tertahan oleh penjualan yang belum dibukukan oleh penutupan shift"
"Serial {0} is in {1}, not this register's warehouse","Nomor seri {0} ada di {1}, bukan di gudang kasir ini"
"Serial {0} is not in stock ({1})","Nomor seri {0} tidak ada di stok ({1})"
"Serial {0} is scanned twice in this sale","Nomor seri {0} dipindai dua kali dalam penjualan ini"
"Serial {0} is selected twice","Nomor seri {0} dipilih dua kali"
"Serial {0} was already returned","Nomor seri {0} sudah diretur"
"Serial {0} was not sold on this invoice","Nomor seri {0} tidak dijual pada faktur ini"
"Service Charge Account","Akun biaya layanan"
"Service charge","Biaya layanan"
"Service charge (%)","Biaya layanan (%)"
"Service charge ({0}%)","Biaya layanan ({0}%)"
"Service charge account (global fallback)","Akun biaya layanan (cadangan global)"
"Session Totals","Total sesi"
"Set a Coupon Code or untick 'Requires Coupon Code'","Isi kode kupon atau hapus centang 'Wajib kode kupon'"
"Set a Service charge account for {0} in LumenPOS Settings → Company Accounts (or the global default).","Atur akun biaya layanan untuk {0} di Pengaturan LumenPOS → Akun Perusahaan (atau bawaan global)."
"Set automatically once the use limit is reached.","Diisi otomatis setelah batas pemakaian tercapai."
"Set both Start Time and End Time, or neither","Isi waktu mulai dan waktu selesai sekaligus, atau kosongkan keduanya"
"Set by the daily update: per company currency, the published rate, the rate used, when, and any error.","Diisi oleh pembaruan harian: per mata uang perusahaan, kurs yang dipublikasikan, kurs yang dipakai, waktunya, dan kesalahan bila ada."
"Set up automatically, with a cash account in this currency.","Disiapkan otomatis, dengan akun kas dalam mata uang ini."
"Set up automatically: the customer a walk-in who pays in this currency is billed to.","Disiapkan otomatis: pelanggan yang dipakai untuk menagih pelanggan umum yang membayar dalam mata uang ini."
"Several cashiers on one outlet each need their own POS Profile on ERPNext 16.","Beberapa kasir di satu gerai masing-masing memerlukan Profil POS sendiri di ERPNext 16."
"Shared by the group","Bersama dalam grup"
"Shift already open","Shift sudah terbuka"
"Shift from an earlier day","Shift dari hari sebelumnya"
"Shift {0} is still being closed ({1}): retry its close from the Register screen.","Shift {0} masih dalam proses penutupan ({1}): ulangi penutupannya dari layar Kasir."
"Shift {0} recorded cash movements and can't be deleted. Cancel it instead.","Shift {0} mencatat pergerakan kas dan tidak dapat dihapus. Batalkan saja."
"Shifts","Shift"
"Show a Favourites grid of one-tap items on the sell screen.","Tampilkan grid Favorit berisi barang sekali ketuk di layar penjualan."
"Show a Price check button to look up an item's price + stock without selling it.","Tampilkan tombol Cek harga untuk melihat harga + stok barang tanpa menjualnya."
"Show an Email receipt button so a copy can be sent to the customer's email.","Tampilkan tombol Email struk agar salinannya dapat dikirim ke email pelanggan."
"Show item barcode","Tampilkan barcode barang"
"Show item code","Tampilkan kode barang"
"Show out-of-stock items in the grid","Tampilkan barang yang stoknya habis di grid"
"Show payment method lines","Tampilkan baris metode pembayaran"
"Show serial numbers","Tampilkan nomor seri"
"Show stock items that are out of stock (qty 0 or less) in the sell grid. Off = only items with stock are shown (non-stock items like services always show).","Tampilkan barang stok yang habis (qty 0 atau kurang) di grid penjualan. Nonaktif = hanya barang yang ada stoknya yang ditampilkan (barang non-stok seperti jasa selalu tampil)."
"Show store address","Tampilkan alamat toko"
"Show tax / VAT ID","Tampilkan nomor pajak / PPN"
"Show terms & conditions","Tampilkan syarat & ketentuan"
"Show the equivalent on local sales","Tampilkan nilai setara pada penjualan lokal"
"Show the sale note","Tampilkan catatan penjualan"
"Show unit price (qty × rate)","Tampilkan harga satuan (qty × harga)"
"Shown on the invoice when this person approves a discount, e.g. Manager Khobar","Ditampilkan di faktur saat orang ini menyetujui diskon, mis. Manajer Khobar"
"Sign in as Administrator to build demo data.","Masuk sebagai Administrator untuk membuat data demo."
"Simple Discount","Diskon sederhana"
"Single Use","Sekali pakai"
"Smallest first payment, as a percentage of the total. 0 = any amount.","Pembayaran pertama terkecil, dalam persentase dari total. 0 = berapa pun."
"Snapshot of the cart as JSON","Cuplikan keranjang dalam format JSON"
"Spend and Save","Belanja dan hemat"
"Spent at","Dipakai di"
"Stackable promotions combine with each other. Non-stackable promotions compete and only the best one applies.","Promo yang dapat digabung berlaku bersama-sama. Promo yang tidak dapat digabung saling bersaing dan hanya yang terbaik yang berlaku."
"Standard Price","Harga standar"
"Starts","Mulai"
"Status is Active","Status aktif"
"Store Credit","Saldo toko"
"Store address","Alamat toko"
"Store credit balance is too low to redeem {0}","Saldo toko tidak cukup untuk memakai {0}"
"Store credit balance is {0}, cannot redeem {1}","Saldo toko sebesar {0}, tidak dapat memakai {1}"
"Store credit refunds","Pengembalian dana ke saldo toko"
"Switch on automatic exchange rates first, and save.","Aktifkan kurs otomatis terlebih dahulu, lalu simpan."
"Taken By","Diterima oleh"
"Tax / VAT ID","Nomor pajak / PPN"
"Tax the outlet will add on top of the held prices at hand-over. Zero where the price list already includes it.","Pajak yang akan ditambahkan gerai di atas harga titip bayar saat penyerahan. Nol jika daftar harga sudah termasuk pajak."
"Terms & conditions","Syarat & ketentuan"
"Thank you for your purchase. Your receipt {0} is attached.","Terima kasih atas pembelian Anda. Struk Anda {0} terlampir."
"That code has expired. Ask for a new one.","Kode tersebut sudah kedaluwarsa. Minta kode baru."
"That code is not right.","Kode tersebut salah."
"That current PIN is not right.","PIN saat ini salah."
"That is more than the {0} still owed on this hold.","Jumlah itu melebihi sisa {0} yang masih harus dibayar untuk titip bayar ini."
"The POS Opening Entry {0} of this shift was cancelled in ERPNext, so the shift closes against its amendment {1}.","Pembukaan POS {0} untuk shift ini dibatalkan di ERPNext, jadi shift ditutup dengan amendemennya {1}."
"The POS sale that took this instalment, its line posts to the deposit liability account.","Penjualan POS yang menerima cicilan ini, barisnya dibukukan ke akun kewajiban uang muka."
"The Sales Order that reserves the goods while the hold is open.","Pesanan Penjualan yang mencadangkan barang selama titip bayar masih terbuka."
"The approval is {0}, not approved.","Status persetujuan ini {0}, belum disetujui."
"The approval's register session has closed.","Sesi kasir untuk persetujuan ini sudah ditutup."
"The approved discount ({0}%) is below the {1}% on this sale.","Diskon yang disetujui ({0}%) lebih rendah dari {1}% pada penjualan ini."
"The cashback expense account must be an Expense account, and {0} is {1}","Akun beban cashback harus berupa akun Beban, sedangkan {0} adalah {1}"
"The cashback liability account must be a Liability account, and {0} is {1}","Akun kewajiban cashback harus berupa akun Kewajiban, sedangkan {0} adalah {1}"
"The cashier must enter the terminal / transfer reference before the sale can complete.","Kasir harus memasukkan referensi terminal / transfer sebelum penjualan dapat diselesaikan."
"The cashier's register has closed, this request has expired.","Shift kasir tersebut sudah ditutup, permintaan ini sudah kedaluwarsa."
"The company that holds the balance: its liability goes down.","Perusahaan pemegang saldo: kewajibannya berkurang."
"The company whose outlet took the balance as payment and gave the goods.","Perusahaan yang gerainya menerima saldo sebagai pembayaran dan menyerahkan barang."
"The cost of the cashback program. Earned cashback is debited here, and expired or returned cashback is credited back. Leave empty to create ""Cashback Expense"" under Indirect Expenses.","Biaya program cashback. Cashback yang diperoleh didebit di sini, dan cashback yang kedaluwarsa atau diretur dikredit kembali. Kosongkan untuk membuat ""Cashback Expense"" di bawah Beban Tidak Langsung (Indirect Expenses)."
"The daily summary Journal Entry that booked this row to the accounts. Empty until it is posted. Redeem rows stay empty: the sale's payment books them.","Entri Jurnal ringkasan harian yang membukukan baris ini ke akun. Kosong sampai dibukukan. Baris penukaran tetap kosong: pembayaran penjualan yang membukukannya."
"The file has no rows","File tidak berisi baris"
"The goods coming back are worth more than the new ones. Choose how to refund {0}.","Barang yang kembali bernilai lebih tinggi daripada barang baru. Pilih cara mengembalikan dana {0}."
"The item a deposit is taken on. Blank = LumenPOS creates LUMENPOS-DEPOSIT.","Barang yang dipakai untuk menerima uang muka. Kosong = LumenPOS membuat LUMENPOS-DEPOSIT."
"The languages a cashier can pick at the till, one ERPNext language code per line (en, ar ...). Empty = every language LumenPOS ships, including ones a later update adds. English is always offered. Set from the till: Settings, General, Languages.","Bahasa yang dapat dipilih kasir di mesin kasir, satu kode bahasa ERPNext per baris (en, ar ...). Kosong = semua bahasa yang disertakan LumenPOS, termasuk yang ditambahkan pembaruan berikutnya. Bahasa Inggris selalu tersedia. Diatur dari kasir: Pengaturan, Umum, Bahasa."
"The margin for {0} must be from 0 to less than 100%.","Margin untuk {0} harus dari 0 sampai kurang dari 100%."
"The new items come to {0}, {1} is covered by the return, so {2} is due but {3} was entered.","Barang baru berjumlah {0}, {1} ditutup oleh retur, jadi {2} harus dibayar tetapi yang dimasukkan {3}."
"The outlet the cashback was earned at. Expire and Reverse rows keep the outlet of the Earn row they come from.","Gerai tempat cashback diperoleh. Baris kedaluwarsa dan pembalikan tetap memakai gerai dari baris perolehan asalnya."
"The payment method {0} already exists, and its account for {1} ({2}) is in {3}, not {4}. Give it a {4} account, or rename it, so the {4} cash drawer can be set up.","Metode pembayaran {0} sudah ada, dan akunnya untuk {1} ({2}) dalam {3}, bukan {4}. Beri akun {4}, atau ganti namanya, agar laci kas {4} dapat disiapkan."
"The promotion only applies when the cashier enters this coupon code at the till","Promo hanya berlaku jika kasir memasukkan kode kupon ini di mesin kasir"
"The qualifying items must total at least this to earn cashback","Total barang yang memenuhi syarat harus minimal sebesar ini untuk mendapat cashback"
"The rate must be more than 0.","Kurs harus lebih dari 0."
"The rates service answered: {0}","Layanan kurs menjawab: {0}"
"The rates service has no rate for {0}.","Layanan kurs tidak memiliki kurs untuk {0}."
"The refund split adds up to {0} but the refund is {1}.","Pembagian pengembalian dana berjumlah {0} tetapi pengembalian dananya {1}."
"The refund split adds up to {0} but {1} is left over after the new items.","Pembagian pengembalian dana berjumlah {0} tetapi sisa setelah barang baru adalah {1}."
"The sale doctype this entry came from. LumenPOS posts POS Invoices by default, but a profile can be set to post Sales Invoices instead.","Doctype penjualan asal entri ini. LumenPOS memposting Faktur POS secara bawaan, tetapi sebuah profil dapat diatur untuk memposting Faktur Penjualan sebagai gantinya."
"The till has NOT been closed automatically, a close without a real cash count is worthless.","Kasir TIDAK ditutup otomatis, penutupan tanpa hitungan kas yang sebenarnya tidak ada gunanya."
"The till values this currency this much below the published rate, the way a shop taking it at a market rate does.","Kasir menghitung mata uang ini lebih rendah dari kurs yang dipublikasikan sebesar nilai ini, seperti toko yang menerimanya dengan kurs pasar."
"There is no exchange rate from {0} to {1}. Set it in LumenPOS Settings, General, Other currencies.","Tidak ada kurs dari {0} ke {1}. Atur di Pengaturan LumenPOS, Umum, Mata uang lain."
"These items are never taken back: {0}","Barang berikut tidak pernah diterima kembali: {0}"
"These items need an approved return request: {0}","Barang berikut memerlukan permintaan retur yang disetujui: {0}"
"These items sell at the price set here while this book is active (by validity + priority). Items not listed keep their normal selling price.","Barang ini dijual dengan harga yang diatur di sini selama buku ini aktif (menurut masa berlaku + prioritas). Barang yang tidak tercantum tetap memakai harga jual normalnya."
"These items were sold together (bundle/offer) and must be returned together: {0}. Use Exchange for a partial swap.","Barang berikut dijual bersama (paket/penawaran) dan harus diretur bersama: {0}. Gunakan Tukar barang untuk penukaran sebagian."
"This approval is for a {0}, not a {1}.","Persetujuan ini untuk {0}, bukan {1}."
"This approval was already used.","Persetujuan ini sudah dipakai."
"This approval was issued to another cashier.","Persetujuan ini diberikan untuk kasir lain."
"This coupon's promotion isn't available right now","Promo kupon ini sedang tidak tersedia"
"This discount is within the {0}% limit, no approval needed.","Diskon ini masih dalam batas {0}%, tidak perlu persetujuan."
"This hold is {0}","Titip bayar ini berstatus {0}"
"This payment method cannot be used when the cart contains a matching item.","Metode pembayaran ini tidak dapat dipakai jika keranjang berisi barang yang cocok."
"This person passes, whatever roles they hold.","Orang ini lolos, apa pun perannya."
"This register is being closed. Reopen it (or wait for the close to finish) before ringing up this sale.","Kasir ini sedang ditutup. Buka kembali (atau tunggu penutupan selesai) sebelum memproses penjualan ini."
"This request was already {0}.","Permintaan ini sudah {0}."
"This return approval is for invoice {0}.","Persetujuan retur ini untuk faktur {0}."
"This role (plus managers) may return a sale past the return window WITHOUT an approval request. Blank = nobody bypasses (everyone uses the request flow).","Peran ini (serta manajer) boleh meretur penjualan yang melewati batas waktu retur TANPA permintaan persetujuan. Kosong = tidak ada yang dikecualikan (semua memakai alur permintaan)."
"This sale was paid by {0}, so it can only be refunded to: {1}. Adjust the refund methods in LumenPOS Settings if needed.","Penjualan ini dibayar dengan {0}, jadi dananya hanya dapat dikembalikan ke: {1}. Sesuaikan metode pengembalian dana di Pengaturan LumenPOS jika perlu."
"This sale was rung up as {0} but ERPNext calculated {1} (short by {2}). This is usually a price-list or VAT mismatch. Check that every item is priced on the active price list and that the VAT template's 'included in rate' flag matches your shelf prices (Settings → Status).","Penjualan ini diinput sebesar {0} tetapi ERPNext menghitung {1} (kurang {2}). Biasanya ini karena ketidakcocokan daftar harga atau PPN. Pastikan setiap barang memiliki harga di daftar harga yang aktif dan tanda 'termasuk dalam harga' pada templat PPN sesuai dengan harga rak Anda (Pengaturan → Status)."
"This shift belongs to {0}. Only the cashier who opened the register can sell on it. Close that shift and open your own.","Shift ini milik {0}. Hanya kasir yang membukanya yang dapat berjualan di shift ini. Tutup shift tersebut dan buka shift Anda sendiri."
"This shift was opened on {0}. ERPNext 16 accepts sales only on a shift opened today: close this shift on the Register screen and open a new one.","Shift ini dibuka pada {0}. ERPNext 16 hanya menerima penjualan pada shift yang dibuka hari ini: tutup shift ini di layar Kasir dan buka shift baru."
"This shop asks for at least {0}% down, which is {1}.","Toko ini meminta uang muka minimal {0}%, yaitu {1}."
"This site already has {0} posted POS invoices, so it does not look like an empty demo site. Nothing was created.","Situs ini sudah memiliki {0} Faktur POS yang diposting, jadi tidak tampak seperti situs demo kosong. Tidak ada yang dibuat."
"This version of Lumen Reports does not include the LumenPOS dashboard yet. Update Lumen Reports, then try again.","Versi Lumen Reports ini belum menyertakan dasbor LumenPOS. Perbarui Lumen Reports, lalu coba lagi."
"Tick to EXCLUDE these products instead of including them (e.g. all products except this brand)","Centang untuk MENGECUALIKAN produk ini alih-alih menyertakannya (mis. semua produk kecuali merek ini)"
"Times Used","Jumlah pemakaian"
"To let customers pay with loyalty points, tick 'Allow Partial Payment' on the POS Profile {0}. This version of ERPNext counts only cash and card towards the total, so it rejects a sale that is part points even though the sale is fully settled. LumenPOS still checks every sale adds up before it posts.","Agar pelanggan dapat membayar dengan poin loyalitas, centang 'Izinkan Pembayaran Sebagian' di Profil POS {0}. Versi ERPNext ini hanya menghitung tunai dan kartu terhadap total, sehingga menolak penjualan yang sebagian dibayar dengan poin meskipun penjualan sudah lunas. LumenPOS tetap memeriksa bahwa setiap penjualan sudah pas sebelum diposting."
"Too many attempts, wait a minute and try again.","Terlalu banyak percobaan, tunggu satu menit lalu coba lagi."
"Too many attempts, wait a moment and try again.","Terlalu banyak percobaan, tunggu sebentar lalu coba lagi."
"Total Discounts","Total diskon"
"Total Sales","Total penjualan"
"Turn till features on or off. Each control is independent.","Aktifkan atau nonaktifkan fitur kasir. Setiap kontrol berdiri sendiri."
"Unknown delivery app {0}. Add it in LumenPOS Settings","Aplikasi pesan antar {0} tidak dikenal. Tambahkan di Pengaturan LumenPOS"
"Unknown item {0}","Barang {0} tidak dikenal"
"Unknown request type {0}","Jenis permintaan {0} tidak dikenal"
"Unlocked by {0}","Dibuka oleh {0}"
"Update exchange rates automatically","Perbarui kurs secara otomatis"
"Usable After (days)","Dapat dipakai setelah (hari)"
"Usable From","Dapat dipakai sejak"
"Use Limit","Batas pemakaian"
"Used At","Dipakai pada"
"Used On (Invoice)","Dipakai di (faktur)"
"Used when the outlet has no shift schedule.","Dipakai jika gerai tidak memiliki jadwal shift."
"Users holding this role (plus LumenPOS/System Managers) can approve discount AND return requests. Requests can only be approved while the cashier's register is still open.","Pengguna yang memegang peran ini (serta Manajer LumenPOS/Manajer Sistem) dapat menyetujui permintaan diskon DAN retur. Permintaan hanya dapat disetujui selama shift kasir yang meminta masih berjalan."
"Valid For (days)","Berlaku selama (hari)"
"Valid To","Berlaku sampai"
"Valid To cannot be before Valid From","Tanggal Berlaku sampai tidak boleh sebelum tanggal Berlaku dari"
"Valid Until","Berlaku hingga"
"Variance threshold","Ambang selisih"
"Walk-in customer","Pelanggan umum"
"What is being approved","Yang sedang disetujui"
"What the company owes customers in unspent cashback. Earned cashback is credited here and spent cashback is debited. Leave empty to create ""Cashback"" under Current Liabilities.","Jumlah yang terutang perusahaan kepada pelanggan berupa cashback yang belum dipakai. Cashback yang diperoleh dikredit di sini dan cashback yang dipakai didebit. Kosongkan untuk membuat ""Cashback"" di bawah Kewajiban Lancar (Current Liabilities)."
"What the customer pays in the end, tax and all.","Jumlah akhir yang dibayar pelanggan, sudah termasuk pajak."
"What this rule refuses to take back.","Barang yang ditolak returnya oleh aturan ini."
"What to call it at the till, e.g. ""Approval code"" or ""Transfer no."". Defaults to ""Reference"".","Sebutan di kasir, mis. ""Kode persetujuan"" atau ""No. transfer"". Bawaannya ""Referensi""."
"When several price books apply, the highest priority wins","Jika beberapa buku harga berlaku, prioritas tertinggi yang dipakai"
"Where it applies","Tempat berlaku"
"Which price the discount is calculated from. Price Book Price stacks on an active price book. Standard Price discounts from the regular price and gives the customer the lower of the two (never stacks with a price book).","Harga dasar untuk menghitung diskon. Harga Buku Harga ditumpuk pada buku harga yang aktif. Harga Standar memotong dari harga biasa dan memberi pelanggan harga yang lebih rendah dari keduanya (tidak pernah ditumpuk dengan buku harga)."
"Which sale is being exchanged?","Penjualan mana yang ditukar?"
"Who can do what","Siapa boleh melakukan apa"
"Who may do what at the till. A capability with no row here is open to everyone (except returning past the window, which stays closed unless named). Managers always pass.","Siapa yang boleh melakukan apa di kasir. Tindakan yang tidak punya baris di sini terbuka untuk semua orang (kecuali retur melewati batas waktu, yang tetap tertutup kecuali disebutkan). Manajer selalu lolos."
"Wrong approver passcode for the {0}% discount.","Kode akses pemberi persetujuan salah untuk diskon {0}%."
"X-report (mid-shift read)","Laporan X (pembacaan tengah shift)"
"You are not allowed to approve requests.","Anda tidak diizinkan menyetujui permintaan."
"You are not allowed to close a register","Anda tidak diizinkan menutup kasir"
"You are not allowed to exchange goods","Anda tidak diizinkan melakukan tukar barang"
"You are not allowed to hold goods for a customer","Anda tidak diizinkan membuat titip bayar untuk pelanggan"
"You are not allowed to open a register","Anda tidak diizinkan membuka kasir"
"You are not allowed to put money in or take it out","Anda tidak diizinkan memasukkan atau mengeluarkan uang"
"You are not allowed to reprint a receipt","Anda tidak diizinkan mencetak ulang struk"
"You are not assigned to outlet {0}. Ask an administrator to add you under Applicable for Users.","Anda tidak ditugaskan ke gerai {0}. Minta administrator menambahkan Anda di daftar Berlaku untuk Pengguna."
"You are not permitted to close a register","Anda tidak berwenang menutup kasir"
"You are not permitted to make sales","Anda tidak berwenang melakukan penjualan"
"You are not permitted to open a register","Anda tidak berwenang membuka kasir"
"You are not permitted to view customers.","Anda tidak berwenang melihat pelanggan."
"You are not permitted to work with {0}","Anda tidak berwenang bekerja dengan {0}"
"You are not permitted to {0} {1}.","Anda tidak berwenang untuk {0} {1}."
"You can only manage your own register","Anda hanya dapat mengelola kasir Anda sendiri"
"You can't approve your own request, another approver must.","Anda tidak dapat menyetujui permintaan Anda sendiri, pemberi persetujuan lain yang harus menyetujuinya."
"You cannot see {0}'s figures","Anda tidak dapat melihat angka-angka dari {0}"
"You do not have access to the POS. Ask an administrator to grant you the LumenPOS Cashier role (or POS Invoice access).","Anda tidak memiliki akses ke POS. Minta administrator memberi Anda peran Kasir LumenPOS (atau akses Faktur POS)."
"You're not allowed to edit prices or apply discounts on a sale.","Anda tidak diizinkan mengubah harga atau memberi diskon pada penjualan."
"You're not allowed to make returns.","Anda tidak diizinkan melakukan retur."
"Your LumenPOS PIN reset code","Kode reset PIN LumenPOS Anda"
"Your VAT / tax registration number.","Nomor registrasi PPN / pajak Anda."
"Your receipt from {0}, {1}","Struk Anda dari {0}, {1}"
"Your user has no email address. Ask an administrator to reset your PIN.","Pengguna Anda tidak memiliki alamat email. Minta administrator mengatur ulang PIN Anda."
"late return approved by {0}","retur terlambat disetujui oleh {0}"
"not scheduled","tidak terjadwal"
"the close has not finished","penutupan belum selesai"
"transaction reference","referensi transaksi"
"{0} '{1}' does not exist. Pick it from the dropdown list","{0} '{1}' tidak ada. Pilih dari daftar pilihan"
"{0} are in {1} only, and this customer buys in {2}.","{0} hanya dalam {1}, sedangkan pelanggan ini berbelanja dalam {2}."
"{0} can't be used for this sale ({1}). Choose another payment method.","{0} tidak dapat dipakai untuk penjualan ini ({1}). Pilih metode pembayaran lain."
"{0} can't be used to refund this sale. Allowed: {1}.","{0} tidak dapat dipakai untuk pengembalian dana penjualan ini. Yang diizinkan: {1}."
"{0} cannot be returned","{0} tidak dapat diretur"
"{0} has NO price on price list '{1}', a percentage of 0 is 0","{0} TIDAK memiliki harga di daftar harga '{1}', persentase dari 0 tetap 0"
"{0} has shift {1} open since {2}: close it first.","{0} memiliki shift {1} yang terbuka sejak {2}: tutup terlebih dahulu."
"{0} is billed in {1}, but this till sells in {2}. Switch on Other currencies in LumenPOS Settings, choose another customer, or clear the customer's Billing Currency in ERPNext (Customer, Currency and Price List).","{0} ditagih dalam {1}, tetapi kasir ini berjualan dalam {2}. Aktifkan Mata uang lain di Pengaturan LumenPOS, pilih pelanggan lain, atau kosongkan Mata Uang Penagihan pelanggan di ERPNext (Pelanggan, Mata Uang dan Daftar Harga)."
"{0} is billed in {1}, which this till does not sell in. Add {1} in LumenPOS Settings, General, Other currencies, or change the customer's Billing Currency.","{0} ditagih dalam {1}, sedangkan kasir ini tidak berjualan dalam mata uang tersebut. Tambahkan {1} di Pengaturan LumenPOS, Umum, Mata uang lain, atau ubah Mata Uang Penagihan pelanggan."
"{0} is not a field of the customer form","{0} bukan kolom formulir pelanggan"
"{0} is serialized, quantity must be a whole number","{0} memakai nomor seri, kuantitas harus bilangan bulat"
"{0} is serialized: scan {1} serial number(s), got {2}","{0} memakai nomor seri: pindai {1} nomor seri, diterima {2}"
"{0} is serialized: select {1} serial number(s) to return, got {2}","{0} memakai nomor seri: pilih {1} nomor seri untuk diretur, diterima {2}"
"{0} issued by {1} and spent at {2}","{0} diterbitkan oleh {1} dan dipakai di {2}"
"{0} needs a {1} before this sale can be completed.","{0} memerlukan {1} sebelum penjualan ini dapat diselesaikan."
"{0} sales · takings {1}","{0} penjualan · pemasukan {1}"
"{0} takes {1} only, and this sale is in {2}.","{0} hanya menerima {1}, sedangkan penjualan ini dalam {2}."
"{0} was sold by {1}, but this till belongs to {2}. A return must be processed by a till in the same company.","{0} dijual oleh {1}, tetapi kasir ini milik {2}. Retur harus diproses oleh kasir di perusahaan yang sama."
"{0}% discount cleared by approved request {1}","Diskon {0}% disetujui melalui permintaan {1}"
"{0}% discount cleared by passcode","Diskon {0}% disetujui dengan kode akses"
"“{0}” is a base selling price list, editing it here would change your normal selling prices. Create a dedicated price list for this book/app instead.","“{0}” adalah daftar harga jual dasar, mengubahnya di sini akan mengubah harga jual normal Anda. Buat daftar harga khusus untuk buku/aplikasi ini sebagai gantinya."
