"(no recorded payment)","(ไม่มีการชำระเงินที่บันทึกไว้)"
"0 = unlimited repeats per sale","0 = ใช้ซ้ำได้ไม่จำกัดในแต่ละการขาย"
"0 = usable immediately. Otherwise it becomes spendable this many days after the sale.","0 = ใช้ได้ทันที มิฉะนั้นจะใช้ได้เมื่อครบจำนวนวันนี้หลังการขาย"
"<p>Your PIN reset code is <b>{0}</b>.</p><p>It expires in {1} minutes. If you didn't ask for this, ignore this email, your current PIN still works.</p>","<p>รหัสรีเซ็ต PIN ของคุณคือ <b>{0}</b></p><p>รหัสนี้หมดอายุใน {1} นาที หากคุณไม่ได้ขอรหัสนี้ ไม่ต้องสนใจอีเมลนี้ PIN ปัจจุบันของคุณยังใช้ได้</p>"
"A PIN must be 4 to 8 digits.","PIN ต้องเป็นตัวเลข 4 ถึง 8 หลัก"
"A built-in field of the form (mobile_no, email_id, tax_id, building_no, street, district, city, postal_code, additional_no) or any field of Customer.","ฟิลด์ในตัวของฟอร์ม (mobile_no, email_id, tax_id, building_no, street, district, city, postal_code, additional_no) หรือฟิลด์ใดก็ได้ของลูกค้า"
"A bundle needs specific product rows, not 'all products'","ชุดสินค้าต้องมีแถวสินค้าที่ระบุ ไม่ใช่ 'สินค้าทั้งหมด'"
"A customer billed in another currency (Customer, Currency and Price List) buys in it: prices, payment and receipt in that currency, at a rate fixed for the shift. Off: such a customer is refused.","ลูกค้าที่เรียกเก็บเงินในสกุลเงินอื่น (ลูกค้า, สกุลเงินและรายการราคา) จะซื้อในสกุลเงินนั้น: ราคา การชำระเงิน และใบเสร็จเป็นสกุลเงินนั้น ตามอัตราที่ตรึงไว้สำหรับกะ ปิด: ปฏิเสธลูกค้าลักษณะนี้"
"A gift card cannot pay for a gift card","ใช้บัตรของขวัญชำระค่าบัตรของขวัญไม่ได้"
"A hold needs a customer, so the shop knows whose goods these are","การจองสินค้าต้องระบุลูกค้า เพื่อให้ร้านรู้ว่าสินค้าเป็นของใคร"
"A label for the batch this code was generated/imported in.","ชื่อกำกับของล็อตที่รหัสนี้ถูกสร้าง/นำเข้า"
"A manual discount of {0}% exceeds the {1}% limit, approver passcode required","ส่วนลดที่ใส่เอง {0}% เกินเพดาน {1}% ต้องใช้รหัสผ่านผู้อนุมัติ"
"A manual discount of {0}% exceeds the {1}% limit. Enter the manager passcode or send an approval request.","ส่วนลดที่ใส่เอง {0}% เกินเพดาน {1}% ป้อนรหัสผ่านผู้จัดการ หรือส่งคำขออนุมัติ"
"A manual discount of {0}% exceeds the {1}% limit. Send an approval request.","ส่วนลดที่ใส่เอง {0}% เกินเพดาน {1}% ส่งคำขออนุมัติ"
"A percentage of the qualifying items, or a fixed amount","เปอร์เซ็นต์ของสินค้าที่เข้าเงื่อนไข หรือจำนวนเงินคงที่"
"A price cannot be below zero.","ราคาต้องไม่ต่ำกว่าศูนย์"
"A reason the cashier can pick when refunding an item (shown at the till).","เหตุผลที่แคชเชียร์เลือกได้เมื่อคืนเงินค่าสินค้า (แสดงที่เครื่องคิดเงิน)"
"A refund does not go back onto a gift card or cashback. Refund that part as store credit.","การคืนเงินจะไม่คืนเข้าบัตรของขวัญหรือแคชแบ็ก ให้คืนส่วนนั้นเป็นเครดิตร้าน"
"A register closed with a counted difference over the alert threshold.","เครื่องคิดเงินถูกปิดโดยมีส่วนต่างจากการนับเกินเกณฑ์แจ้งเตือน"
"A register is still open well past the end of its shift.","เครื่องคิดเงินยังเปิดอยู่ทั้งที่เลยเวลาสิ้นสุดกะไปนานแล้ว"
"A reusable timetable, one schedule can serve many outlets.","ตารางเวลาที่ใช้ซ้ำได้ ตารางเดียวใช้กับหลายสาขาได้"
"A shift belongs to","ขอบเขตของกะ"
"A statistics page for managers. With the Lumen Reports app installed it embeds a ready-made POS sales dashboard, otherwise it suggests installing it.","หน้าสถิติสำหรับผู้จัดการ เมื่อติดตั้งแอป Lumen Reports แล้ว หน้านี้จะฝังแดชบอร์ดการขาย POS สำเร็จรูป มิฉะนั้นจะแนะนำให้ติดตั้งแอปนี้"
"Absolute difference (over or short) on any payment method that triggers the email.","ค่าส่วนต่างสัมบูรณ์ (เกินหรือขาด) ในวิธีการชำระเงินใดก็ได้ ที่จะทำให้ระบบส่งอีเมล"
"Account {0} belongs to {1}, not {2}","บัญชี {0} เป็นของ {1} ไม่ใช่ {2}"
"Account {0} does not belong to {1}","บัญชี {0} ไม่ได้เป็นของ {1}"
"Account {0} is a group account. Pick an account under it","บัญชี {0} เป็นบัญชีกลุ่ม ให้เลือกบัญชีที่อยู่ภายใต้บัญชีนี้"
"Account {0} is a {1} account, which cashback cannot post to","บัญชี {0} เป็นบัญชีประเภท {1} ซึ่งแคชแบ็กลงบัญชีไม่ได้"
"Account {0} is a {1} account, which needs a party on every line","บัญชี {0} เป็นบัญชีประเภท {1} ซึ่งต้องระบุคู่ค้าในทุกบรรทัด"
"Account {0} is disabled","บัญชี {0} ถูกปิดใช้งาน"
"Account {0} must be an Asset account, and it is {1}","บัญชี {0} ต้องเป็นบัญชีสินทรัพย์ แต่บัญชีนี้เป็น {1}"
"Add a service charge to every sale (e.g. restaurants / salons).","เพิ่มค่าบริการในทุกการขาย (เช่น ร้านอาหาร / ร้านเสริมสวย)"
"Add at least one item the customer is taking instead","เพิ่มสินค้าที่ลูกค้าจะรับไปแทนอย่างน้อยหนึ่งรายการ"
"Add at least one item to the test basket","เพิ่มสินค้าในตะกร้าทดสอบอย่างน้อยหนึ่งรายการ"
"Add at least one product row or tick 'Apply on all products'","เพิ่มแถวสินค้าอย่างน้อยหนึ่งแถว หรือเลือก 'ใช้กับสินค้าทั้งหมด'"
"Add the goods being held","เพิ่มสินค้าที่จะจองไว้"
"Add the items that make up the bundle","เพิ่มสินค้าที่ประกอบเป็นชุดสินค้า"
"After this date the shop may cancel the hold. Nothing happens automatically.","หลังวันที่นี้ร้านยกเลิกการจองสินค้าได้ ระบบจะไม่ดำเนินการใดโดยอัตโนมัติ"
"Alert only, a till is never closed automatically, because a close without a real cash count produces figures nobody can trust.","แจ้งเตือนเท่านั้น ระบบไม่ปิดเครื่องคิดเงินโดยอัตโนมัติ เพราะการปิดโดยไม่ได้นับเงินสดจริงจะได้ตัวเลขที่ไม่มีใครเชื่อถือได้"
"All Customers","ลูกค้าทั้งหมด"
"Allocated Price","ราคาที่ปันส่วน"
"Allocated prices add up to {0}, but the Bundle Price is {1}, they must match exactly","ราคาที่ปันส่วนรวมได้ {0} แต่ราคาชุดสินค้าคือ {1} ทั้งสองต้องเท่ากันพอดี"
"Allow a refund to be parked on the customer's Store Credit instead of handing money back. Turn OFF if shop policy is money-back only. Note: credit the customer actually SPENT on that sale can always be returned to credit (capped at what they spent), otherwise a credit-paid sale would have no refund method at all.","อนุญาตให้คืนเงินเข้าเครดิตร้านของลูกค้าแทนการคืนเป็นเงิน ปิดไว้หากนโยบายร้านคืนเป็นเงินเท่านั้น หมายเหตุ: เครดิตร้านที่ลูกค้าใช้จ่ายจริงในการขายนั้นคืนกลับเป็นเครดิตร้านได้เสมอ (ไม่เกินจำนวนที่ใช้ไป) มิฉะนั้นการขายที่ชำระด้วยเครดิตร้านจะไม่มีวิธีคืนเงินเลย"
"Allow a single discount on the whole cart (subject to the discount limit + edit-price role).","อนุญาตให้ใช้ส่วนลดเดียวกับทั้งตะกร้า (ขึ้นกับเพดานส่วนลด + บทบาทแก้ไขราคา)"
"Allow printing an X-report (mid-shift drawer read) without closing the register.","อนุญาตให้พิมพ์รายงาน X (ดูยอดลิ้นชักเก็บเงินระหว่างกะ) โดยไม่ต้องปิดเครื่องคิดเงิน"
"Allow refund as","อนุญาตให้คืนเงินเป็น"
"Allow refunding to Store Credit","อนุญาตให้คืนเงินเป็นเครดิตร้าน"
"Allow refunding to this mode","อนุญาตให้คืนเงินเป็นวิธีการชำระเงินนี้"
"Always positive. Earn adds, the rest remove.","เป็นค่าบวกเสมอ ประเภทได้รับจะเพิ่มยอด ประเภทอื่นจะหักยอด"
"Always positive; Issue adds to the balance, Redeem subtracts","เป็นค่าบวกเสมอ ประเภทออกให้จะเพิ่มยอดคงเหลือ ประเภทใช้ยอดจะหักออก"
"Amount must be positive, use Entry Type to add or subtract","จำนวนเงินต้องเป็นค่าบวก ใช้ประเภทรายการเพื่อเพิ่มหรือหักยอด"
"An approved request can still return it","คำขอที่ได้รับอนุมัติยังคืนสินค้านี้ได้"
"An end time EARLIER than (or equal to) the start means the shift crosses midnight.","เวลาสิ้นสุดที่ก่อน (หรือเท่ากับ) เวลาเริ่ม หมายถึงกะข้ามเที่ยงคืน"
"An item tag (the tags you add to items in ERPNext)","แท็กสินค้า (แท็กที่คุณเพิ่มให้สินค้าใน ERPNext)"
"Anyone holding this role passes. Leave blank to name a single person instead.","ทุกคนที่มีบทบาทนี้ผ่านได้ เว้นว่างไว้หากต้องการระบุเป็นรายบุคคลแทน"
"Applies to this group AND everything under it.","ใช้กับกลุ่มนี้และทุกอย่างที่อยู่ภายใต้กลุ่มนี้"
"Apply on all products","ใช้กับสินค้าทั้งหมด"
"Approver Name","ชื่อผู้อนุมัติ"
"Approver Role (for requests)","บทบาทผู้อนุมัติ (สำหรับคำขอ)"
"Ask for a reset code first.","ขอรหัสรีเซ็ตก่อน"
"Asset account for what other companies of the group owe this one for customer balances spent here. Created automatically when empty.","บัญชีสินทรัพย์สำหรับยอดที่บริษัทอื่นในกลุ่มค้างชำระบริษัทนี้ จากยอดคงเหลือของลูกค้าที่ใช้จ่ายที่นี่ สร้างอัตโนมัติเมื่อเว้นว่าง"
"At least one payment is required","ต้องมีการชำระเงินอย่างน้อยหนึ่งรายการ"
"Audit log","บันทึกการตรวจสอบ"
"Auto-lock after (minutes)","ล็อกอัตโนมัติหลังจาก (นาที)"
"Auto-lock after this many minutes of inactivity (0 = manual lock only).","ล็อกอัตโนมัติเมื่อไม่มีการใช้งานครบจำนวนนาทีนี้ (0 = ล็อกเองเท่านั้น)"
"Automatic rate status","สถานะอัตราอัตโนมัติ"
"Basket Discount Type","ประเภทส่วนลดตะกร้า"
"Basket Discount Value","ค่าส่วนลดตะกร้า"
"Basket Discount Value must be greater than zero","ค่าส่วนลดตะกร้าต้องมากกว่าศูนย์"
"Block regular returns after the return window below. Past the window, the cashier can send a return-approval request that an Approver Role holder approves while the register is open.","บล็อกการคืนสินค้าตามปกติเมื่อพ้นระยะเวลาคืนสินค้าด้านล่าง หลังพ้นระยะเวลา แคชเชียร์ส่งคำขออนุมัติการคืนสินค้าได้ ซึ่งผู้ที่มีบทบาทผู้อนุมัติจะอนุมัติได้ขณะที่เครื่องคิดเงินเปิดอยู่"
"Blocked Mode of Payment","วิธีการชำระเงินที่ห้ามใช้"
"Bundle Price","ราคาชุดสินค้า"
"Bundle Price must be greater than zero","ราคาชุดสินค้าต้องมากกว่าศูนย์"
"Bundle Price only: units of this product required per bundle","สำหรับราคาชุดสินค้าเท่านั้น: จำนวนหน่วยของสินค้านี้ที่ต้องมีต่อหนึ่งชุดสินค้า"
"Bundle {0} does not exist","ไม่มีชุดสินค้า {0}"
"Bundle {0} is inactive","ชุดสินค้า {0} ไม่ได้ใช้งาน"
"Bundle {0} is incomplete, it needs exactly: {1}","ชุดสินค้า {0} ไม่ครบ ต้องมีตามนี้พอดี: {1}"
"Bundle {0} is not offered at {1}","ชุดสินค้า {0} ไม่มีขายที่ {1}"
"Bundle {0} is not valid today","ชุดสินค้า {0} ใช้ไม่ได้ในวันนี้"
"Buy Quantity","จำนวนที่ซื้อ"
"Buy Quantity must be at least 1","จำนวนที่ซื้อต้องไม่น้อยกว่า 1"
"Buy X Get Y","ซื้อ X รับ Y"
"Cache only in-stock items for offline use","แคชเฉพาะสินค้าที่มีสต็อกไว้ใช้ออฟไลน์"
"Calculate discount on","คำนวณส่วนลดจาก"
"Can","สิทธิ์"
"Can combine with other cashback rules","ใช้ร่วมกับกฎแคชแบ็กอื่นได้"
"Can combine with other promotions","ใช้ร่วมกับโปรโมชันอื่นได้"
"Cap on the cashback from one sale (0 = no cap). Applies to a percentage.","เพดานแคชแบ็กต่อการขายหนึ่งครั้ง (0 = ไม่จำกัด) ใช้กับแบบเปอร์เซ็นต์"
"Card Number","หมายเลขบัตร"
"Cart JSON","ข้อมูลตะกร้า (JSON)"
"Cart Total","ยอดรวมตะกร้า"
"Cart is empty","ตะกร้าว่าง"
"Cart lines / invoice summary captured when the request was raised.","รายการในตะกร้า / สรุปใบแจ้งหนี้ ที่บันทึกไว้เมื่อส่งคำขอ"
"Cash Float","เงินทอนตั้งต้น"
"Cash In","นำเงินสดเข้า"
"Cash In / Out","นำเงินสดเข้า / ออก"
"Cash Movements","การเคลื่อนไหวเงินสด"
"Cash Out","นำเงินสดออก"
"Cash in / out","นำเงินสดเข้า / ออก"
"Cash in this currency","เงินสดในสกุลเงินนี้"
"Cash variance on {0} ({1})","ส่วนต่างเงินสดที่ {0} ({1})"
"Cashback","แคชแบ็ก"
"Cashback Expense Account","บัญชีค่าใช้จ่ายแคชแบ็ก"
"Cashback Liability Account","บัญชีหนี้สินแคชแบ็ก"
"Cashback Rule","กฎแคชแบ็ก"
"Cashback Type","ประเภทแคชแบ็ก"
"Cashback balance is too low to redeem {0}","ยอดแคชแบ็กไม่พอสำหรับใช้ {0}"
"Cashback balance is {0}, cannot redeem {1}","ยอดแคชแบ็กคงเหลือ {0} ใช้ {1} ไม่ได้"
"Cashier Name","ชื่อแคชเชียร์"
"Change at this outlet comes from {0}, which is in {1}: a sale in {2} cannot give change from it. Take the exact amount, or set the outlet's Account for Change Amount (POS Profile) to an account in {3}.","เงินทอนที่สาขานี้จ่ายจาก {0} ซึ่งเป็นสกุลเงิน {1}: การขายในสกุลเงิน {2} จึงทอนเงินจากบัญชีนี้ไม่ได้ ให้รับเงินพอดียอด หรือตั้ง Account for Change Amount ของสาขา (โปรไฟล์ POS) เป็นบัญชีในสกุลเงิน {3}"
"Change given in this currency","ให้เงินทอนเป็นสกุลเงินนี้"
"Choose exactly what each receipt shows.","เลือกได้ว่าใบเสร็จแต่ละใบจะแสดงอะไรบ้าง"
"Choose the company this program belongs to","เลือกบริษัทที่เป็นเจ้าของโปรแกรมนี้"
"Choose the {0} this rule applies to","เลือก {0} ที่กฎนี้ใช้"
"Close the register","ปิดเครื่องคิดเงิน"
"Close your open shift first: {0}. This shop allows one open shift per person at a time.","ปิดกะที่เปิดอยู่ของคุณก่อน: {0} ร้านนี้อนุญาตให้แต่ละคนเปิดกะได้ครั้งละหนึ่งกะเท่านั้น"
"Closed At","ปิดเมื่อ"
"Closed by","ปิดโดย"
"Closing Attempts","จำนวนครั้งที่พยายามปิด"
"Closing Counts","ยอดนับตอนปิด"
"Closing Error","ข้อผิดพลาดตอนปิด"
"Closing Note","หมายเหตุการปิด"
"Closing Started At","เริ่มปิดเมื่อ"
"Closing Status","สถานะการปิด"
"Closing figures out of date","ตัวเลขปิดกะไม่เป็นปัจจุบัน"
"Compact","กะทัดรัด"
"Companies of the group","บริษัทในกลุ่ม"
"Company Accounts","บัญชีบริษัท"
"Company customers","ลูกค้าประเภทบริษัท"
"Consolidation","การรวมรายการ"
"Consolidation Error","ข้อผิดพลาดในการรวมรายการ"
"Consolidation failed","การรวมยอดล้มเหลว"
"Could not reach printer at {0}:{1} ({2})","เชื่อมต่อเครื่องพิมพ์ที่ {0}:{1} ไม่ได้ ({2})"
"Counted","ยอดนับจริง"
"Coupon","คูปอง"
"Coupon code {0} is already used by {1}","รหัสคูปอง {0} ถูกใช้อยู่แล้วโดย {1}"
"Currencies the till sells in","สกุลเงินที่ขายที่เครื่องคิดเงิน"
"Custom Fields (JSON)","ฟิลด์กำหนดเอง (JSON)"
"Customer Eligibility","ลูกค้าที่มีสิทธิ์"
"Customer balances across companies","ยอดคงเหลือของลูกค้าระหว่างบริษัท"
"Customer currency","สกุลเงินของลูกค้า"
"Customer deposits account","บัญชีเงินมัดจำลูกค้า"
"Customer group eligibility","สิทธิ์ตามกลุ่มลูกค้า"
"Customer has {0} loyalty points, cannot redeem {1}","ลูกค้ามีคะแนนสะสม {0} คะแนน แลก {1} คะแนนไม่ได้"
"Customer name is required","ต้องระบุชื่อลูกค้า"
"Customer pays this for the whole bundle; the saving is split across the component lines (kept separate so each item can be returned individually)","ลูกค้าจ่ายราคานี้สำหรับทั้งชุดสินค้า ส่วนที่ประหยัดได้จะแบ่งไปตามรายการสินค้าในชุด (แยกรายการไว้เพื่อให้คืนสินค้าแต่ละรายการได้)"
"Customer pays this total for one full set of the products listed above (use the Qty column for multiples). Items stay separate lines on the invoice.","ลูกค้าจ่ายยอดรวมนี้สำหรับสินค้าที่ระบุด้านบนครบหนึ่งชุด (ใช้คอลัมน์จำนวนสำหรับสินค้าที่ต้องมีหลายชิ้น) สินค้ายังคงแยกเป็นรายการในใบแจ้งหนี้"
"Customer {0} is not enrolled in a loyalty program","ลูกค้า {0} ไม่ได้อยู่ในโปรแกรมสะสมคะแนน"
"Customer {0} not found","ไม่พบลูกค้า {0}"
"Customer-facing display","จอแสดงผลลูกค้า"
"Daily time window","ช่วงเวลาประจำวัน"
"Date window ({0} → {1})","ช่วงวันที่ ({0} → {1})"
"Days Closed While the Shift Ran","วันที่ปิดระหว่างกะ"
"Days after the sale during which a regular return is allowed. 0 = no time limit.","จำนวนวันหลังการขายที่ยังคืนสินค้าตามปกติได้ 0 = ไม่จำกัดเวลา"
"Days of Week","วันในสัปดาห์"
"Decided At","พิจารณาเมื่อ"
"Decided By","พิจารณาโดย"
"Decision","ผลการพิจารณา"
"Decision Note","หมายเหตุการพิจารณา"
"Delivery Apps","แอปเดลิเวอรี"
"Deposit for hold {0}","เงินมัดจำสำหรับการจองสินค้า {0}"
"Deposit item","สินค้าเงินมัดจำ"
"Deposits are taxable when taken","คิดภาษีเงินมัดจำเมื่อรับเงิน"
"Detail","รายละเอียด"
"Detailed","ละเอียด"
"Discount Approval","การอนุมัติส่วนลด"
"Discount Approvers","ผู้อนุมัติส่วนลด"
"Discount Limit (%)","เพดานส่วนลด (%)"
"Discount Type is required for a Simple Discount","ต้องระบุประเภทส่วนลดสำหรับส่วนลดทั่วไป"
"Discount Value","ค่าส่วนลด"
"Discount Value must be greater than zero","ค่าส่วนลดต้องมากกว่าศูนย์"
"Discount approved by {0}","ส่วนลดอนุมัติโดย {0}"
"Discount requests are turned off. Ask a manager for the passcode.","ปิดการส่งคำขอส่วนลดไว้ ขอรหัสผ่านจากผู้จัดการ"
"Drawer","ลิ้นชักเก็บเงิน"
"Due from group companies","ลูกหนี้บริษัทในกลุ่ม"
"Due to group companies","เจ้าหนี้บริษัทในกลุ่ม"
"ERPNext 16 lets an outlet sell with only one open shift, and {0} still has one:","ERPNext 16 ให้สาขาขายได้เมื่อมีกะเปิดอยู่เพียงกะเดียว และ {0} ยังมีกะที่เปิดอยู่:"
"ERPNext 16 takes sales only on a POS Opening Entry opened the same day. A shift that sold on past midnight closed each earlier day in ERPNext and opened the next, and was counted once, at its own close.","ERPNext 16 รับการขายเฉพาะในรายการเปิดกะ POS ที่เปิดในวันเดียวกัน กะที่ยังขายต่อหลังเที่ยงคืนได้ปิดแต่ละวันก่อนหน้าใน ERPNext และเปิดวันถัดไป และนับเงินเพียงครั้งเดียวเมื่อปิดกะ"
"ERPNext 16 takes sales only on a shift opened the same day. On (the default): at the first sale after midnight LumenPOS closes the day in ERPNext and opens the next one by itself, and the shift carries on and is counted once, at its own close. Off: a shift from an earlier day has to be closed before it can sell again. Set from the till: Settings, General, Register and shifts.","ERPNext 16 รับการขายเฉพาะในกะที่เปิดในวันเดียวกัน เปิด (ค่าเริ่มต้น): เมื่อมีการขายครั้งแรกหลังเที่ยงคืน LumenPOS จะปิดวันนั้นใน ERPNext และเปิดวันถัดไปเอง กะยังดำเนินต่อไปและนับเงินเพียงครั้งเดียวเมื่อปิดกะ ปิด: กะจากวันก่อนหน้าต้องปิดก่อนจึงจะขายได้อีก ตั้งค่าได้ที่เครื่องคิดเงิน: การตั้งค่า, ทั่วไป, เครื่องคิดเงินและกะ"
"ERPNext Days","วันใน ERPNext"
"ERPNext is set not to record change as its own ledger entry (Create Ledger Entries for Change Amount, in POS Settings on ERPNext 16 and Accounts Settings before), so change can only come back in local money from the drawer the customer paid into. Turn that on, or take the exact amount.","ERPNext ตั้งค่าไว้ไม่ให้บันทึกเงินทอนเป็นรายการบัญชีแยก (Create Ledger Entries for Change Amount ในการตั้งค่า POS บน ERPNext 16 และในการตั้งค่าบัญชีในเวอร์ชันก่อน) เงินทอนจึงคืนได้เฉพาะเป็นเงินสกุลท้องถิ่นจากลิ้นชักเก็บเงินที่ลูกค้าจ่ายเข้า เปิดตัวเลือกนั้น หรือรับเงินพอดียอด"
"ERPNext is set to make Sales Invoices from the POS (POS Settings, Invoice Type Created via POS Screen), so it refuses the POS Invoices this outlet makes. Set it to POS Invoice, or set the outlet to Sales Invoice (POS Profile, LumenPOS).","ERPNext ตั้งค่าให้สร้างใบแจ้งหนี้ขายจาก POS (การตั้งค่า POS, Invoice Type Created via POS Screen) จึงไม่รับใบแจ้งหนี้ POS ที่สาขานี้สร้าง ตั้งค่านั้นเป็นใบแจ้งหนี้ POS หรือตั้งสาขาให้ใช้ใบแจ้งหนี้ขาย (โปรไฟล์ POS, LumenPOS)"
"ERPNext's day could not be closed for this shift ({0}). Close the shift on the Register screen and open a new one.","ไม่สามารถปิดวันใน ERPNext สำหรับกะนี้ได้ ({0}) ปิดกะที่หน้าจอเครื่องคิดเงินแล้วเปิดกะใหม่"
"ERPNext's day was closed at {0} while this shift sold on past midnight: POS Closing Entry {1} holds its {2} sales, and POS Opening Entry {3} opens the next day. The drawer is counted once, when the shift closes.","วันใน ERPNext ถูกปิดเมื่อ {0} ขณะที่กะนี้ยังขายต่อหลังเที่ยงคืน: รายการปิดกะ POS {1} มีการขาย {2} รายการของวันนั้น และรายการเปิดกะ POS {3} เปิดวันถัดไป เงินในลิ้นชักจะนับเพียงครั้งเดียวเมื่อปิดกะ"
"Each manager gets their own passcode; the approver's name is recorded on the invoice. The single Manager Passcode above still works as a master code.","ผู้จัดการแต่ละคนมีรหัสผ่านของตัวเอง และชื่อผู้อนุมัติจะบันทึกในใบแจ้งหนี้ รหัสผ่านผู้จัดการด้านบนยังใช้เป็นรหัสหลักได้"
"Earn","ได้รับ"
"Earned cashback expires this many days after it becomes usable (0 = never expires)","แคชแบ็กที่ได้รับจะหมดอายุเมื่อครบจำนวนวันนี้หลังจากเริ่มใช้ได้ (0 = ไม่หมดอายุ)"
"Earning and redemption rates must be greater than zero","อัตราการสะสมและการแลกคะแนนต้องมากกว่าศูนย์"
"Edit price / discount","แก้ไขราคา / ส่วนลด"
"Edit price / discount role","บทบาทที่แก้ไขราคา / ส่วนลดได้"
"Either give every component an Allocated Price or leave them all empty","กำหนดราคาที่ปันส่วนให้ทุกส่วนประกอบ หรือเว้นว่างทั้งหมด"
"Eligibility","ผู้มีสิทธิ์"
"Email a role when a closing count differs from expected by more than the threshold. Records and notifies, it never blocks the close.","ส่งอีเมลถึงบทบาทที่กำหนดเมื่อยอดนับตอนปิดต่างจากยอดตามระบบเกินเกณฑ์ ระบบเพียงบันทึกและแจ้งเตือน ไม่บล็อกการปิดเลย"
"Email an alert on a large closing variance","ส่งอีเมลแจ้งเตือนเมื่อส่วนต่างตอนปิดสูง"
"Email an alert when a shift is left open","ส่งอีเมลแจ้งเตือนเมื่อกะถูกเปิดค้างไว้"
"Email receipt","ส่งใบเสร็จทางอีเมล"
"Email receipts are turned off (Settings → Features).","ปิดการส่งใบเสร็จทางอีเมลไว้ (การตั้งค่า → ฟีเจอร์)"
"Empty: every company. Set: every outlet of this company, unless outlets are chosen below.","เว้นว่าง: ทุกบริษัท ระบุ: ทุกสาขาของบริษัทนี้ เว้นแต่จะเลือกสาขาไว้ด้านล่าง"
"Empty: the built-in form. Name and mobile for everyone; for companies also the tax ID and the Saudi national address.","เว้นว่าง: ใช้ฟอร์มในตัว ชื่อและมือถือสำหรับทุกคน และสำหรับบริษัทมีเลขประจำตัวผู้เสียภาษีกับที่อยู่แห่งชาติของซาอุดีอาระเบียด้วย"
"Empty: the main cash drawer.","เว้นว่าง: ลิ้นชักเก็บเงินหลัก"
"Enable Cashback","เปิดใช้แคชแบ็ก"
"Enable Insights","เปิดใช้ Insights"
"Enable a second-screen customer-facing display (mirrors the cart on another monitor/window).","เปิดใช้จอแสดงผลลูกค้าบนจอที่สอง (แสดงตะกร้าเหมือนกันบนจอ/หน้าต่างอื่น)"
"Enable holds and deposits","เปิดใช้การจองสินค้าและเงินมัดจำ"
"End Date cannot be before Start Date","วันที่สิ้นสุดต้องไม่ก่อนวันที่เริ่ม"
"Ends","สิ้นสุด"
"Enter a coupon code","ป้อนรหัสคูปอง"
"Enter a name for the price list","ป้อนชื่อรายการราคา"
"Enter the amount the customer is paying","ป้อนจำนวนเงินที่ลูกค้าจ่าย"
"Enter the gift card amount","ป้อนมูลค่าบัตรของขวัญ"
"Enter your current PIN to change it.","ป้อน PIN ปัจจุบันเพื่อเปลี่ยน"
"Entry of the company that issued it","รายการสมุดรายวันของบริษัทผู้ออก"
"Entry of the company that spent it","รายการสมุดรายวันของบริษัทที่ใช้ยอด"
"Every Day","ทุกวัน"
"Exceed return window role","บทบาทที่คืนสินค้าเกินระยะเวลาได้"
"Exchange goods","เปลี่ยนสินค้า"
"Exchange rate","อัตราแลกเปลี่ยน"
"Exchange role","บทบาทที่เปลี่ยนสินค้าได้"
"Exchanges are in {0} only. For a sale in {1}, refund it and ring the new goods up as a new sale.","การเปลี่ยนสินค้าทำได้ในสกุลเงิน {0} เท่านั้น สำหรับการขายในสกุลเงิน {1} ให้คืนเงิน แล้วคิดเงินสินค้าใหม่เป็นการขายใหม่"
"Exclude","ยกเว้น"
"Exclude these items instead of including them","ยกเว้นสินค้าเหล่านี้แทนที่จะรวมไว้"
"Expected to end","กำหนดสิ้นสุด"
"Expire","หมดอายุ"
"Extra allowed refund methods. Example: if paid with Mada, allow refund as Cash. A method can always be refunded to itself, so you only add the exceptions.","วิธีการชำระเงินเพิ่มเติมที่อนุญาตให้คืนเงิน ตัวอย่าง: หากชำระด้วย Mada ให้คืนเงินเป็นเงินสดได้ วิธีการชำระเงินใดก็คืนเงินกลับเป็นวิธีเดิมได้เสมอ จึงเพิ่มเฉพาะข้อยกเว้น"
"Extra line under the company name (e.g. branch / slogan).","บรรทัดเพิ่มเติมใต้ชื่อบริษัท (เช่น สาขา / สโลแกน)"
"Failed Attempts","จำนวนครั้งที่ล้มเหลว"
"Fallback: hours after opening","ค่าสำรอง: จำนวนชั่วโมงหลังเปิด"
"Features","ฟีเจอร์"
"Fields on the new customer form","ฟิลด์ในฟอร์มลูกค้าใหม่"
"Fill in: {0}","กรอกข้อมูล: {0}"
"Fixed Price","ราคาคงที่"
"Fixed at","กำหนดเมื่อ"
"Fixed with the rate: the shift gives the change of a sale in this currency from that currency's own drawer.","กำหนดพร้อมอัตราแลกเปลี่ยน: กะจะทอนเงินของการขายในสกุลเงินนี้จากลิ้นชักเก็บเงินของสกุลเงินนั้นเอง"
"Fixed: the rate the shop sets. Automatic: updated once a day, when automatic rates are switched on in LumenPOS Settings.","คงที่: อัตราที่ร้านกำหนด อัตโนมัติ: อัปเดตวันละครั้ง เมื่อเปิดใช้อัตราอัตโนมัติในการตั้งค่า LumenPOS"
"Footer line (e.g. thank-you, social).","บรรทัดท้าย (เช่น คำขอบคุณ โซเชียลมีเดีย)"
"For an Earn row: the unspent, unexpired part still available.","สำหรับแถวที่ได้รับแคชแบ็ก: ส่วนที่ยังไม่ได้ใช้และยังไม่หมดอายุซึ่งยังใช้ได้"
"For example: hygiene items cannot be returned once opened.","ตัวอย่าง: สินค้าเกี่ยวกับสุขอนามัยคืนไม่ได้เมื่อเปิดแล้ว"
"Free","ฟรี"
"Fully Used","ใช้ครบแล้ว"
"Generate at most 5000 coupons at a time","สร้างคูปองได้ครั้งละไม่เกิน 5000 ใบ"
"Generated {0}","สร้างเมื่อ {0}"
"Get","รับ"
"Get Quantity","จำนวนที่ได้รับ"
"Get Quantity must be at least 1","จำนวนที่ได้รับต้องไม่น้อยกว่า 1"
"Gift Card Expiry (days)","อายุบัตรของขวัญ (วัน)"
"Gift Card Item","สินค้าบัตรของขวัญ"
"Gift Card Liability Account","บัญชีหนี้สินบัตรของขวัญ"
"Gift Card Mode of Payment","วิธีการชำระเงินบัตรของขวัญ"
"Gift Cards","บัตรของขวัญ"
"Gift card payments don't match the scanned cards","การชำระด้วยบัตรของขวัญไม่ตรงกับบัตรที่สแกน"
"Gift card {0} already exists","มีบัตรของขวัญ {0} อยู่แล้ว"
"Gift card {0} expired on {1}","บัตรของขวัญ {0} หมดอายุเมื่อ {1}"
"Gift card {0} has {1} left, cannot redeem {2}","บัตรของขวัญ {0} เหลือ {1} ใช้ {2} ไม่ได้"
"Gift card {0} is {1}","บัตรของขวัญ {0} อยู่ในสถานะ {1}"
"Gift card {0} not found","ไม่พบบัตรของขวัญ {0}"
"Gift card {0} was issued by {1} and is used at its outlets only.","บัตรของขวัญ {0} ออกโดย {1} และใช้ได้เฉพาะที่สาขาของบริษัทนั้น"
"Gift cards","บัตรของขวัญ"
"Gift cards, cashback and store credit. Shared: spendable at any company of the group with the same currency, each company's books kept right by an Inter Company Journal Entry. Separate: spendable only at the company that issued it.","บัตรของขวัญ แคชแบ็ก และเครดิตร้าน ใช้ร่วมกันทั้งกลุ่ม: ใช้ได้ที่ทุกบริษัทในกลุ่มที่ใช้สกุลเงินเดียวกัน โดยบัญชีของแต่ละบริษัทถูกต้องด้วยรายการสมุดรายวันระหว่างบริษัท แยกตามบริษัท: ใช้ได้เฉพาะที่บริษัทที่ออกให้"
"Gift cards, store credit, cashback and loyalty points","บัตรของขวัญ เครดิตร้าน แคชแบ็ก และคะแนนสะสม"
"Give change in this currency","ให้เงินทอนเป็นสกุลเงินนี้"
"Give customers cashback on qualifying sales, configured in POS Cashback Rule. Turning this off stops earning and hides the page.","ให้แคชแบ็กแก่ลูกค้าจากการขายที่เข้าเงื่อนไข ตามที่ตั้งค่าไว้ใน กฎแคชแบ็ก POS การปิดตัวเลือกนี้จะหยุดการสะสมแคชแบ็กและซ่อนหน้านี้"
"Give the loyalty program a name","ตั้งชื่อโปรแกรมสะสมคะแนน"
"Global fallback income account for the service charge. Prefer a per-company account under Company Accounts.","บัญชีรายได้สำรองส่วนกลางสำหรับค่าบริการ ควรกำหนดบัญชีแยกตามบริษัทใน บัญชีของบริษัท"
"Goods handed over on {0}","ส่งมอบสินค้าแล้วในใบแจ้งหนี้ {0}"
"Goods on hold","สินค้าที่จองไว้"
"Grace period (minutes)","ระยะผ่อนผัน (นาที)"
"HOLD-.YYYY.-","HOLD-.YYYY.-"
"Hand these goods over at {0}, where they are kept.","ส่งมอบสินค้าเหล่านี้ที่ {0} ซึ่งเป็นที่เก็บสินค้า"
"Handed Over At","เวลาส่งมอบ"
"Handed Over On Invoice","ใบแจ้งหนี้ที่ส่งมอบ"
"Higher priority wins when two exclusive promotions give the same savings","เมื่อโปรโมชันที่ใช้ร่วมกันไม่ได้สองรายการให้ส่วนลดเท่ากัน โปรโมชันที่มีลำดับความสำคัญสูงกว่าจะถูกใช้"
"Higher wins when two non-combinable rules both match","เมื่อกฎที่ใช้ร่วมกันไม่ได้สองข้อตรงเงื่อนไขทั้งคู่ กฎที่มีค่าสูงกว่าจะถูกใช้"
"Hold Until","จองไว้ถึง"
"Hold cancelled","ยกเลิกการจองสินค้าแล้ว"
"Hold goods for (days)","ระยะเวลาจองสินค้า (วัน)"
"Hold goods for a customer","จองสินค้าให้ลูกค้า"
"Hold {0} belongs to another company","การจองสินค้า {0} เป็นของบริษัทอื่น"
"Hold {0} belongs to {1}. Serve it at one of its outlets.","การจองสินค้า {0} เป็นของ {1} ให้ดำเนินการที่สาขาใดสาขาหนึ่งของบริษัทนั้น"
"Hold {0} handed over","ส่งมอบการจองสินค้า {0} แล้ว"
"Holds and deposits","การจองสินค้าและเงินมัดจำ"
"Holds and deposits are switched off for this shop","การจองสินค้าและเงินมัดจำถูกปิดอยู่สำหรับร้านนี้"
"How a cashier clears an over-limit discount. Passcode only = a manager enters the passcode at the till. Request only = the cashier sends a request a role-holder approves while the register is open. Passcode or request = either.","วิธีที่แคชเชียร์ขออนุมัติส่วนลดที่เกินขีดจำกัด รหัสผ่านเท่านั้น = ผู้จัดการป้อนรหัสผ่านที่เครื่องคิดเงิน คำขอเท่านั้น = แคชเชียร์ส่งคำขอให้ผู้มีบทบาทที่กำหนดอนุมัติขณะเครื่องคิดเงินเปิดอยู่ รหัสผ่านหรือคำขอ = แบบใดก็ได้"
"How long a hold runs before the shop may cancel it. 0 = no limit. Nothing is cancelled automatically.","ระยะเวลาของการจองสินค้าก่อนที่ร้านจะยกเลิกได้ 0 = ไม่จำกัด ไม่มีการยกเลิกอัตโนมัติ"
"How long after the scheduled end before alerting.","ระยะเวลาหลังเวลาสิ้นสุดตามตารางก่อนส่งการแจ้งเตือน"
"How many coupons should I generate?","ต้องการสร้างคูปองกี่ใบ?"
"How many times each code may be redeemed. 1 = single use, 0 = unlimited (until it expires).","จำนวนครั้งที่ใช้รหัสแต่ละรหัสได้ 1 = ใช้ได้ครั้งเดียว 0 = ไม่จำกัด (จนกว่าจะหมดอายุ)"
"If paid with","หากชำระด้วย"
"If you cannot close it, a manager can close it for you from that outlet's Register page.","หากคุณปิดกะนั้นไม่ได้ ผู้จัดการสามารถปิดให้คุณได้จากหน้าเครื่องคิดเงินของสาขานั้น"
"Imported {0}","นำเข้าเมื่อ {0}"
"Individual customers","ลูกค้าบุคคลธรรมดา"
"Initial Amount","มูลค่าเริ่มต้น"
"Insights","Insights"
"Insights are turned off in LumenPOS Settings","Insights ถูกปิดอยู่ใน การตั้งค่า LumenPOS"
"Instalments","งวดการชำระ"
"Inter Company Journal Entries","รายการสมุดรายวันระหว่างบริษัท"
"Invalid or expired coupon code","รหัสคูปองไม่ถูกต้องหรือหมดอายุแล้ว"
"Invoice Age (days)","อายุใบแจ้งหนี้ (วัน)"
"Invoice type","ประเภทใบแจ้งหนี้"
"Issued On Invoice","ออกในใบแจ้งหนี้"
"Issued by","ออกโดย"
"Items shown as one-tap buttons on the sell screen.","สินค้าที่แสดงเป็นปุ่มแตะครั้งเดียวบนหน้าจอขาย"
"JSON list of dynamic receipt fields sourced from the POS Profile or the sale invoice (managed from the POS Settings page). Each: {source, fieldname, label, render, position}.","รายการ JSON ของฟิลด์ใบเสร็จแบบไดนามิกที่ดึงมาจากโปรไฟล์ POS หรือใบแจ้งหนี้การขาย (จัดการจากหน้าการตั้งค่า POS) แต่ละรายการ: {source, fieldname, label, render, position}"
"Keep a shift open past midnight","ให้กะเปิดต่อหลังเที่ยงคืน"
"Languages","ภาษา"
"Languages at the till","ภาษาที่เครื่องคิดเงิน"
"Last error","ข้อผิดพลาดล่าสุด"
"Late return approved by {0}","อนุมัติการคืนสินค้าเกินระยะเวลาโดย {0}"
"Leave empty for all customers","เว้นว่างไว้เพื่อใช้กับลูกค้าทุกคน"
"Leave empty for all outlets","เว้นว่างไว้เพื่อใช้กับทุกสาขา"
"Leave empty to apply at every outlet","เว้นว่างไว้เพื่อใช้ที่ทุกสาขา"
"Leave empty to apply at every outlet.","เว้นว่างไว้เพื่อใช้ที่ทุกสาขา"
"Leave empty to run in all outlets","เว้นว่างไว้เพื่อให้ใช้ได้ในทุกสาขา"
"Legacy flag (superseded by Use Limit). Kept for older codes.","ตัวเลือกแบบเดิม (แทนที่ด้วยฟิลด์ขีดจำกัดการใช้งาน) เก็บไว้สำหรับรหัสเก่า"
"Legacy/internal, price books now store item prices directly below.","แบบเดิม/ใช้ภายใน ปัจจุบันสมุดราคาเก็บราคาสินค้าไว้ด้านล่างโดยตรง"
"Liability account for customer deposits. Blank = LumenPOS creates 'Customer Deposits'. A per-company account can be set in Company Accounts.","บัญชีหนี้สินสำหรับเงินมัดจำของลูกค้า เว้นว่าง = LumenPOS สร้างบัญชี 'Customer Deposits' ให้ กำหนดบัญชีแยกตามบริษัทได้ใน บัญชีของบริษัท"
"Liability account for what this company owes others of the group for its customer balances spent there. Created automatically when empty.","บัญชีหนี้สินสำหรับยอดที่บริษัทนี้ค้างบริษัทอื่นในกลุ่ม เมื่อลูกค้าของบริษัทนี้ใช้ยอดคงเหลือที่บริษัทเหล่านั้น สร้างอัตโนมัติเมื่อเว้นว่าง"
"Liability account that backs gift cards (selling a card increases it, redeeming decreases it). Leave empty to auto-create ""Gift Cards"".","บัญชีหนี้สินที่รองรับบัตรของขวัญ (การขายบัตรเพิ่มยอด การใช้บัตรลดยอด) เว้นว่างไว้เพื่อสร้าง ""Gift Cards"" อัตโนมัติ"
"Liability account this company holds customer deposits in. Blank = LumenPOS creates 'Customer Deposits'.","บัญชีหนี้สินที่บริษัทนี้ใช้เก็บเงินมัดจำของลูกค้า เว้นว่าง = LumenPOS สร้างบัญชี 'Customer Deposits' ให้"
"Limit regular returns to a time window","จำกัดระยะเวลาการคืนสินค้าปกติ"
"List the products that make up the bundle","ระบุสินค้าที่อยู่ในชุดสินค้า"
"Load","เติมเงิน"
"Lock screen (PIN to unlock)","ล็อกหน้าจอ (ปลดล็อกด้วย PIN)"
"Lock the till behind a PIN (a manager/approver PIN, or any manager). Protects an unattended register.","ล็อกเครื่องคิดเงินด้วย PIN (PIN ของผู้จัดการ/ผู้อนุมัติ หรือผู้จัดการคนใดก็ได้) ช่วยป้องกันเครื่องคิดเงินที่ไม่มีคนดูแล"
"Logo shown at the top of the printed/on-screen receipt.","โลโก้ที่แสดงด้านบนของใบเสร็จที่พิมพ์/แสดงบนหน้าจอ"
"Lookup not allowed for {0}","ไม่อนุญาตให้ค้นหา {0}"
"Lumen Reports could not set up the dashboard","Lumen Reports ตั้งค่าแดชบอร์ดไม่ได้"
"Lumen Reports could not set up the dashboard on this site: {0}","Lumen Reports ตั้งค่าแดชบอร์ดบนไซต์นี้ไม่ได้: {0}"
"Lumen Reports is not installed on this site","ไม่ได้ติดตั้ง Lumen Reports บนไซต์นี้"
"Lumen Reports needs Frappe v{0} or newer","Lumen Reports ต้องใช้ Frappe v{0} ขึ้นไป"
"LumenPOS","LumenPOS"
"LumenPOS Audit Log","บันทึกการตรวจสอบ LumenPOS"
"LumenPOS Cashier","แคชเชียร์ LumenPOS"
"LumenPOS Company Setting","การตั้งค่าบริษัท LumenPOS"
"LumenPOS Manager","ผู้จัดการ LumenPOS"
"LumenPOS Payment Method Rule","กฎวิธีการชำระเงิน LumenPOS"
"LumenPOS Profile Receipt","ใบเสร็จของสาขา LumenPOS"
"LumenPOS Settings","การตั้งค่า LumenPOS"
"LumenPOS User PIN","PIN ผู้ใช้ LumenPOS"
"LumenPOS cashback for {0} ({1}): {2} earned on {3} sales, {4} expired or returned on {5} entries.","แคชแบ็ก LumenPOS ของวันที่ {0} ({1}): ได้รับ {2} จากการขาย {3} รายการ หมดอายุหรือคืนกลับ {4} ใน {5} รายการ"
"LumenPOS could not use ERPNext's {0} on this version of ERPNext ({1}). This usually means the site is running an ERPNext release LumenPOS has not been updated for yet, please report it to hello@lumen-solutions.co with this message.","LumenPOS ใช้ {0} ของ ERPNext บน ERPNext เวอร์ชันนี้ ({1}) ไม่ได้ โดยปกติหมายความว่าไซต์ใช้ ERPNext รุ่นที่ LumenPOS ยังไม่ได้อัปเดตให้รองรับ โปรดแจ้งไปที่ hello@lumen-solutions.co พร้อมข้อความนี้"
"Make returns","คืนสินค้า"
"Make returns role","บทบาทที่คืนสินค้าได้"
"Manager Passcode","รหัสผ่านผู้จัดการ"
"Manual discounts above this percentage need approval. 0 disables the check.","ส่วนลดที่ใส่เองเกินเปอร์เซ็นต์นี้ต้องได้รับอนุมัติ ค่า 0 จะปิดการตรวจสอบนี้"
"Margin below the published rate","ส่วนต่างที่ต่ำกว่าอัตราที่ประกาศ"
"Max Applications per Sale","จำนวนครั้งสูงสุดต่อการขาย"
"Maximum Cashback","แคชแบ็กสูงสุด"
"Minimum Spend","ยอดซื้อขั้นต่ำ"
"Minimum Spend must be greater than zero","ยอดซื้อขั้นต่ำต้องมากกว่าศูนย์"
"Minimum deposit (%)","เงินมัดจำขั้นต่ำ (%)"
"Mode of Payment used to redeem gift cards. Leave empty to auto-create/use ""Gift Card"".","วิธีการชำระเงินที่ใช้รับบัตรของขวัญ เว้นว่างไว้เพื่อสร้าง/ใช้ ""Gift Card"" อัตโนมัติ"
"Money","ยอดเงิน"
"New customer","ลูกค้าใหม่"
"New customer form","ฟอร์มลูกค้าใหม่"
"New gift cards expire this many days after sale. 0 = never expire.","บัตรของขวัญใหม่หมดอายุหลังการขายตามจำนวนวันนี้ 0 = ไม่มีวันหมดอายุ"
"New sales were recorded after the closing screen was loaded. Refresh the closing screen, re-check the counts, then close again.","มีการขายใหม่หลังจากโหลดหน้าจอปิดกะ รีเฟรชหน้าจอปิดกะ ตรวจยอดที่นับอีกครั้ง แล้วปิดกะใหม่"
"No POS Profile is assigned to you. Create one and add yourself under Applicable for Users.","ยังไม่มีโปรไฟล์ POS ที่กำหนดให้คุณ สร้างโปรไฟล์แล้วเพิ่มตัวคุณเองในส่วนใช้ได้สำหรับผู้ใช้ (Applicable for Users)"
"No account group found for {0} in {1}. Create the account '{0}' in {2} by hand.","ไม่พบกลุ่มบัญชีสำหรับ {0} ใน {1} สร้างบัญชี '{0}' สกุลเงิน {2} ด้วยตนเอง"
"No codes found in the file","ไม่พบรหัสในไฟล์"
"No email address. Add one to the customer or type it in.","ไม่มีที่อยู่อีเมล เพิ่มอีเมลให้ลูกค้าหรือพิมพ์เอง"
"No expense account group found for {0}","ไม่พบกลุ่มบัญชีค่าใช้จ่ายของ {0}"
"No expense account group found for {0}. Create a cashback expense account and choose it in LumenPOS Settings","ไม่พบกลุ่มบัญชีค่าใช้จ่ายของ {0} สร้างบัญชีค่าใช้จ่ายแคชแบ็กแล้วเลือกใน การตั้งค่า LumenPOS"
"No liability account group found for {0}","ไม่พบกลุ่มบัญชีหนี้สินของ {0}"
"No liability account group found for {0}, create a 'Store Credit' liability account manually","ไม่พบกลุ่มบัญชีหนี้สินของ {0} สร้างบัญชีหนี้สิน 'Store Credit' ด้วยตนเอง"
"No liability account group found for {0}, create a '{1}' liability account manually","ไม่พบกลุ่มบัญชีหนี้สินของ {0} สร้างบัญชีหนี้สิน '{1}' ด้วยตนเอง"
"No liability account group found for {0}. Create a cashback liability account and choose it in LumenPOS Settings","ไม่พบกลุ่มบัญชีหนี้สินของ {0} สร้างบัญชีหนี้สินแคชแบ็กแล้วเลือกใน การตั้งค่า LumenPOS"
"No open register session. Open the register first.","ไม่มีกะของเครื่องคิดเงินที่เปิดอยู่ เปิดเครื่องคิดเงินก่อน"
"No receipt printer configured on POS Profile {0}","ยังไม่ได้ตั้งค่าเครื่องพิมพ์ใบเสร็จในโปรไฟล์ POS {0}"
"No warehouse belongs to company {0}. Set a Default Warehouse on the POS Profile (or create a warehouse for this company) before selling gift cards.","ไม่มีคลังสินค้าของบริษัท {0} ตั้งค่าคลังสินค้าเริ่มต้นในโปรไฟล์ POS (หรือสร้างคลังสินค้าให้บริษัทนี้) ก่อนขายบัตรของขวัญ"
"No {0} account group found for {1}. Create '{2}' by hand.","ไม่พบกลุ่มบัญชี {0} ของ {1} สร้าง '{2}' ด้วยตนเอง"
"Non-stock item posted when a gift card is sold. Leave empty to auto-create ""GIFT-CARD"".","สินค้าที่ไม่นับสต็อกซึ่งใช้บันทึกเมื่อขายบัตรของขวัญ เว้นว่างไว้เพื่อสร้าง ""GIFT-CARD"" อัตโนมัติ"
"Not allowed.","ไม่อนุญาต"
"Notify role","บทบาทที่รับการแจ้งเตือน"
"Number of Sales","จำนวนการขาย"
"Off: the till shows nothing about holds at all. A shop that never puts goods aside for a customer does not need the button or the screen.","ปิด: เครื่องคิดเงินจะไม่แสดงอะไรเกี่ยวกับการจองสินค้าเลย ร้านที่ไม่เคยกันสินค้าไว้ให้ลูกค้าไม่จำเป็นต้องมีปุ่มหรือหน้าจอนี้"
"Offer","ข้อเสนอ"
"Offline cache only keeps items that have stock in the register's warehouse (smaller, faster cache)","แคชออฟไลน์เก็บเฉพาะสินค้าที่มีสต็อกในคลังสินค้าของเครื่องคิดเงิน (แคชเล็กลงและเร็วขึ้น)"
"On: a deposit is taxed the moment it is taken (an advance against a known supply), and the tax already declared is deducted at hand-over. Off: the deposit carries no tax and the goods are taxed in full when handed over.","เปิด: เงินมัดจำถูกคิดภาษีทันทีที่รับเงิน (เป็นเงินรับล่วงหน้าสำหรับการส่งมอบที่ทราบแน่นอน) และภาษีที่ยื่นไปแล้วจะถูกหักออกตอนส่งมอบ ปิด: เงินมัดจำไม่มีภาษี และสินค้าจะถูกคิดภาษีเต็มจำนวนเมื่อส่งมอบ"
"On: a person cannot open a new shift while they still have one open at another outlet. Off (the default): a person may hold shifts at several outlets, and the till only reminds them. Set from the till: Settings, General, Register and shifts.","เปิด: เปิดกะใหม่ไม่ได้ขณะที่ยังมีกะเปิดอยู่ที่สาขาอื่น ปิด (ค่าเริ่มต้น): หนึ่งคนถือกะได้หลายสาขา และเครื่องคิดเงินจะแค่เตือน ตั้งค่าได้ที่เครื่องคิดเงิน: การตั้งค่า, ทั่วไป, เครื่องคิดเงินและกะ"
"On: a sale in this currency gives its change in it, from its own cash drawer. Off: change comes back in the company currency, from the main drawer. An outlet whose POS Profile names its own Account for Change Amount keeps it (ERPNext uses it on every sale).","เปิด: การขายในสกุลเงินนี้จะทอนเงินเป็นสกุลเงินนี้ จากลิ้นชักเก็บเงินของสกุลเงินนี้เอง ปิด: เงินทอนจะเป็นสกุลเงินของบริษัท จากลิ้นชักเก็บเงินหลัก สาขาที่โปรไฟล์ POS ระบุบัญชีเงินทอน (Account for Change Amount) ของตนเองไว้จะยังใช้บัญชีนั้น (ERPNext ใช้บัญชีนั้นในทุกการขาย)"
"On: the cashier may send a return approval request, and an approver can let this return through. Off: the item is never taken back.","เปิด: แคชเชียร์ส่งคำขออนุมัติการคืนสินค้าได้ และผู้อนุมัติอนุญาตให้คืนสินค้านี้ได้ ปิด: ไม่รับคืนสินค้านี้เลย"
"Once a day, from ExchangeRate-API (free), for the currencies set to Automatic. A rate typed for the day always wins.","วันละครั้ง จาก ExchangeRate-API (ฟรี) สำหรับสกุลเงินที่ตั้งเป็นอัตโนมัติ อัตราที่ป้อนเองสำหรับวันนั้นจะถูกใช้เสมอ"
"One open shift per person","หนึ่งคนเปิดได้หนึ่งกะ"
"Only managers can view Insights","เฉพาะผู้จัดการเท่านั้นที่ดู Insights ได้"
"Only someone who manages LumenPOS Settings can change exchange rates.","เฉพาะผู้ที่จัดการ การตั้งค่า LumenPOS เท่านั้นที่เปลี่ยนอัตราแลกเปลี่ยนได้"
"Only someone who manages LumenPOS Settings can change the customer form.","เฉพาะผู้ที่จัดการ การตั้งค่า LumenPOS เท่านั้นที่เปลี่ยนฟอร์มลูกค้าได้"
"Only someone who manages LumenPOS Settings can do this.","เฉพาะผู้ที่จัดการ การตั้งค่า LumenPOS เท่านั้นที่ทำสิ่งนี้ได้"
"Only this role (plus managers) may apply a manual discount / edit a price on a sale. Blank = anyone.","เฉพาะบทบาทนี้ (รวมถึงผู้จัดการ) ที่ใส่ส่วนลดเอง / แก้ไขราคาในการขายได้ เว้นว่าง = ทุกคน"
"Only this role (plus managers) may exchange goods in one step. Blank = anyone who may make returns. An exchange always needs return permission too.","เฉพาะบทบาทนี้ (รวมถึงผู้จัดการ) ที่เปลี่ยนสินค้าได้ในขั้นตอนเดียว เว้นว่าง = ทุกคนที่คืนสินค้าได้ การเปลี่ยนสินค้าต้องมีสิทธิ์คืนสินค้าด้วยเสมอ"
"Only this role (plus managers) may make returns. Blank = anyone with sell access.","เฉพาะบทบาทนี้ (รวมถึงผู้จัดการ) ที่คืนสินค้าได้ เว้นว่าง = ทุกคนที่มีสิทธิ์ขาย"
"Only used by Buy X Get Y: 'Buy' rows trigger the offer, 'Get' rows receive the reward. With no 'Get' rows the buy list rewards itself (classic multi-buy).","ใช้เฉพาะกับ ซื้อ X แถม Y: แถว 'ซื้อ' เป็นเงื่อนไขที่ทำให้ได้ข้อเสนอ แถว 'รับ' เป็นสินค้าที่ได้รับรางวัล หากไม่มีแถว 'รับ' รายการที่ซื้อจะได้รับรางวัลเอง (แบบซื้อหลายชิ้นทั่วไป)"
"Only {0} x {1} can still be returned","คืนได้อีกเพียง {0} x {1}"
"Open the register","เปิดเครื่องคิดเงิน"
"Open the register before requesting approval.","เปิดเครื่องคิดเงินก่อนขออนุมัติ"
"Opened At","เวลาเปิด"
"Opened By","เปิดโดย"
"Opened at","เวลาเปิด"
"Opened by","เปิดโดย"
"Opened with float {0}","เปิดด้วยเงินทอนตั้งต้น {0}"
"Opening Float","เงินทอนตั้งต้น"
"Opening float","เงินทอนตั้งต้น"
"Optional app-specific selling prices (overrides price books)","ราคาขายเฉพาะแอป ไม่บังคับ (ใช้แทนสมุดราคา)"
"Optional button label (defaults to the item name)","ข้อความบนปุ่ม ไม่บังคับ (ค่าเริ่มต้นคือชื่อสินค้า)"
"Optional daily window, e.g. Happy Hour 16:00 to 18:00. Wraps midnight if start is after end.","ช่วงเวลารายวัน ไม่บังคับ เช่น Happy Hour 16:00 ถึง 18:00 หากเวลาเริ่มอยู่หลังเวลาสิ้นสุด ช่วงเวลาจะข้ามเที่ยงคืน"
"Optional daily window. Wraps midnight if start is after end.","ช่วงเวลารายวัน ไม่บังคับ หากเวลาเริ่มอยู่หลังเวลาสิ้นสุด ช่วงเวลาจะข้ามเที่ยงคืน"
"Optional per-code expiry. The promotion's own date window still applies on top of this.","วันหมดอายุของแต่ละรหัส ไม่บังคับ ช่วงวันที่ของโปรโมชันเองยังคงมีผลเพิ่มเติมด้วย"
"Optional. After this date the bundle stops being offered at the till (treated as expired/inactive).","ไม่บังคับ หลังวันที่นี้เครื่องคิดเงินจะไม่เสนอชุดสินค้านี้อีก (ถือว่าหมดอายุ/ไม่ใช้งาน)"
"Optional. The bundle is not offered before this date.","ไม่บังคับ จะไม่เสนอชุดสินค้านี้ก่อนวันที่นี้"
"Optional: this component's share of the bundle price (for the whole row qty). If used on any row, every row needs one and they must sum exactly to the Bundle Price. Empty = split proportionally to regular prices.","ไม่บังคับ: ส่วนแบ่งของสินค้านี้ในราคาชุดสินค้า (สำหรับจำนวนทั้งแถว) หากใช้ในแถวใด ทุกแถวต้องกรอกด้วย และผลรวมต้องเท่ากับราคาชุดสินค้าพอดี เว้นว่าง = แบ่งตามสัดส่วนของราคาปกติ"
"Order ID is required for {0} sales","ต้องระบุรหัสคำสั่งซื้อสำหรับการขายผ่าน {0}"
"Order-level (whole-cart) discount","ส่วนลดท้ายบิล (ทั้งตะกร้า)"
"Other currencies","สกุลเงินอื่น"
"Other currency floats","เงินทอนตั้งต้นสกุลเงินอื่น"
"Outlet","สาขา"
"Outlet already open","สาขาเปิดอยู่แล้ว"
"Outlet {0} belongs to {1}, not {2}. Choose outlets of {2}, or clear the company.","สาขา {0} เป็นของ {1} ไม่ใช่ {2} เลือกสาขาของ {2} หรือล้างฟิลด์บริษัท"
"Outlet {0} included","รวมสาขา {0}"
"Outlets","สาขา"
"Outlets (POS Profiles)","สาขา (โปรไฟล์ POS)"
"Over-limit approval method","วิธีอนุมัติส่วนลดที่เกินขีดจำกัด"
"Overdue Notified","แจ้งเตือนเกินเวลาแล้ว"
"PIN Hash","แฮช PIN"
"POS Approval Request","คำขออนุมัติ POS"
"POS Bundle","ชุดสินค้า POS"
"POS Bundle Item","สินค้าในชุดสินค้า POS"
"POS Capability Rule","กฎสิทธิ์การใช้งาน POS"
"POS Cash Movement","การเคลื่อนไหวเงินสด POS"
"POS Cashback Entry","รายการแคชแบ็ก POS"
"POS Cashback Rule","กฎแคชแบ็ก POS"
"POS Cashback Rule Customer Group","กลุ่มลูกค้าของกฎแคชแบ็ก POS"
"POS Cashback Rule Item","สินค้าของกฎแคชแบ็ก POS"
"POS Cashback Rule Profile","สาขาของกฎแคชแบ็ก POS"
"POS Closing Entry {0} of this shift is not submitted.","รายการปิดกะ POS {0} ของกะนี้ยังไม่ได้ส่ง"
"POS Coupon","คูปอง POS"
"POS Customer Form Field","ฟิลด์ฟอร์มลูกค้า POS"
"POS Delivery App","แอปเดลิเวอรี POS"
"POS Discount Approver","ผู้อนุมัติส่วนลด POS"
"POS Gift Card","บัตรของขวัญ POS"
"POS Gift Card Entry","รายการบัตรของขวัญ POS"
"POS Inter Company Settlement","การชำระบัญชีระหว่างบริษัท POS"
"POS Layaway","การจองสินค้า POS"
"POS Layaway Item","สินค้าที่จอง POS"
"POS Layaway Payment","การชำระเงินการจองสินค้า POS"
"POS Opening Entry {0} (by {1}, since {2}) is open outside LumenPOS: close or cancel it in ERPNext.","รายการเปิดกะ POS {0} (โดย {1} ตั้งแต่ {2}) เปิดอยู่นอก LumenPOS: ปิดหรือยกเลิกรายการนี้ใน ERPNext"
"POS Parked Sale","บิลที่พักไว้ POS"
"POS Payment Restriction","ข้อจำกัดการชำระเงิน POS"
"POS Price Book","สมุดราคา POS"
"POS Price Book Item","สินค้าในสมุดราคา POS"
"POS Promotion","โปรโมชัน POS"
"POS Promotion Customer Group","กลุ่มลูกค้าของโปรโมชัน POS"
"POS Promotion Item","สินค้าของโปรโมชัน POS"
"POS Promotion Profile","สาขาของโปรโมชัน POS"
"POS Quick Key","ปุ่มลัด POS"
"POS Refund Rule","กฎการคืนเงิน POS"
"POS Register Payment Count","ยอดนับเงินของเครื่องคิดเงิน POS"
"POS Register Session","กะเครื่องคิดเงิน POS"
"POS Return Reason","เหตุผลการคืนสินค้า POS"
"POS Return Restriction","ข้อจำกัดการคืนสินค้า POS"
"POS Sale Currency","สกุลเงินการขาย POS"
"POS Session Day","วันของกะ POS"
"POS Session Float","เงินทอนตั้งต้นของกะ POS"
"POS Session Rate","อัตราแลกเปลี่ยนของกะ POS"
"POS Shift Invoice","ใบแจ้งหนี้ของกะ POS"
"POS Shift Schedule","ตารางกะ POS"
"POS Shift Schedule Slot","ช่วงเวลาในตารางกะ POS"
"POS Store Credit Entry","รายการเครดิตร้าน POS"
"Paid At","เวลาชำระ"
"Paid With","ชำระด้วย"
"Parked","พักบิลไว้"
"Parked At","เวลาพักบิล"
"Passcode","รหัสผ่าน"
"Passcode only","รหัสผ่านเท่านั้น"
"Passcode or request","รหัสผ่านหรือคำขอ"
"Payment Counts","ยอดนับตามวิธีการชำระเงิน"
"Payment Method Rules","กฎวิธีการชำระเงิน"
"Payment must cover the gift card amount","ยอดชำระต้องครอบคลุมมูลค่าบัตรของขวัญ"
"Per cashier","แยกตามแคชเชียร์"
"Per outlet","แยกตามสาขา"
"Per outlet: ONE shift per register, whoever opens it, any assigned cashier can sell on it (default; how LumenPOS has always worked). Per cashier: each cashier opens their OWN shift on the register and can only sell on their own, so several people share one counter but each gets their own Z-report and is accountable for their own drawer.","แยกตามสาขา: เพียงหนึ่งกะต่อเครื่องคิดเงิน ไม่ว่าใครเป็นคนเปิด แคชเชียร์ทุกคนที่ได้รับมอบหมายขายในกะนั้นได้ (ค่าเริ่มต้น ซึ่งเป็นวิธีที่ LumenPOS ใช้มาตลอด) แยกตามแคชเชียร์: แคชเชียร์แต่ละคนเปิดกะของตนเองบนเครื่องคิดเงินและขายได้เฉพาะในกะของตน หลายคนจึงใช้เคาน์เตอร์เดียวกันได้ แต่แต่ละคนมีรายงาน Z ของตนเองและรับผิดชอบลิ้นชักเก็บเงินของตนเอง"
"Per-Outlet Receipts","ใบเสร็จแยกตามสาขา"
"Per-company accounts. On a multi-company site each company posts gift cards / service charge to its OWN accounts. Leave empty to use the global defaults (or auto-create).","บัญชีแยกตามบริษัท บนไซต์ที่มีหลายบริษัท แต่ละบริษัทบันทึกบัญชีบัตรของขวัญ / ค่าบริการเข้าบัญชีของตนเอง เว้นว่างไว้เพื่อใช้ค่าเริ่มต้นส่วนกลาง (หรือสร้างอัตโนมัติ)"
"Per-method rules. Use these to require a terminal/transfer reference on card or bank payments so the transaction can be traced later.","กฎแยกตามวิธีการชำระเงิน ใช้เพื่อบังคับให้ต้องมีเลขอ้างอิงจากเครื่องรูดบัตร/การโอน สำหรับการชำระด้วยบัตรหรือผ่านธนาคาร เพื่อให้ตรวจสอบรายการย้อนหลังได้"
"Per-outlet receipt overrides (managed from the POS Settings page). Each row is a POS Profile + a JSON receipt config that overrides the global receipt design for that outlet. Empty = the outlet uses the global receipt.","การกำหนดใบเสร็จแยกตามสาขา (จัดการจากหน้าการตั้งค่า POS) แต่ละแถวคือโปรไฟล์ POS + การตั้งค่าใบเสร็จแบบ JSON ที่ใช้แทนการออกแบบใบเสร็จส่วนกลางของสาขานั้น เว้นว่าง = สาขาใช้ใบเสร็จส่วนกลาง"
"Percentage discount cannot exceed 100","ส่วนลดแบบเปอร์เซ็นต์ต้องไม่เกิน 100"
"Person","บุคคล"
"Pick a {0} from the list","เลือก {0} จากรายการ"
"Pick at least one item to take back","เลือกสินค้าที่จะรับคืนอย่างน้อยหนึ่งรายการ"
"Posted At","เวลาบันทึกบัญชี"
"Price / stock checker","เช็กราคา / สต็อก"
"Price Book Price","ราคาในสมุดราคา"
"Price List (legacy)","รายการราคา (แบบเดิม)"
"Price cannot be negative","ราคาติดลบไม่ได้"
"Price for {0} cannot be negative","ราคาของ {0} ติดลบไม่ได้"
"Price list {0} does not exist","ไม่มีรายการราคา {0}"
"Promotion","โปรโมชัน"
"Promotion Type","ประเภทโปรโมชัน"
"Promotion {0} does not exist","ไม่มีโปรโมชัน {0}"
"Quantity for {0} must be positive","จำนวนของ {0} ต้องมากกว่าศูนย์"
"Quantity rewarded per application (cheapest eligible units)","จำนวนที่ได้รับรางวัลต่อครั้ง (หน่วยที่เข้าเงื่อนไขซึ่งราคาถูกที่สุด)"
"Quantity the customer must buy to trigger the offer","จำนวนที่ลูกค้าต้องซื้อเพื่อให้ได้ข้อเสนอ"
"Quick Keys","ปุ่มลัด"
"Quick keys","ปุ่มลัด"
"Quick keys / favourites","ปุ่มลัด / รายการโปรด"
"Raise a Sales Order when goods go on hold, so ERPNext shows the quantity as reserved and another till cannot sell it.","สร้างใบสั่งขายเมื่อจองสินค้า เพื่อให้ ERPNext แสดงจำนวนนั้นว่าถูกกันไว้ และเครื่องคิดเงินเครื่องอื่นขายไม่ได้"
"Rate to company currency","อัตราแลกเปลี่ยนเป็นสกุลเงินของบริษัท"
"Rates fixed for this shift","อัตราแลกเปลี่ยนที่กำหนดไว้สำหรับกะนี้"
"Reason shown at the till","เหตุผลที่แสดงที่เครื่องคิดเงิน"
"Reasons the cashier picks from when refunding an item. Add or remove freely. The till also always offers ""Other"" for a free-text reason.","เหตุผลที่แคชเชียร์เลือกได้เมื่อคืนเงินสินค้า เพิ่มหรือลบได้ตามต้องการ เครื่องคิดเงินมีตัวเลือก ""อื่นๆ"" ให้พิมพ์เหตุผลเองเสมอ"
"Receipt Config (JSON)","การตั้งค่าใบเสร็จ (JSON)"
"Receipt Custom Fields (JSON)","ฟิลด์ที่กำหนดเองของใบเสร็จ (JSON)"
"Receipt Fields","ฟิลด์ของใบเสร็จ"
"Receipt footer","ส่วนท้ายใบเสร็จ"
"Receipt header","ส่วนหัวใบเสร็จ"
"Receipt layout/density. Compact = tight; Standard = balanced; Detailed = spacious with a full store header + terms block.","เลย์เอาต์/ความหนาแน่นของใบเสร็จ กะทัดรัด = ชิดกัน, มาตรฐาน = สมดุล, ละเอียด = โปร่ง พร้อมส่วนหัวร้านเต็มรูปแบบ + ส่วนเงื่อนไข"
"Receipt logo","โลโก้ใบเสร็จ"
"Receipt template","แม่แบบใบเสร็จ"
"Record sensitive actions (over-limit discounts, returns, price edits, register open/close) to the LumenPOS Audit Log.","เก็บการดำเนินการสำคัญ (ส่วนลดที่เกินขีดจำกัด การคืนสินค้า การแก้ไขราคา การเปิด/ปิดเครื่องคิดเงิน) ไว้ในบันทึกการตรวจสอบ LumenPOS"
"Recorded At","เวลาบันทึก"
"Recorded By","บันทึกโดย"
"Redeem","ใช้ยอด"
"Reference Invoice","ใบแจ้งหนี้อ้างอิง"
"Reference label","ชื่อฟิลด์อ้างอิง"
"Refund","การคืนเงิน"
"Refund Method Rules","กฎวิธีการคืนเงิน"
"Refund as {0}","คืนเงินเป็น {0}"
"Refunded","คืนเงินแล้ว"
"Refunds","การคืนเงิน"
"Refunds may only go back to a payment method the customer actually used on the original sale (plus Store Credit). Add rules below to allow extra refund methods per paid method.","คืนเงินได้เฉพาะไปยังวิธีการชำระเงินที่ลูกค้าใช้จริงในการขายเดิม (รวมถึงเครดิตร้าน) เพิ่มกฎด้านล่างเพื่ออนุญาตวิธีคืนเงินเพิ่มเติมตามวิธีที่ชำระ"
"Register Session","เซสชันเครื่องคิดเงิน"
"Register session is already closed","เซสชันเครื่องคิดเงินปิดไปแล้ว"
"Register session is not open","เซสชันเครื่องคิดเงินไม่ได้เปิดอยู่"
"Register still open: {0}","เครื่องคิดเงินยังเปิดอยู่: {0}"
"Register {0} already has an open session ({1})","เครื่องคิดเงิน {0} มีเซสชันที่เปิดอยู่แล้ว ({1})"
"Register {0} already has an open session ({1}).","เครื่องคิดเงิน {0} มีเซสชันที่เปิดอยู่แล้ว ({1})"
"Register {0} has a previous shift ({1}) whose closing is still finalising or has failed. Retry that closing before opening a new shift.","เครื่องคิดเงิน {0} มีกะก่อนหน้า ({1}) ที่การปิดกะยังดำเนินการไม่เสร็จหรือล้มเหลว ลองปิดกะนั้นอีกครั้งก่อนเปิดกะใหม่"
"Reprint a receipt","พิมพ์ใบเสร็จซ้ำ"
"Request","คำขอ"
"Request not found.","ไม่พบคำขอ"
"Request only","คำขอเท่านั้น"
"Requested Discount (%)","ส่วนลดที่ขอ (%)"
"Require Order ID","บังคับกรอกรหัสคำสั่งซื้อ"
"Require a transaction reference","บังคับกรอกเลขอ้างอิงธุรกรรม"
"Require scanning for serial numbers (block manual typing)","บังคับสแกนหมายเลขซีเรียล (ห้ามพิมพ์เอง)"
"Required","บังคับ"
"Requires Coupon Code","ต้องใช้รหัสคูปอง"
"Reserve the goods on hold","กันสต็อกสินค้าที่จองไว้"
"Reset Code Hash","แฮชของรหัสรีเซ็ต"
"Reset Expires","รหัสรีเซ็ตหมดอายุเมื่อ"
"Restrict refunds to the original payment method","จำกัดการคืนเงินไว้ที่วิธีการชำระเงินเดิม"
"Restrict till actions to staff holding a role. Leave a role blank to allow everyone. System / LumenPOS Managers always pass.","จำกัดการดำเนินการที่เครื่องคิดเงินไว้เฉพาะพนักงานที่มีบทบาท เว้นบทบาทว่างไว้เพื่ออนุญาตทุกคน ผู้จัดการระบบ / ผู้จัดการ LumenPOS ผ่านได้เสมอ"
"Resulting Invoice","ใบแจ้งหนี้ที่ได้"
"Retrieved","เรียกคืนแล้ว"
"Return Invoice","ใบแจ้งหนี้ที่คืนสินค้า"
"Return Reason","เหตุผลการคืนสินค้า"
"Return Reasons","เหตุผลการคืนสินค้า"
"Return approval isn't required, returns are open.","ไม่ต้องอนุมัติการคืนสินค้า เพราะไม่ได้จำกัดการคืนสินค้าไว้"
"Return past the window","คืนสินค้าเกินระยะเวลา"
"Return policy / terms printed at the bottom of the receipt.","นโยบายการคืนสินค้า / เงื่อนไขที่พิมพ์ไว้ท้ายใบเสร็จ"
"Return window (days)","ระยะเวลาคืนสินค้า (วัน)"
"Returns are allowed within {0} days, this invoice is {1} days old. Send a return approval request to continue.","คืนสินค้าได้ภายใน {0} วัน ใบแจ้งหนี้นี้ผ่านมา {1} วันแล้ว ส่งคำขออนุมัติการคืนสินค้าเพื่อดำเนินการต่อ"
"Reverse","กลับรายการ"
"Reward","รางวัล"
"Reward Value","มูลค่ารางวัล"
"Reward Value must be greater than zero","มูลค่ารางวัลต้องมากกว่าศูนย์"
"Row {0}: Qty must be at least 1","แถว {0}: จำนวนต้องไม่น้อยกว่า 1"
"Row {0}: bundle Qty must be at least 1","แถว {0}: จำนวนในชุดสินค้าต้องไม่น้อยกว่า 1"
"Row {0}: invalid price '{1}'","แถว {0}: ราคาไม่ถูกต้อง '{1}'"
"Row {0}: item '{1}' not found","แถว {0}: ไม่พบสินค้า '{1}'"
"Row {0}: no price for {1}","แถว {0}: ไม่มีราคาของ {1}"
"Row {0}: set the {1} field","แถว {0}: กรอกฟิลด์ {1}"
"Row {0}: {1} is serialized, serialized items cannot be sold in bundles","แถว {0}: {1} มีหมายเลขซีเรียล สินค้าที่มีหมายเลขซีเรียลขายเป็นชุดสินค้าไม่ได้"
"Runs on {0}","ทำงานในวัน {0}"
"Sale","การขาย"
"Sale type","ประเภทการขาย"
"Sale {0} not found","ไม่พบการขาย {0}"
"Scan or type a serial number","สแกนหรือพิมพ์หมายเลขซีเรียล"
"Select a customer (or set a default customer on the POS Profile)","เลือกลูกค้า (หรือตั้งลูกค้าเริ่มต้นในโปรไฟล์ POS)"
"Select an outlet","เลือกสาขา"
"Select at least one item to return","เลือกสินค้าที่จะคืนอย่างน้อยหนึ่งรายการ"
"Select the invoice to return.","เลือกใบแจ้งหนี้ที่จะคืนสินค้า"
"Selected Customer Groups","กลุ่มลูกค้าที่เลือก"
"Selected items were not found on the original sale","ไม่พบสินค้าที่เลือกในการขายเดิม"
"Sell in other currencies","ขายเป็นสกุลเงินอื่น"
"Separate per company","แยกตามบริษัท"
"Serial numbers must be SCANNED with a barcode scanner, manual typing is rejected at the till. Turn off if a scanner is unavailable.","ต้องสแกนหมายเลขซีเรียลด้วยเครื่องสแกนบาร์โค้ด เครื่องคิดเงินจะไม่รับการพิมพ์เอง ปิดตัวเลือกนี้หากไม่มีเครื่องสแกน"
"Serial {0} belongs to {1}","หมายเลขซีเรียล {0} เป็นของ {1}"
"Serial {0} came back on {1}, and ERPNext holds it until the shift close books that sale","หมายเลขซีเรียล {0} ถูกคืนใน {1} และ ERPNext จะกันไว้จนกว่าการปิดกะจะบันทึกบัญชีการขายนั้น"
"Serial {0} does not exist","ไม่มีหมายเลขซีเรียล {0}"
"Serial {0} is already sold on {1}, which the shift close has not booked yet","หมายเลขซีเรียล {0} ขายไปแล้วใน {1} ซึ่งการปิดกะยังไม่ได้บันทึกบัญชี"
"Serial {0} is held by a sale the shift close has not booked yet","หมายเลขซีเรียล {0} ถูกกันไว้โดยการขายที่การปิดกะยังไม่ได้บันทึกบัญชี"
"Serial {0} is in {1}, not this register's warehouse","หมายเลขซีเรียล {0} อยู่ใน {1} ไม่ใช่คลังสินค้าของเครื่องคิดเงินนี้"
"Serial {0} is not in stock ({1})","หมายเลขซีเรียล {0} ไม่มีในสต็อก ({1})"
"Serial {0} is scanned twice in this sale","หมายเลขซีเรียล {0} ถูกสแกนซ้ำในการขายนี้"
"Serial {0} is selected twice","หมายเลขซีเรียล {0} ถูกเลือกซ้ำ"
"Serial {0} was already returned","หมายเลขซีเรียล {0} ถูกคืนไปแล้ว"
"Serial {0} was not sold on this invoice","หมายเลขซีเรียล {0} ไม่ได้ขายในใบแจ้งหนี้นี้"
"Service Charge Account","บัญชีค่าบริการ"
"Service charge","ค่าบริการ"
"Service charge (%)","ค่าบริการ (%)"
"Service charge ({0}%)","ค่าบริการ ({0}%)"
"Service charge account (global fallback)","บัญชีค่าบริการ (ค่าเริ่มต้นส่วนกลาง)"
"Session Totals","ยอดรวมของเซสชัน"
"Set a Coupon Code or untick 'Requires Coupon Code'","กำหนดรหัสคูปอง หรือยกเลิกการเลือก 'ต้องใช้รหัสคูปอง'"
"Set a Service charge account for {0} in LumenPOS Settings → Company Accounts (or the global default).","กำหนดบัญชีค่าบริการของ {0} ใน การตั้งค่า LumenPOS → บัญชีของบริษัท (หรือค่าเริ่มต้นส่วนกลาง)"
"Set automatically once the use limit is reached.","ตั้งค่าอัตโนมัติเมื่อใช้ครบจำนวนครั้งที่กำหนด"
"Set both Start Time and End Time, or neither","กำหนดทั้งเวลาเริ่มและเวลาสิ้นสุด หรือไม่กำหนดทั้งคู่"
"Set by the daily update: per company currency, the published rate, the rate used, when, and any error.","กำหนดโดยการอัปเดตรายวัน: ตามสกุลเงินของบริษัท อัตราที่ประกาศ อัตราที่ใช้ เวลา และข้อผิดพลาด (ถ้ามี)"
"Set up automatically, with a cash account in this currency.","ตั้งค่าอัตโนมัติ พร้อมบัญชีเงินสดในสกุลเงินนี้"
"Set up automatically: the customer a walk-in who pays in this currency is billed to.","ตั้งค่าอัตโนมัติ: ลูกค้าที่ใช้ออกบิลเมื่อลูกค้าทั่วไปชำระด้วยสกุลเงินนี้"
"Several cashiers on one outlet each need their own POS Profile on ERPNext 16.","บน ERPNext 16 แคชเชียร์หลายคนในสาขาเดียวกันต้องมีโปรไฟล์ POS ของตนเองทุกคน"
"Shared by the group","ใช้ร่วมกันทั้งกลุ่ม"
"Shift already open","กะเปิดอยู่แล้ว"
"Shift from an earlier day","กะจากวันก่อนหน้า"
"Shift {0} is still being closed ({1}): retry its close from the Register screen.","กะ {0} ยังปิดไม่เสร็จ ({1}): ลองปิดกะอีกครั้งจากหน้าจอเครื่องคิดเงิน"
"Shift {0} recorded cash movements and can't be deleted. Cancel it instead.","กะ {0} มีการบันทึกเงินสดเข้าออกแล้ว จึงลบไม่ได้ ให้ยกเลิกแทน"
"Shifts","กะ"
"Show a Favourites grid of one-tap items on the sell screen.","แสดงตารางสินค้าโปรดแบบแตะครั้งเดียวบนหน้าจอขาย"
"Show a Price check button to look up an item's price + stock without selling it.","แสดงปุ่มเช็กราคาเพื่อดูราคา + สต็อกของสินค้าโดยไม่ต้องขาย"
"Show an Email receipt button so a copy can be sent to the customer's email.","แสดงปุ่มส่งใบเสร็จทางอีเมล เพื่อส่งสำเนาไปยังอีเมลของลูกค้า"
"Show item barcode","แสดงบาร์โค้ดสินค้า"
"Show item code","แสดงรหัสสินค้า"
"Show out-of-stock items in the grid","แสดงสินค้าที่หมดสต็อกในตาราง"
"Show payment method lines","แสดงรายการวิธีการชำระเงิน"
"Show serial numbers","แสดงหมายเลขซีเรียล"
"Show stock items that are out of stock (qty 0 or less) in the sell grid. Off = only items with stock are shown (non-stock items like services always show).","แสดงสินค้าสต็อกที่หมดแล้ว (จำนวน 0 หรือน้อยกว่า) ในตารางขาย ปิด = แสดงเฉพาะสินค้าที่มีสต็อก (สินค้าที่ไม่นับสต็อก เช่น บริการ แสดงเสมอ)"
"Show store address","แสดงที่อยู่ร้าน"
"Show tax / VAT ID","แสดงเลขประจำตัวผู้เสียภาษี / VAT"
"Show terms & conditions","แสดงข้อกำหนดและเงื่อนไข"
"Show the equivalent on local sales","แสดงมูลค่าเทียบเท่าในการขายสกุลเงินท้องถิ่น"
"Show the sale note","แสดงหมายเหตุการขาย"
"Show unit price (qty × rate)","แสดงราคาต่อหน่วย (จำนวน × ราคา)"
"Shown on the invoice when this person approves a discount, e.g. Manager Khobar","แสดงบนใบแจ้งหนี้เมื่อบุคคลนี้อนุมัติส่วนลด เช่น ผู้จัดการ Khobar"
"Sign in as Administrator to build demo data.","ลงชื่อเข้าใช้ในฐานะ Administrator เพื่อสร้างข้อมูลตัวอย่าง"
"Simple Discount","ส่วนลดทั่วไป"
"Single Use","ใช้ครั้งเดียว"
"Smallest first payment, as a percentage of the total. 0 = any amount.","การชำระครั้งแรกขั้นต่ำ เป็นเปอร์เซ็นต์ของยอดรวม 0 = จำนวนเท่าใดก็ได้"
"Snapshot of the cart as JSON","สแนปช็อตของตะกร้าในรูปแบบ JSON"
"Spend and Save","ซื้อครบรับส่วนลด"
"Spent at","ใช้ที่"
"Stackable promotions combine with each other. Non-stackable promotions compete and only the best one applies.","โปรโมชันที่ใช้ร่วมกันได้จะรวมกัน โปรโมชันที่ใช้ร่วมกันไม่ได้จะแข่งกัน และใช้เฉพาะโปรโมชันที่ดีที่สุด"
"Standard Price","ราคาปกติ"
"Starts","เริ่ม"
"Status is Active","สถานะเปิดใช้งาน"
"Store Credit","เครดิตร้าน"
"Store address","ที่อยู่ร้าน"
"Store credit balance is too low to redeem {0}","ยอดเครดิตร้านไม่พอสำหรับใช้ {0}"
"Store credit balance is {0}, cannot redeem {1}","ยอดเครดิตร้านคือ {0} ใช้ {1} ไม่ได้"
"Store credit refunds","การคืนเงินเป็นเครดิตร้าน"
"Switch on automatic exchange rates first, and save.","เปิดใช้อัตราแลกเปลี่ยนอัตโนมัติก่อน แล้วบันทึก"
"Taken By","รับโดย"
"Tax / VAT ID","เลขประจำตัวผู้เสียภาษี / VAT"
"Tax the outlet will add on top of the held prices at hand-over. Zero where the price list already includes it.","ภาษีที่สาขาจะบวกเพิ่มจากราคาที่จองไว้เมื่อส่งมอบ เป็นศูนย์หากรายการราคารวมภาษีไว้แล้ว"
"Terms & conditions","ข้อกำหนดและเงื่อนไข"
"Thank you for your purchase. Your receipt {0} is attached.","ขอบคุณที่ซื้อสินค้ากับเรา ใบเสร็จ {0} ของคุณแนบมาพร้อมนี้"
"That code has expired. Ask for a new one.","รหัสนั้นหมดอายุแล้ว ขอรหัสใหม่"
"That code is not right.","รหัสนั้นไม่ถูกต้อง"
"That current PIN is not right.","PIN ปัจจุบันไม่ถูกต้อง"
"That is more than the {0} still owed on this hold.","จำนวนนี้มากกว่ายอด {0} ที่ยังค้างชำระสำหรับการจองสินค้านี้"
"The POS Opening Entry {0} of this shift was cancelled in ERPNext, so the shift closes against its amendment {1}.","รายการเปิดกะ POS {0} ของกะนี้ถูกยกเลิกใน ERPNext จึงปิดกะนี้ด้วยฉบับแก้ไข {1}"
"The POS sale that took this instalment, its line posts to the deposit liability account.","การขาย POS ที่รับเงินงวดนี้ รายการในการขายนั้นบันทึกเข้าบัญชีหนี้สินเงินมัดจำ"
"The Sales Order that reserves the goods while the hold is open.","ใบสั่งขายที่กันสินค้าไว้ขณะที่การจองสินค้ายังเปิดอยู่"
"The approval is {0}, not approved.","การอนุมัติอยู่ในสถานะ {0} ยังไม่ได้รับอนุมัติ"
"The approval's register session has closed.","เซสชันเครื่องคิดเงินของการอนุมัตินี้ปิดแล้ว"
"The approved discount ({0}%) is below the {1}% on this sale.","ส่วนลดที่อนุมัติ ({0}%) ต่ำกว่า {1}% ในการขายนี้"
"The cashback expense account must be an Expense account, and {0} is {1}","บัญชีค่าใช้จ่ายแคชแบ็กต้องเป็นบัญชีประเภทค่าใช้จ่าย แต่ {0} เป็น {1}"
"The cashback liability account must be a Liability account, and {0} is {1}","บัญชีหนี้สินแคชแบ็กต้องเป็นบัญชีประเภทหนี้สิน แต่ {0} เป็น {1}"
"The cashier must enter the terminal / transfer reference before the sale can complete.","แคชเชียร์ต้องป้อนเลขอ้างอิงจากเครื่องรูดบัตร / การโอน ก่อนจึงจะทำการขายให้เสร็จได้"
"The cashier's register has closed, this request has expired.","เครื่องคิดเงินของแคชเชียร์ปิดแล้ว คำขอนี้หมดอายุ"
"The company that holds the balance: its liability goes down.","บริษัทที่ถือยอดคงเหลือ: หนี้สินของบริษัทนี้ลดลง"
"The company whose outlet took the balance as payment and gave the goods.","บริษัทที่สาขารับยอดคงเหลือเป็นการชำระเงินและส่งมอบสินค้า"
"The cost of the cashback program. Earned cashback is debited here, and expired or returned cashback is credited back. Leave empty to create ""Cashback Expense"" under Indirect Expenses.","ต้นทุนของโปรแกรมแคชแบ็ก แคชแบ็กที่ได้รับบันทึกเดบิตที่นี่ และแคชแบ็กที่หมดอายุหรือถูกคืนบันทึกเครดิตกลับ เว้นว่างเพื่อสร้าง ""Cashback Expense"" ภายใต้ค่าใช้จ่ายทางอ้อม (Indirect Expenses)"
"The daily summary Journal Entry that booked this row to the accounts. Empty until it is posted. Redeem rows stay empty: the sale's payment books them.","รายการสมุดรายวันสรุปประจำวันที่บันทึกแถวนี้เข้าบัญชี ว่างอยู่จนกว่าจะลงบัญชี แถวที่เป็นการใช้แคชแบ็กจะว่างเสมอ: การชำระเงินของการขายเป็นตัวบันทึกบัญชีแถวเหล่านั้น"
"The file has no rows","ไฟล์ไม่มีแถวข้อมูล"
"The goods coming back are worth more than the new ones. Choose how to refund {0}.","สินค้าที่คืนมีมูลค่ามากกว่าสินค้าใหม่ เลือกวิธีคืนเงิน {0}"
"The item a deposit is taken on. Blank = LumenPOS creates LUMENPOS-DEPOSIT.","สินค้าที่ใช้รับเงินมัดจำ เว้นว่าง = LumenPOS สร้าง LUMENPOS-DEPOSIT"
"The languages a cashier can pick at the till, one ERPNext language code per line (en, ar ...). Empty = every language LumenPOS ships, including ones a later update adds. English is always offered. Set from the till: Settings, General, Languages.","ภาษาที่แคชเชียร์เลือกได้ที่เครื่องคิดเงิน หนึ่งรหัสภาษา ERPNext ต่อบรรทัด (en, ar ...) เว้นว่าง = ทุกภาษาที่ LumenPOS มี รวมถึงภาษาที่การอัปเดตภายหลังเพิ่มเข้ามา ภาษาอังกฤษมีให้เสมอ ตั้งค่าได้ที่เครื่องคิดเงิน: การตั้งค่า, ทั่วไป, ภาษา"
"The margin for {0} must be from 0 to less than 100%.","มาร์จินของ {0} ต้องอยู่ระหว่าง 0 ถึงน้อยกว่า 100%"
"The new items come to {0}, {1} is covered by the return, so {2} is due but {3} was entered.","สินค้าใหม่รวมเป็น {0} การคืนสินค้าครอบคลุม {1} จึงต้องชำระ {2} แต่ป้อนไว้ {3}"
"The outlet the cashback was earned at. Expire and Reverse rows keep the outlet of the Earn row they come from.","สาขาที่ได้รับแคชแบ็ก แถวหมดอายุและแถวกลับรายการใช้สาขาเดียวกับแถวรับแคชแบ็กที่เป็นต้นทาง"
"The payment method {0} already exists, and its account for {1} ({2}) is in {3}, not {4}. Give it a {4} account, or rename it, so the {4} cash drawer can be set up.","มีวิธีการชำระเงิน {0} อยู่แล้ว และบัญชีสำหรับ {1} ({2}) เป็นสกุล {3} ไม่ใช่ {4} กำหนดบัญชีสกุล {4} ให้ หรือเปลี่ยนชื่อ เพื่อให้ตั้งค่าลิ้นชักเก็บเงิน {4} ได้"
"The promotion only applies when the cashier enters this coupon code at the till","โปรโมชันนี้มีผลเฉพาะเมื่อแคชเชียร์ป้อนรหัสคูปองนี้ที่เครื่องคิดเงิน"
"The qualifying items must total at least this to earn cashback","สินค้าที่เข้าเงื่อนไขต้องมียอดรวมอย่างน้อยเท่านี้จึงจะได้รับแคชแบ็ก"
"The rate must be more than 0.","อัตราต้องมากกว่า 0"
"The rates service answered: {0}","บริการอัตราแลกเปลี่ยนตอบกลับว่า: {0}"
"The rates service has no rate for {0}.","บริการอัตราแลกเปลี่ยนไม่มีอัตราของ {0}"
"The refund split adds up to {0} but the refund is {1}.","ยอดคืนเงินที่แบ่งไว้รวมเป็น {0} แต่ยอดคืนเงินคือ {1}"
"The refund split adds up to {0} but {1} is left over after the new items.","ยอดคืนเงินที่แบ่งไว้รวมเป็น {0} แต่ยอดที่เหลือหลังหักสินค้าใหม่คือ {1}"
"The sale doctype this entry came from. LumenPOS posts POS Invoices by default, but a profile can be set to post Sales Invoices instead.","ประเภทเอกสารการขายที่เป็นที่มาของรายการนี้ ค่าเริ่มต้น LumenPOS บันทึกเป็นใบแจ้งหนี้ POS แต่ตั้งค่าโปรไฟล์ POS ให้บันทึกเป็นใบแจ้งหนี้ขายแทนได้"
"The till has NOT been closed automatically, a close without a real cash count is worthless.","เครื่องคิดเงินยังไม่ได้ถูกปิดโดยอัตโนมัติ เพราะการปิดกะโดยไม่นับเงินสดจริงไม่มีประโยชน์"
"The till values this currency this much below the published rate, the way a shop taking it at a market rate does.","เครื่องคิดเงินคิดมูลค่าสกุลเงินนี้ต่ำกว่าอัตราที่ประกาศเท่ากับค่านี้ เหมือนร้านที่รับสกุลเงินนี้ในอัตราตลาด"
"There is no exchange rate from {0} to {1}. Set it in LumenPOS Settings, General, Other currencies.","ไม่มีอัตราแลกเปลี่ยนจาก {0} เป็น {1} กำหนดได้ที่ การตั้งค่า LumenPOS, ทั่วไป, สกุลเงินอื่น"
"These items are never taken back: {0}","สินค้าเหล่านี้ไม่รับคืนเลย: {0}"
"These items need an approved return request: {0}","สินค้าเหล่านี้ต้องมีคำขอคืนสินค้าที่อนุมัติแล้ว: {0}"
"These items sell at the price set here while this book is active (by validity + priority). Items not listed keep their normal selling price.","สินค้าเหล่านี้ขายในราคาที่กำหนดที่นี่ขณะที่สมุดราคานี้ใช้งานอยู่ (ตามช่วงเวลาที่ใช้ได้ + ลำดับความสำคัญ) สินค้าที่ไม่อยู่ในรายการใช้ราคาขายปกติ"
"These items were sold together (bundle/offer) and must be returned together: {0}. Use Exchange for a partial swap.","สินค้าเหล่านี้ขายพร้อมกัน (ชุดสินค้า/ข้อเสนอ) และต้องคืนพร้อมกัน: {0} ใช้การเปลี่ยนสินค้าหากต้องการเปลี่ยนเพียงบางส่วน"
"This approval is for a {0}, not a {1}.","การอนุมัตินี้สำหรับ {0} ไม่ใช่ {1}"
"This approval was already used.","การอนุมัตินี้ถูกใช้ไปแล้ว"
"This approval was issued to another cashier.","การอนุมัตินี้ออกให้แคชเชียร์คนอื่น"
"This coupon's promotion isn't available right now","โปรโมชันของคูปองนี้ใช้ไม่ได้ในขณะนี้"
"This discount is within the {0}% limit, no approval needed.","ส่วนลดนี้อยู่ภายในขีดจำกัด {0}% ไม่ต้องขออนุมัติ"
"This hold is {0}","การจองสินค้านี้อยู่ในสถานะ {0}"
"This payment method cannot be used when the cart contains a matching item.","ใช้วิธีการชำระเงินนี้ไม่ได้เมื่อในตะกร้ามีสินค้าที่ตรงเงื่อนไข"
"This person passes, whatever roles they hold.","บุคคลนี้ผ่านได้ ไม่ว่าจะมีบทบาทใด"
"This register is being closed. Reopen it (or wait for the close to finish) before ringing up this sale.","เครื่องคิดเงินนี้กำลังปิดกะ เปิดใหม่อีกครั้ง (หรือรอให้ปิดกะเสร็จ) ก่อนทำรายการขายนี้"
"This request was already {0}.","คำขอนี้อยู่ในสถานะ {0} แล้ว"
"This return approval is for invoice {0}.","การอนุมัติการคืนสินค้านี้สำหรับใบแจ้งหนี้ {0}"
"This role (plus managers) may return a sale past the return window WITHOUT an approval request. Blank = nobody bypasses (everyone uses the request flow).","บทบาทนี้ (รวมถึงผู้จัดการ) คืนสินค้าจากการขายที่เลยระยะเวลาคืนสินค้าได้โดยไม่ต้องส่งคำขออนุมัติ เว้นว่าง = ไม่มีใครข้ามขั้นตอนได้ (ทุกคนต้องส่งคำขอ)"
"This sale was paid by {0}, so it can only be refunded to: {1}. Adjust the refund methods in LumenPOS Settings if needed.","การขายนี้ชำระด้วย {0} จึงคืนเงินได้เฉพาะไปยัง: {1} ปรับวิธีคืนเงินได้ใน การตั้งค่า LumenPOS หากจำเป็น"
"This sale was rung up as {0} but ERPNext calculated {1} (short by {2}). This is usually a price-list or VAT mismatch. Check that every item is priced on the active price list and that the VAT template's 'included in rate' flag matches your shelf prices (Settings → Status).","การขายนี้บันทึกยอดเป็น {0} แต่ ERPNext คำนวณได้ {1} (ขาดไป {2}) มักเกิดจากรายการราคาหรือ VAT ไม่ตรงกัน ตรวจสอบว่าสินค้าทุกรายการมีราคาในรายการราคาที่ใช้งานอยู่ และตัวเลือก 'รวมอยู่ในราคา' ของแม่แบบ VAT ตรงกับราคาบนชั้นวาง (การตั้งค่า → สถานะ)"
"This sale was rung up at {0}, but the shift sells {1} at {2}. Ring it up again.","การขายนี้บันทึกที่อัตรา {0} แต่กะนี้ขาย {1} ที่อัตรา {2} ให้บันทึกการขายใหม่"
"This shift belongs to {0}. Only the cashier who opened the register can sell on it. Close that shift and open your own.","กะนี้เป็นของ {0} เฉพาะแคชเชียร์ที่เปิดเครื่องคิดเงินเท่านั้นที่ขายในกะนี้ได้ ปิดกะนั้นแล้วเปิดกะของคุณเอง"
"This shift was opened on {0}. ERPNext 16 accepts sales only on a shift opened today: close this shift on the Register screen and open a new one.","กะนี้เปิดเมื่อ {0} ERPNext 16 รับการขายเฉพาะในกะที่เปิดวันนี้: ปิดกะนี้ที่หน้าจอเครื่องคิดเงินแล้วเปิดกะใหม่"
"This shop asks for at least {0}% down, which is {1}.","ร้านนี้กำหนดเงินมัดจำขั้นต่ำ {0}% คิดเป็น {1}"
"This site already has {0} posted POS invoices, so it does not look like an empty demo site. Nothing was created.","ไซต์นี้มีใบแจ้งหนี้ POS ที่บันทึกแล้ว {0} ใบ จึงดูไม่เหมือนไซต์ตัวอย่างที่ว่างเปล่า ไม่ได้สร้างข้อมูลใดๆ"
"This version of Lumen Reports does not include the LumenPOS dashboard yet. Update Lumen Reports, then try again.","Lumen Reports เวอร์ชันนี้ยังไม่มีแดชบอร์ด LumenPOS อัปเดต Lumen Reports แล้วลองอีกครั้ง"
"Tick to EXCLUDE these products instead of including them (e.g. all products except this brand)","เลือกเพื่อยกเว้นสินค้าเหล่านี้แทนการรวมไว้ (เช่น สินค้าทั้งหมดยกเว้นแบรนด์นี้)"
"Times Used","จำนวนครั้งที่ใช้"
"To let customers pay with loyalty points, tick 'Allow Partial Payment' on the POS Profile {0}. This version of ERPNext counts only cash and card towards the total, so it rejects a sale that is part points even though the sale is fully settled. LumenPOS still checks every sale adds up before it posts.","หากต้องการให้ลูกค้าชำระด้วยคะแนนสะสม ให้เลือก 'อนุญาตให้ชำระเงินบางส่วน' ในโปรไฟล์ POS {0} ERPNext เวอร์ชันนี้นับเฉพาะเงินสดและบัตรเข้ายอดรวม จึงปฏิเสธการขายที่ชำระด้วยคะแนนบางส่วน แม้การขายจะชำระครบแล้ว LumenPOS ยังคงตรวจสอบว่ายอดของทุกการขายถูกต้องก่อนบันทึก"
"Too many attempts, wait a minute and try again.","พยายามหลายครั้งเกินไป รอหนึ่งนาทีแล้วลองอีกครั้ง"
"Too many attempts, wait a moment and try again.","พยายามหลายครั้งเกินไป รอสักครู่แล้วลองอีกครั้ง"
"Total Discounts","ส่วนลดรวม"
"Total Sales","ยอดขายรวม"
"Turn till features on or off. Each control is independent.","เปิดหรือปิดฟีเจอร์ของเครื่องคิดเงิน แต่ละตัวเลือกทำงานแยกกัน"
"Unknown delivery app {0}. Add it in LumenPOS Settings","ไม่รู้จักแอปเดลิเวอรี {0} เพิ่มได้ใน การตั้งค่า LumenPOS"
"Unknown item {0}","ไม่รู้จักสินค้า {0}"
"Unknown request type {0}","ไม่รู้จักประเภทคำขอ {0}"
"Unlocked by {0}","ปลดล็อกโดย {0}"
"Update exchange rates automatically","อัปเดตอัตราแลกเปลี่ยนอัตโนมัติ"
"Usable After (days)","ใช้ได้หลังจาก (วัน)"
"Usable From","ใช้ได้ตั้งแต่"
"Use Limit","จำนวนครั้งที่ใช้ได้"
"Used At","ใช้เมื่อ"
"Used On (Invoice)","ใช้กับ (ใบแจ้งหนี้)"
"Used when the outlet has no shift schedule.","ใช้เมื่อสาขาไม่มีตารางกะ"
"Users holding this role (plus LumenPOS/System Managers) can approve discount AND return requests. Requests can only be approved while the cashier's register is still open.","ผู้ใช้ที่มีบทบาทนี้ (รวมถึงผู้จัดการ LumenPOS/ผู้จัดการระบบ) อนุมัติได้ทั้งคำขอส่วนลดและคำขอคืนสินค้า คำขอจะอนุมัติได้เฉพาะขณะที่เครื่องคิดเงินของแคชเชียร์ยังเปิดอยู่"
"Valid For (days)","ใช้ได้นาน (วัน)"
"Valid To","ใช้ได้ถึง"
"Valid To cannot be before Valid From","วันที่ใช้ได้ถึงต้องไม่ก่อนวันที่ใช้ได้ตั้งแต่"
"Valid Until","ใช้ได้ถึง"
"Variance threshold","เกณฑ์ส่วนต่าง"
"Walk-in customer","ลูกค้าทั่วไป"
"What is being approved","สิ่งที่ขออนุมัติ"
"What the company owes customers in unspent cashback. Earned cashback is credited here and spent cashback is debited. Leave empty to create ""Cashback"" under Current Liabilities.","ยอดที่บริษัทค้างลูกค้าเป็นแคชแบ็กที่ยังไม่ได้ใช้ แคชแบ็กที่ได้รับบันทึกเครดิตที่นี่ และแคชแบ็กที่ใช้แล้วบันทึกเดบิต เว้นว่างเพื่อสร้าง ""Cashback"" ภายใต้หนี้สินหมุนเวียน (Current Liabilities)"
"What the customer pays in the end, tax and all.","ยอดที่ลูกค้าจ่ายในท้ายที่สุด รวมภาษีแล้วทั้งหมด"
"What this rule refuses to take back.","สิ่งที่กฎนี้ไม่รับคืน"
"What to call it at the till, e.g. ""Approval code"" or ""Transfer no."". Defaults to ""Reference"".","ชื่อที่แสดงที่เครื่องคิดเงิน เช่น ""รหัสอนุมัติ"" หรือ ""เลขที่การโอน"" ค่าเริ่มต้นคือ ""เลขอ้างอิง"""
"When several price books apply, the highest priority wins","เมื่อมีสมุดราคาหลายเล่มที่ใช้ได้ สมุดราคาที่มีลำดับความสำคัญสูงสุดจะถูกใช้"
"Where it applies","ขอบเขตการใช้"
"Which price the discount is calculated from. Price Book Price stacks on an active price book. Standard Price discounts from the regular price and gives the customer the lower of the two (never stacks with a price book).","ราคาที่ใช้คำนวณส่วนลด ราคาจากสมุดราคา: ลดซ้อนจากสมุดราคาที่ใช้งานอยู่ ราคาปกติ: ลดจากราคาปกติ และให้ลูกค้าได้ราคาที่ต่ำกว่าระหว่างสองราคา (ไม่ลดซ้อนกับสมุดราคา)"
"Which sale is being exchanged?","ต้องการเปลี่ยนสินค้าจากการขายใด?"
"Who can do what","ใครทำอะไรได้บ้าง"
"Who may do what at the till. A capability with no row here is open to everyone (except returning past the window, which stays closed unless named). Managers always pass.","ใครทำอะไรได้บ้างที่เครื่องคิดเงิน สิทธิ์ที่ไม่มีแถวในตารางนี้เปิดให้ทุกคน (ยกเว้นการคืนสินค้าเกินระยะเวลา ซึ่งจะปิดไว้เว้นแต่มีการระบุ) ผู้จัดการผ่านได้เสมอ"
"Wrong approver passcode for the {0}% discount.","รหัสผ่านผู้อนุมัติไม่ถูกต้องสำหรับส่วนลด {0}%"
"X-report (mid-shift read)","รายงาน X (อ่านยอดระหว่างกะ)"
"You are not allowed to approve requests.","คุณไม่ได้รับอนุญาตให้อนุมัติคำขอ"
"You are not allowed to close a register","คุณไม่ได้รับอนุญาตให้ปิดเครื่องคิดเงิน"
"You are not allowed to exchange goods","คุณไม่ได้รับอนุญาตให้เปลี่ยนสินค้า"
"You are not allowed to hold goods for a customer","คุณไม่ได้รับอนุญาตให้จองสินค้าให้ลูกค้า"
"You are not allowed to open a register","คุณไม่ได้รับอนุญาตให้เปิดเครื่องคิดเงิน"
"You are not allowed to put money in or take it out","คุณไม่ได้รับอนุญาตให้นำเงินเข้าหรือนำเงินออก"
"You are not allowed to reprint a receipt","คุณไม่ได้รับอนุญาตให้พิมพ์ใบเสร็จซ้ำ"
"You are not assigned to outlet {0}. Ask an administrator to add you under Applicable for Users.","คุณไม่ได้ถูกกำหนดให้อยู่ในสาขา {0} ขอให้ผู้ดูแลระบบเพิ่มคุณในส่วน ใช้ได้สำหรับผู้ใช้ (Applicable for Users)"
"You are not permitted to close a register","คุณไม่มีสิทธิ์ปิดเครื่องคิดเงิน"
"You are not permitted to make sales","คุณไม่มีสิทธิ์ขายสินค้า"
"You are not permitted to open a register","คุณไม่มีสิทธิ์เปิดเครื่องคิดเงิน"
"You are not permitted to view customers.","คุณไม่มีสิทธิ์ดูข้อมูลลูกค้า"
"You are not permitted to work with {0}","คุณไม่มีสิทธิ์ทำงานกับ {0}"
"You are not permitted to {0} {1}.","คุณไม่มีสิทธิ์ {0} {1}"
"You can only manage your own register","คุณจัดการได้เฉพาะเครื่องคิดเงินของคุณเอง"
"You can't approve your own request, another approver must.","คุณอนุมัติคำขอของตัวเองไม่ได้ ต้องให้ผู้อนุมัติคนอื่นอนุมัติ"
"You cannot see {0}'s figures","คุณดูตัวเลขของ {0} ไม่ได้"
"You do not have access to the POS. Ask an administrator to grant you the LumenPOS Cashier role (or POS Invoice access).","คุณไม่มีสิทธิ์เข้าถึง POS ขอให้ผู้ดูแลระบบให้บทบาท แคชเชียร์ LumenPOS แก่คุณ (หรือสิทธิ์เข้าถึงใบแจ้งหนี้ POS)"
"You're not allowed to change prices at this outlet ({0} costs {1}).","คุณไม่ได้รับอนุญาตให้เปลี่ยนราคาที่สาขานี้ ({0} ราคา {1})"
"You're not allowed to edit prices or apply discounts on a sale.","คุณไม่ได้รับอนุญาตให้แก้ไขราคาหรือให้ส่วนลดในการขาย"
"You're not allowed to make returns.","คุณไม่ได้รับอนุญาตให้รับคืนสินค้า"
"Your LumenPOS PIN reset code","รหัสรีเซ็ต PIN ของ LumenPOS ของคุณ"
"Your VAT / tax registration number.","เลขทะเบียน VAT / เลขประจำตัวผู้เสียภาษีของคุณ"
"Your receipt from {0}, {1}","ใบเสร็จของคุณจาก {0}, {1}"
"Your user has no email address. Ask an administrator to reset your PIN.","ผู้ใช้ของคุณไม่มีที่อยู่อีเมล ขอให้ผู้ดูแลระบบรีเซ็ต PIN ให้คุณ"
"late return approved by {0}","คืนสินค้าเกินกำหนด อนุมัติโดย {0}"
"not scheduled","ไม่ได้กำหนดเวลา"
"the close has not finished","การปิดกะยังไม่เสร็จ"
"transaction reference","เลขอ้างอิงธุรกรรม"
"{0} '{1}' does not exist. Pick it from the dropdown list","{0} '{1}' ไม่มีอยู่ เลือกจากรายการดรอปดาวน์"
"{0} are in {1} only, and this customer buys in {2}.","{0} ใช้ได้เป็น {1} เท่านั้น แต่ลูกค้ารายนี้ซื้อเป็น {2}"
"{0} can't be used for this sale ({1}). Choose another payment method.","ใช้ {0} กับการขายนี้ไม่ได้ ({1}) เลือกวิธีการชำระเงินอื่น"
"{0} can't be used to refund this sale. Allowed: {1}.","ใช้ {0} คืนเงินสำหรับการขายนี้ไม่ได้ ที่อนุญาต: {1}"
"{0} cannot be returned","{0} คืนไม่ได้"
"{0} does not let prices be changed at the till. Tick Allow User to Edit Rate on its POS Profile to allow it.","{0} ไม่อนุญาตให้เปลี่ยนราคาที่เครื่องคิดเงิน ติ๊ก ""อนุญาตให้ผู้ใช้แก้ไขอัตรา"" ในโปรไฟล์ POS เพื่ออนุญาต"
"{0} has NO price on price list '{1}', a percentage of 0 is 0","{0} ไม่มีราคาในรายการราคา '{1}' เปอร์เซ็นต์ของ 0 ก็คือ 0"
"{0} has shift {1} open since {2}: close it first.","{0} มีกะ {1} ที่เปิดอยู่ตั้งแต่ {2}: ปิดกะนั้นก่อน"
"{0} is billed in {1}, but this till sells in {2}. Switch on Other currencies in LumenPOS Settings, choose another customer, or clear the customer's Billing Currency in ERPNext (Customer, Currency and Price List).","{0} ออกบิลเป็น {1} แต่เครื่องคิดเงินนี้ขายเป็น {2} เปิดใช้ สกุลเงินอื่น ใน การตั้งค่า LumenPOS เลือกลูกค้ารายอื่น หรือล้างสกุลเงินสำหรับออกบิลของลูกค้าใน ERPNext (ลูกค้า, สกุลเงินและรายการราคา)"
"{0} is billed in {1}, which this till does not sell in. Add {1} in LumenPOS Settings, General, Other currencies, or change the customer's Billing Currency.","{0} ออกบิลเป็น {1} ซึ่งเครื่องคิดเงินนี้ไม่ได้ขาย เพิ่ม {1} ได้ที่ การตั้งค่า LumenPOS, ทั่วไป, สกุลเงินอื่น หรือเปลี่ยนสกุลเงินสำหรับออกบิลของลูกค้า"
"{0} is kept by LumenPOS for gift cards and hold deposits and cannot be sold as a product.","{0} เป็นรายการที่ LumenPOS ใช้สำหรับบัตรของขวัญและเงินมัดจำการจองสินค้า และไม่สามารถขายเป็นสินค้าได้"
"{0} is not a field of the customer form","{0} ไม่ใช่ฟิลด์ของแบบฟอร์มลูกค้า"
"{0} is serialized, quantity must be a whole number","{0} มีหมายเลขซีเรียล จำนวนต้องเป็นจำนวนเต็ม"
"{0} is serialized: scan {1} serial number(s), got {2}","{0} มีหมายเลขซีเรียล: ต้องสแกน {1} หมายเลข แต่ได้รับ {2}"
"{0} is serialized: select {1} serial number(s) to return, got {2}","{0} มีหมายเลขซีเรียล: ต้องเลือกหมายเลขซีเรียลที่จะคืน {1} หมายเลข แต่ได้รับ {2}"
"{0} issued by {1} and spent at {2}","{0} ที่ออกโดย {1} และใช้ที่ {2}"
"{0} needs a {1} before this sale can be completed.","{0} ต้องมี {1} ก่อนจึงจะทำการขายนี้ให้เสร็จได้"
"{0} sales · takings {1}","ขาย {0} รายการ · ยอดรับ {1}"
"{0} takes {1} only, and this sale is in {2}.","{0} รับเฉพาะ {1} แต่การขายนี้เป็น {2}"
"{0} was sold by {1}, but this till belongs to {2}. A return must be processed by a till in the same company.","{0} ขายโดย {1} แต่เครื่องคิดเงินนี้เป็นของ {2} การคืนสินค้าต้องทำที่เครื่องคิดเงินของบริษัทเดียวกัน"
"{0}% discount cleared by approved request {1}","ส่วนลด {0}% ผ่านการอนุมัติตามคำขอ {1}"
"{0}% discount cleared by passcode","ส่วนลด {0}% ผ่านการอนุมัติด้วยรหัสผ่าน"
"{0}: price changed from {1} to {2}","{0}: เปลี่ยนราคาจาก {1} เป็น {2}"
"“{0}” is a base selling price list, editing it here would change your normal selling prices. Create a dedicated price list for this book/app instead.","“{0}” เป็นรายการราคาขายหลัก การแก้ไขที่นี่จะเปลี่ยนราคาขายปกติของคุณ สร้างรายการราคาเฉพาะสำหรับสมุดราคา/แอปนี้แทน"
