"(no recorded payment)","(không có khoản thanh toán nào được ghi nhận)"
"0 = unlimited repeats per sale","0 = lặp lại không giới hạn trong mỗi giao dịch"
"0 = usable immediately. Otherwise it becomes spendable this many days after the sale.","0 = dùng được ngay. Ngược lại, hoàn tiền dùng được sau số ngày này kể từ giao dịch bán."
"<p>Your PIN reset code is <b>{0}</b>.</p><p>It expires in {1} minutes. If you didn't ask for this, ignore this email, your current PIN still works.</p>","<p>Mã đặt lại Mã PIN của bạn là <b>{0}</b>.</p><p>Mã này hết hạn sau {1} phút. Nếu bạn không yêu cầu, hãy bỏ qua email này, Mã PIN hiện tại vẫn dùng được.</p>"
"A PIN must be 4 to 8 digits.","Mã PIN phải gồm 4 đến 8 chữ số."
"A built-in field of the form (mobile_no, email_id, tax_id, building_no, street, district, city, postal_code, additional_no) or any field of Customer.","Một trường có sẵn của biểu mẫu (mobile_no, email_id, tax_id, building_no, street, district, city, postal_code, additional_no) hoặc bất kỳ trường nào của Khách hàng."
"A bundle needs specific product rows, not 'all products'","Combo cần các dòng sản phẩm cụ thể, không phải 'tất cả sản phẩm'"
"A customer billed in another currency (Customer, Currency and Price List) buys in it: prices, payment and receipt in that currency, at a rate fixed for the shift. Off: such a customer is refused.","Khách hàng được lập hóa đơn bằng tiền tệ khác (Khách hàng, Tiền tệ và Bảng giá) sẽ mua bằng tiền tệ đó: giá, thanh toán và biên lai theo tiền tệ đó, với tỷ giá cố định trong ca. Tắt: khách hàng như vậy bị từ chối."
"A gift card cannot pay for a gift card","Không thể dùng thẻ quà tặng để mua thẻ quà tặng"
"A hold needs a customer, so the shop knows whose goods these are","Giữ hàng cần có khách hàng, để cửa hàng biết hàng này của ai"
"A label for the batch this code was generated/imported in.","Nhãn của lô mà mã này được tạo/nhập vào."
"A manual discount of {0}% exceeds the {1}% limit, approver passcode required","Giảm giá thủ công {0}% vượt quá giới hạn {1}%, cần mã xác nhận của người phê duyệt"
"A manual discount of {0}% exceeds the {1}% limit. Enter the manager passcode or send an approval request.","Giảm giá thủ công {0}% vượt quá giới hạn {1}%. Nhập mã xác nhận của quản lý hoặc gửi yêu cầu phê duyệt."
"A manual discount of {0}% exceeds the {1}% limit. Send an approval request.","Giảm giá thủ công {0}% vượt quá giới hạn {1}%. Hãy gửi yêu cầu phê duyệt."
"A percentage of the qualifying items, or a fixed amount","Phần trăm trên các mặt hàng đủ điều kiện, hoặc một số tiền cố định"
"A reason the cashier can pick when refunding an item (shown at the till).","Lý do thu ngân có thể chọn khi hoàn tiền trả hàng cho một mặt hàng (hiển thị tại quầy thu ngân)."
"A refund does not go back onto a gift card or cashback. Refund that part as store credit.","Không thể hoàn tiền trả hàng về thẻ quà tặng hoặc hoàn tiền. Hãy hoàn phần đó vào số dư cửa hàng."
"A register closed with a counted difference over the alert threshold.","Một quầy thu ngân đã đóng với chênh lệch kiểm đếm vượt ngưỡng cảnh báo."
"A register is still open well past the end of its shift.","Một quầy thu ngân vẫn mở dù đã quá giờ kết thúc ca khá lâu."
"A reusable timetable, one schedule can serve many outlets.","Lịch làm việc dùng lại được, một lịch có thể dùng cho nhiều cửa hàng."
"A shift belongs to","Ca thuộc về"
"A statistics page for managers. With the Lumen Reports app installed it embeds a ready-made POS sales dashboard, otherwise it suggests installing it.","Trang thống kê dành cho quản lý. Khi đã cài ứng dụng Lumen Reports, trang này nhúng sẵn một bảng điều khiển doanh số POS, nếu chưa cài thì trang đề xuất cài ứng dụng đó."
"Absolute difference (over or short) on any payment method that triggers the email.","Mức chênh lệch tuyệt đối (thừa hoặc thiếu) trên bất kỳ phương thức thanh toán nào sẽ kích hoạt email."
"Account {0} belongs to {1}, not {2}","Tài khoản {0} thuộc {1}, không phải {2}"
"Account {0} does not belong to {1}","Tài khoản {0} không thuộc {1}"
"Account {0} is a group account. Pick an account under it","Tài khoản {0} là tài khoản nhóm. Hãy chọn một tài khoản bên dưới nó"
"Account {0} is a {1} account, which cashback cannot post to","Tài khoản {0} là tài khoản {1}, hoàn tiền không thể ghi sổ vào loại tài khoản này"
"Account {0} is a {1} account, which needs a party on every line","Tài khoản {0} là tài khoản {1}, loại này cần có đối tượng trên mọi dòng"
"Account {0} is disabled","Tài khoản {0} đã bị vô hiệu hóa"
"Account {0} must be an Asset account, and it is {1}","Tài khoản {0} phải là tài khoản Tài sản, nhưng hiện là {1}"
"Add a service charge to every sale (e.g. restaurants / salons).","Thêm phí dịch vụ vào mọi giao dịch bán (VD: nhà hàng / salon)."
"Add at least one item the customer is taking instead","Thêm ít nhất một mặt hàng mà khách hàng lấy thay thế"
"Add at least one item to the test basket","Thêm ít nhất một mặt hàng vào giỏ hàng thử"
"Add at least one product row or tick 'Apply on all products'","Thêm ít nhất một dòng sản phẩm hoặc đánh dấu 'Áp dụng cho tất cả sản phẩm'"
"Add the goods being held","Thêm hàng hóa được giữ"
"Add the items that make up the bundle","Thêm các mặt hàng tạo nên combo"
"After this date the shop may cancel the hold. Nothing happens automatically.","Sau ngày này cửa hàng có thể hủy giữ hàng. Không có gì diễn ra tự động."
"Alert only, a till is never closed automatically, because a close without a real cash count produces figures nobody can trust.","Chỉ cảnh báo, quầy thu ngân không bao giờ tự động đóng, vì đóng ca mà không đếm tiền thực tế sẽ cho ra số liệu không ai tin được."
"All Customers","Tất cả khách hàng"
"Allocated Price","Giá phân bổ"
"Allocated prices add up to {0}, but the Bundle Price is {1}, they must match exactly","Tổng giá phân bổ là {0}, nhưng Giá combo là {1}, hai giá trị phải khớp chính xác"
"Allow a refund to be parked on the customer's Store Credit instead of handing money back. Turn OFF if shop policy is money-back only. Note: credit the customer actually SPENT on that sale can always be returned to credit (capped at what they spent), otherwise a credit-paid sale would have no refund method at all.","Cho phép chuyển khoản hoàn tiền trả hàng vào Số dư cửa hàng của khách hàng thay vì trả lại tiền. TẮT nếu chính sách cửa hàng chỉ trả lại tiền. Lưu ý: phần số dư mà khách hàng đã thực sự DÙNG trong giao dịch đó luôn có thể được trả lại vào số dư (tối đa bằng số đã dùng), nếu không thì giao dịch thanh toán bằng số dư sẽ không có phương thức hoàn tiền trả hàng nào."
"Allow a single discount on the whole cart (subject to the discount limit + edit-price role).","Cho phép một mức giảm giá chung cho cả giỏ hàng (theo giới hạn giảm giá + vai trò sửa giá)."
"Allow printing an X-report (mid-shift drawer read) without closing the register.","Cho phép in Báo cáo X (xem số liệu ngăn kéo tiền giữa ca) mà không cần đóng quầy thu ngân."
"Allow refund as","Cho phép hoàn tiền trả hàng bằng"
"Allow refunding to Store Credit","Cho phép hoàn tiền trả hàng vào Số dư cửa hàng"
"Allow refunding to this mode","Cho phép hoàn tiền trả hàng về phương thức này"
"Always positive. Earn adds, the rest remove.","Luôn là số dương. Nhận làm tăng số dư, các loại còn lại làm giảm."
"Always positive; Issue adds to the balance, Redeem subtracts","Luôn là số dương. Phát hành làm tăng số dư, Sử dụng làm giảm"
"Amount must be positive, use Entry Type to add or subtract","Số tiền phải là số dương, hãy dùng Loại giao dịch để cộng hoặc trừ"
"An approved request can still return it","Vẫn có thể trả hàng khi yêu cầu được phê duyệt"
"An end time EARLIER than (or equal to) the start means the shift crosses midnight.","Giờ kết thúc SỚM HƠN (hoặc bằng) giờ bắt đầu nghĩa là ca kéo dài qua nửa đêm."
"An item tag (the tags you add to items in ERPNext)","Nhãn mặt hàng (các nhãn bạn gắn cho mặt hàng trong ERPNext)"
"Anyone holding this role passes. Leave blank to name a single person instead.","Bất kỳ ai có vai trò này đều được phép. Để trống để chỉ định một người cụ thể."
"Applies to this group AND everything under it.","Áp dụng cho nhóm này VÀ mọi thứ bên dưới nó."
"Apply on all products","Áp dụng cho tất cả sản phẩm"
"Approver Name","Tên người phê duyệt"
"Approver Role (for requests)","Vai trò người phê duyệt (cho yêu cầu)"
"Ask for a reset code first.","Hãy yêu cầu mã đặt lại trước."
"Asset account for what other companies of the group owe this one for customer balances spent here. Created automatically when empty.","Tài khoản tài sản cho khoản các công ty khác trong nhóm nợ công ty này do số dư khách hàng đã dùng tại đây. Tự động tạo khi để trống."
"At least one payment is required","Cần ít nhất một khoản thanh toán"
"Audit log","Nhật ký kiểm tra"
"Auto-lock after (minutes)","Tự khóa sau (phút)"
"Auto-lock after this many minutes of inactivity (0 = manual lock only).","Tự khóa sau số phút không hoạt động này (0 = chỉ khóa thủ công)."
"Automatic rate status","Trạng thái tỷ giá tự động"
"Basket Discount Type","Loại giảm giá giỏ hàng"
"Basket Discount Value","Giá trị giảm giá giỏ hàng"
"Basket Discount Value must be greater than zero","Giá trị giảm giá giỏ hàng phải lớn hơn không"
"Block regular returns after the return window below. Past the window, the cashier can send a return-approval request that an Approver Role holder approves while the register is open.","Chặn trả hàng thông thường sau thời hạn trả hàng bên dưới. Quá thời hạn, thu ngân có thể gửi yêu cầu phê duyệt trả hàng, người giữ Vai trò người phê duyệt sẽ duyệt yêu cầu này khi quầy thu ngân đang mở."
"Blocked Mode of Payment","Phương thức thanh toán bị chặn"
"Bundle Price","Giá combo"
"Bundle Price must be greater than zero","Giá combo phải lớn hơn không"
"Bundle Price only: units of this product required per bundle","Chỉ cho Giá combo: số đơn vị của sản phẩm này cần có trong mỗi combo"
"Bundle {0} does not exist","Combo {0} không tồn tại"
"Bundle {0} is inactive","Combo {0} đã ngừng hoạt động"
"Bundle {0} is incomplete, it needs exactly: {1}","Combo {0} chưa đủ, cần chính xác: {1}"
"Bundle {0} is not offered at {1}","Combo {0} không được bán tại {1}"
"Bundle {0} is not valid today","Combo {0} không có hiệu lực hôm nay"
"Buy Quantity","Số lượng mua"
"Buy Quantity must be at least 1","Số lượng mua phải ít nhất là 1"
"Buy X Get Y","Mua X tặng Y"
"Cache only in-stock items for offline use","Chỉ lưu đệm mặt hàng còn hàng để dùng ngoại tuyến"
"Calculate discount on","Tính giảm giá trên"
"Can","Được phép"
"Can combine with other cashback rules","Có thể kết hợp với quy tắc hoàn tiền khác"
"Can combine with other promotions","Có thể kết hợp với khuyến mãi khác"
"Cap on the cashback from one sale (0 = no cap). Applies to a percentage.","Mức hoàn tiền tối đa cho một giao dịch (0 = không giới hạn). Áp dụng cho loại phần trăm."
"Card Number","Số thẻ"
"Cart JSON","JSON giỏ hàng"
"Cart Total","Tổng giỏ hàng"
"Cart is empty","Giỏ hàng trống"
"Cart lines / invoice summary captured when the request was raised.","Các dòng giỏ hàng / tóm tắt hóa đơn được ghi lại khi gửi yêu cầu."
"Cash Float","Tiền đầu ca"
"Cash In","Nạp tiền"
"Cash In / Out","Nạp / Rút tiền"
"Cash Movements","Biến động tiền mặt"
"Cash Out","Rút tiền"
"Cash in / out","Nạp / rút tiền"
"Cash in this currency","Tiền mặt bằng tiền tệ này"
"Cash variance on {0} ({1})","Chênh lệch tiền mặt tại {0} ({1})"
"Cashback","Hoàn tiền"
"Cashback Expense Account","Tài khoản chi phí hoàn tiền"
"Cashback Liability Account","Tài khoản nợ phải trả hoàn tiền"
"Cashback Rule","Quy tắc hoàn tiền"
"Cashback Type","Loại hoàn tiền"
"Cashback balance is too low to redeem {0}","Số dư hoàn tiền không đủ để dùng {0}"
"Cashback balance is {0}, cannot redeem {1}","Số dư hoàn tiền là {0}, không thể dùng {1}"
"Cashier Name","Tên thu ngân"
"Change at this outlet comes from {0}, which is in {1}: a sale in {2} cannot give change from it. Take the exact amount, or set the outlet's Account for Change Amount (POS Profile) to an account in {3}.","Tiền thối tại cửa hàng này lấy từ {0}, là tài khoản bằng {1}: giao dịch bằng {2} không thể thối tiền từ đó. Hãy thu đúng số tiền, hoặc đặt Tài khoản tiền thối (Account for Change Amount) của cửa hàng trong Hồ sơ POS thành một tài khoản bằng {3}."
"Change given in this currency","Thối tiền bằng tiền tệ này"
"Choose exactly what each receipt shows.","Chọn chính xác nội dung hiển thị trên mỗi biên lai."
"Choose the company this program belongs to","Chọn công ty sở hữu chương trình này"
"Choose the {0} this rule applies to","Chọn {0} mà quy tắc này áp dụng"
"Close the register","Đóng quầy thu ngân"
"Close your open shift first: {0}. This shop allows one open shift per person at a time.","Hãy đóng ca đang mở của bạn trước: {0}. Cửa hàng này chỉ cho phép mỗi người một ca đang mở tại một thời điểm."
"Closed At","Đóng lúc"
"Closed by","Người đóng"
"Closing Attempts","Số lần thử đóng ca"
"Closing Counts","Số đếm khi đóng ca"
"Closing Error","Lỗi đóng ca"
"Closing Note","Ghi chú đóng ca"
"Closing Started At","Bắt đầu đóng ca lúc"
"Closing Status","Trạng thái đóng ca"
"Closing figures out of date","Số liệu đóng ca đã cũ"
"Compact","Thu gọn"
"Companies of the group","Các công ty trong nhóm"
"Company Accounts","Tài khoản công ty"
"Company customers","Khách hàng công ty"
"Consolidation","Hợp nhất"
"Consolidation Error","Lỗi hợp nhất"
"Consolidation failed","Hợp nhất thất bại"
"Could not reach printer at {0}:{1} ({2})","Không thể kết nối máy in tại {0}:{1} ({2})"
"Counted","Đã đếm"
"Coupon","Phiếu giảm giá"
"Coupon code {0} is already used by {1}","Mã phiếu giảm giá {0} đã được {1} sử dụng"
"Currencies the till sells in","Các tiền tệ quầy thu ngân dùng để bán"
"Custom Fields (JSON)","Trường tùy chỉnh (JSON)"
"Customer Eligibility","Điều kiện khách hàng"
"Customer balances across companies","Số dư khách hàng giữa các công ty"
"Customer currency","Tiền tệ của khách hàng"
"Customer deposits account","Tài khoản tiền đặt cọc của khách hàng"
"Customer group eligibility","Điều kiện nhóm khách hàng"
"Customer has {0} loyalty points, cannot redeem {1}","Khách hàng có {0} điểm tích lũy, không thể đổi {1}"
"Customer name is required","Bắt buộc nhập tên khách hàng"
"Customer pays this for the whole bundle; the saving is split across the component lines (kept separate so each item can be returned individually)","Khách hàng trả giá này cho cả combo. Phần tiết kiệm được chia cho các dòng thành phần (giữ riêng để mỗi mặt hàng có thể trả hàng riêng lẻ)"
"Customer pays this total for one full set of the products listed above (use the Qty column for multiples). Items stay separate lines on the invoice.","Khách hàng trả tổng này cho một bộ đầy đủ các sản phẩm ở trên (dùng cột Số lượng cho nhiều bộ). Các mặt hàng vẫn là các dòng riêng trên hóa đơn."
"Customer {0} is not enrolled in a loyalty program","Khách hàng {0} chưa tham gia chương trình khách hàng thân thiết"
"Customer {0} not found","Không tìm thấy khách hàng {0}"
"Customer-facing display","Màn hình khách hàng"
"Daily time window","Khung giờ hằng ngày"
"Date window ({0} → {1})","Khoảng ngày ({0} → {1})"
"Days Closed While the Shift Ran","Các ngày đã đóng trong ca"
"Days after the sale during which a regular return is allowed. 0 = no time limit.","Số ngày sau giao dịch bán được phép trả hàng thông thường. 0 = không giới hạn thời gian."
"Days of Week","Các ngày trong tuần"
"Decided At","Quyết định lúc"
"Decided By","Người quyết định"
"Decision","Quyết định"
"Decision Note","Ghi chú quyết định"
"Delivery Apps","Ứng dụng giao hàng"
"Deposit for hold {0}","Tiền đặt cọc cho giữ hàng {0}"
"Deposit item","Mặt hàng tiền đặt cọc"
"Deposits are taxable when taken","Tiền đặt cọc chịu thuế khi thu"
"Detail","Chi tiết"
"Detailed","Đầy đủ"
"Discount Approval","Phê duyệt giảm giá"
"Discount Approvers","Người phê duyệt giảm giá"
"Discount Limit (%)","Giới hạn giảm giá (%)"
"Discount Type is required for a Simple Discount","Bắt buộc có Loại giảm giá với Giảm giá đơn giản"
"Discount Value","Giá trị giảm giá"
"Discount Value must be greater than zero","Giá trị giảm giá phải lớn hơn không"
"Discount approved by {0}","Giảm giá được {0} phê duyệt"
"Discount requests are turned off. Ask a manager for the passcode.","Yêu cầu giảm giá đang tắt. Hãy xin mã xác nhận từ quản lý."
"Drawer","Ngăn kéo tiền"
"Due from group companies","Phải thu từ các công ty trong nhóm"
"Due to group companies","Phải trả cho các công ty trong nhóm"
"ERPNext 16 lets an outlet sell with only one open shift, and {0} still has one:","ERPNext 16 chỉ cho phép một cửa hàng bán hàng với một ca đang mở duy nhất, và {0} vẫn còn một ca đang mở:"
"ERPNext 16 takes sales only on a POS Opening Entry opened the same day. A shift that sold on past midnight closed each earlier day in ERPNext and opened the next, and was counted once, at its own close.","ERPNext 16 chỉ nhận bán hàng trên Phiếu mở ca POS mở trong cùng ngày. Ca tiếp tục bán sau nửa đêm đã đóng từng ngày trước đó trong ERPNext và mở ngày tiếp theo, và được đếm một lần, khi đóng ca."
"ERPNext 16 takes sales only on a shift opened the same day. On (the default): at the first sale after midnight LumenPOS closes the day in ERPNext and opens the next one by itself, and the shift carries on and is counted once, at its own close. Off: a shift from an earlier day has to be closed before it can sell again. Set from the till: Settings, General, Register and shifts.","ERPNext 16 chỉ nhận bán hàng trên ca mở trong cùng ngày. Bật (mặc định): ở lần bán đầu tiên sau nửa đêm, LumenPOS tự đóng ngày đó trong ERPNext và mở ngày tiếp theo, ca tiếp tục và được đếm một lần, khi đóng ca. Tắt: ca từ một ngày trước phải được đóng trước khi có thể bán tiếp. Cài đặt tại quầy thu ngân: Cài đặt, Chung, Quầy thu ngân và ca."
"ERPNext Days","Các ngày ERPNext"
"ERPNext is set not to record change as its own ledger entry (Create Ledger Entries for Change Amount, in POS Settings on ERPNext 16 and Accounts Settings before), so change can only come back in local money from the drawer the customer paid into. Turn that on, or take the exact amount.","ERPNext đang được đặt để không ghi tiền thối thành bút toán sổ cái riêng (Create Ledger Entries for Change Amount, trong POS Settings trên ERPNext 16 và trong Accounts Settings ở các phiên bản trước), nên tiền thối chỉ có thể trả bằng tiền nội tệ từ ngăn kéo tiền mà khách hàng đã trả vào. Hãy bật tùy chọn đó, hoặc thu đúng số tiền."
"ERPNext is set to make Sales Invoices from the POS (POS Settings, Invoice Type Created via POS Screen), so it refuses the POS Invoices this outlet makes. Set it to POS Invoice, or set the outlet to Sales Invoice (POS Profile, LumenPOS).","ERPNext đang được đặt để tạo Hóa đơn bán hàng từ POS (POS Settings, Invoice Type Created via POS Screen), nên từ chối các Hóa đơn POS mà cửa hàng này tạo. Hãy đặt giá trị đó thành Hóa đơn POS, hoặc đặt cửa hàng dùng Hóa đơn bán hàng (Hồ sơ POS, LumenPOS)."
"ERPNext's day could not be closed for this shift ({0}). Close the shift on the Register screen and open a new one.","Không thể đóng ngày ERPNext cho ca này ({0}). Hãy đóng ca ở màn hình Quầy thu ngân và mở ca mới."
"ERPNext's day was closed at {0} while this shift sold on past midnight: POS Closing Entry {1} holds its {2} sales, and POS Opening Entry {3} opens the next day. The drawer is counted once, when the shift closes.","Ngày ERPNext đã được đóng lúc {0} khi ca này tiếp tục bán sau nửa đêm: Phiếu đóng ca POS {1} chứa {2} giao dịch bán của ngày đó, và Phiếu mở ca POS {3} mở ngày tiếp theo. Ngăn kéo tiền được đếm một lần, khi đóng ca."
"Each manager gets their own passcode; the approver's name is recorded on the invoice. The single Manager Passcode above still works as a master code.","Mỗi quản lý có mã xác nhận riêng. Tên người phê duyệt được ghi trên hóa đơn. Mã xác nhận quản lý chung ở trên vẫn dùng được như mã chính."
"Earn","Nhận"
"Earned cashback expires this many days after it becomes usable (0 = never expires)","Hoàn tiền đã nhận hết hạn sau số ngày này kể từ khi dùng được (0 = không bao giờ hết hạn)"
"Earning and redemption rates must be greater than zero","Tỷ lệ tích điểm và đổi điểm phải lớn hơn không"
"Edit price / discount","Sửa giá / giảm giá"
"Edit price / discount role","Vai trò sửa giá / giảm giá"
"Either give every component an Allocated Price or leave them all empty","Hãy nhập Giá phân bổ cho mọi thành phần hoặc để trống tất cả"
"Eligibility","Điều kiện áp dụng"
"Email a role when a closing count differs from expected by more than the threshold. Records and notifies, it never blocks the close.","Gửi email cho một vai trò khi số đếm lúc đóng ca lệch so với dự kiến quá ngưỡng. Chỉ ghi nhận và thông báo, không bao giờ chặn việc đóng ca."
"Email an alert on a large closing variance","Gửi email cảnh báo khi chênh lệch đóng ca lớn"
"Email an alert when a shift is left open","Gửi email cảnh báo khi ca vẫn bị để mở"
"Email receipt","Gửi biên lai qua email"
"Email receipts are turned off (Settings → Features).","Tính năng gửi biên lai qua email đang tắt (Cài đặt → Tính năng)."
"Empty: every company. Set: every outlet of this company, unless outlets are chosen below.","Để trống: mọi công ty. Có chọn: mọi cửa hàng của công ty này, trừ khi chọn cửa hàng bên dưới."
"Empty: the built-in form. Name and mobile for everyone; for companies also the tax ID and the Saudi national address.","Để trống: dùng biểu mẫu có sẵn. Tên và số điện thoại cho mọi khách hàng, với công ty thêm mã số thuế và địa chỉ quốc gia của Ả Rập Xê Út."
"Empty: the main cash drawer.","Để trống: ngăn kéo tiền chính."
"Enable Cashback","Bật hoàn tiền"
"Enable Insights","Bật Insights"
"Enable a second-screen customer-facing display (mirrors the cart on another monitor/window).","Bật màn hình khách hàng trên màn hình thứ hai (hiển thị giỏ hàng trên một màn hình/cửa sổ khác)."
"Enable holds and deposits","Bật giữ hàng và tiền đặt cọc"
"End Date cannot be before Start Date","Ngày kết thúc không được trước Ngày bắt đầu"
"Ends","Kết thúc"
"Enter a coupon code","Nhập mã phiếu giảm giá"
"Enter a name for the price list","Nhập tên cho bảng giá"
"Enter the amount the customer is paying","Nhập số tiền khách hàng trả"
"Enter the gift card amount","Nhập số tiền thẻ quà tặng"
"Enter your current PIN to change it.","Nhập Mã PIN hiện tại để đổi Mã PIN."
"Entry of the company that issued it","Bút toán của công ty phát hành"
"Entry of the company that spent it","Bút toán của công ty sử dụng"
"Every Day","Mỗi ngày"
"Exceed return window role","Vai trò vượt thời hạn trả hàng"
"Exchange goods","Đổi hàng"
"Exchange rate","Tỷ giá"
"Exchange role","Vai trò đổi hàng"
"Exchanges are in {0} only. For a sale in {1}, refund it and ring the new goods up as a new sale.","Chỉ đổi hàng bằng {0}. Với giao dịch bằng {1}, hãy hoàn tiền trả hàng rồi tính tiền hàng mới như một giao dịch mới."
"Exclude","Loại trừ"
"Exclude these items instead of including them","Loại trừ các mặt hàng này thay vì bao gồm"
"Expected to end","Dự kiến kết thúc"
"Expire","Hết hạn"
"Extra allowed refund methods. Example: if paid with Mada, allow refund as Cash. A method can always be refunded to itself, so you only add the exceptions.","Các phương thức hoàn tiền trả hàng được phép thêm. Ví dụ: nếu thanh toán bằng Mada, cho phép hoàn tiền trả hàng bằng Tiền mặt. Một phương thức luôn có thể hoàn tiền trả hàng về chính nó, nên chỉ cần thêm các ngoại lệ."
"Extra line under the company name (e.g. branch / slogan).","Dòng thêm dưới tên công ty (VD: chi nhánh / khẩu hiệu)."
"Failed Attempts","Số lần thất bại"
"Fallback: hours after opening","Dự phòng: số giờ sau khi mở"
"Features","Tính năng"
"Fields on the new customer form","Các trường trên biểu mẫu khách hàng mới"
"Fill in: {0}","Hãy điền: {0}"
"Fixed Price","Giá cố định"
"Fixed at","Cố định lúc"
"Fixed with the rate: the shift gives the change of a sale in this currency from that currency's own drawer.","Cố định cùng tỷ giá: ca sẽ thối tiền cho giao dịch bằng tiền tệ này từ ngăn kéo tiền riêng của tiền tệ đó."
"Fixed: the rate the shop sets. Automatic: updated once a day, when automatic rates are switched on in LumenPOS Settings.","Cố định: tỷ giá do cửa hàng đặt. Tự động: cập nhật mỗi ngày một lần, khi tỷ giá tự động được bật trong Cài đặt LumenPOS."
"Footer line (e.g. thank-you, social).","Dòng chân trang (VD: lời cảm ơn, mạng xã hội)."
"For an Earn row: the unspent, unexpired part still available.","Với dòng Nhận: phần chưa dùng, chưa hết hạn vẫn còn khả dụng."
"For example: hygiene items cannot be returned once opened.","Ví dụ: mặt hàng vệ sinh cá nhân không thể trả lại sau khi đã mở."
"Free","Miễn phí"
"Fully Used","Đã dùng hết"
"Generate at most 5000 coupons at a time","Mỗi lần chỉ tạo tối đa 5000 phiếu giảm giá"
"Generated {0}","Đã tạo {0}"
"Get","Nhận"
"Get Quantity","Số lượng nhận"
"Get Quantity must be at least 1","Số lượng nhận phải ít nhất là 1"
"Gift Card Expiry (days)","Hạn dùng thẻ quà tặng (ngày)"
"Gift Card Item","Mặt hàng thẻ quà tặng"
"Gift Card Liability Account","Tài khoản nợ phải trả thẻ quà tặng"
"Gift Card Mode of Payment","Phương thức thanh toán thẻ quà tặng"
"Gift Cards","Thẻ quà tặng"
"Gift card payments don't match the scanned cards","Các khoản thanh toán bằng thẻ quà tặng không khớp với các thẻ đã quét"
"Gift card {0} already exists","Thẻ quà tặng {0} đã tồn tại"
"Gift card {0} expired on {1}","Thẻ quà tặng {0} đã hết hạn vào {1}"
"Gift card {0} has {1} left, cannot redeem {2}","Thẻ quà tặng {0} còn {1}, không thể dùng {2}"
"Gift card {0} is {1}","Thẻ quà tặng {0} đang ở trạng thái {1}"
"Gift card {0} not found","Không tìm thấy thẻ quà tặng {0}"
"Gift card {0} was issued by {1} and is used at its outlets only.","Thẻ quà tặng {0} do {1} phát hành và chỉ dùng được tại các cửa hàng của công ty đó."
"Gift cards","Thẻ quà tặng"
"Gift cards, cashback and store credit. Shared: spendable at any company of the group with the same currency, each company's books kept right by an Inter Company Journal Entry. Separate: spendable only at the company that issued it.","Thẻ quà tặng, hoàn tiền và số dư cửa hàng. Dùng chung: dùng được tại mọi công ty trong nhóm có cùng tiền tệ, sổ sách của từng công ty được giữ đúng bằng Bút toán liên công ty. Riêng biệt: chỉ dùng được tại công ty đã phát hành."
"Gift cards, store credit, cashback and loyalty points","Thẻ quà tặng, số dư cửa hàng, hoàn tiền và điểm tích lũy"
"Give change in this currency","Trả tiền thối bằng tiền tệ này"
"Give customers cashback on qualifying sales, configured in POS Cashback Rule. Turning this off stops earning and hides the page.","Hoàn tiền cho khách hàng trên các giao dịch bán đủ điều kiện, cấu hình trong Quy tắc hoàn tiền POS. Tắt mục này sẽ ngừng tích lũy hoàn tiền và ẩn trang."
"Give the loyalty program a name","Hãy đặt tên cho chương trình khách hàng thân thiết"
"Global fallback income account for the service charge. Prefer a per-company account under Company Accounts.","Tài khoản doanh thu dự phòng chung cho phí dịch vụ. Nên dùng tài khoản riêng cho từng công ty trong Tài khoản công ty."
"Goods handed over on {0}","Đã giao hàng theo {0}"
"Goods on hold","Hàng đang giữ"
"Grace period (minutes)","Thời gian gia hạn (phút)"
"HOLD-.YYYY.-","HOLD-.YYYY.-"
"Hand these goods over at {0}, where they are kept.","Hãy giao số hàng này tại {0}, nơi đang cất giữ hàng."
"Handed Over At","Giao hàng lúc"
"Handed Over On Invoice","Giao hàng theo hóa đơn"
"Higher priority wins when two exclusive promotions give the same savings","Khi hai khuyến mãi không cộng dồn mang lại mức tiết kiệm như nhau, khuyến mãi có mức ưu tiên cao hơn được áp dụng"
"Higher wins when two non-combinable rules both match","Khi hai quy tắc không cộng dồn cùng khớp, quy tắc có số cao hơn được áp dụng"
"Hold Until","Giữ đến ngày"
"Hold cancelled","Đã hủy giữ hàng"
"Hold goods for (days)","Giữ hàng trong (ngày)"
"Hold goods for a customer","Giữ hàng cho khách hàng"
"Hold {0} belongs to another company","Phiếu giữ hàng {0} thuộc công ty khác"
"Hold {0} belongs to {1}. Serve it at one of its outlets.","Phiếu giữ hàng {0} thuộc {1}. Hãy phục vụ tại một trong các cửa hàng của công ty đó."
"Hold {0} handed over","Đã giao hàng cho phiếu giữ hàng {0}"
"Holds and deposits","Giữ hàng và tiền đặt cọc"
"Holds and deposits are switched off for this shop","Giữ hàng và tiền đặt cọc đang tắt ở cửa hàng này"
"How a cashier clears an over-limit discount. Passcode only = a manager enters the passcode at the till. Request only = the cashier sends a request a role-holder approves while the register is open. Passcode or request = either.","Cách thu ngân được duyệt một khoản giảm giá vượt hạn mức. Chỉ mã xác nhận = quản lý nhập mã xác nhận tại quầy thu ngân. Chỉ yêu cầu = thu ngân gửi yêu cầu để người có vai trò phê duyệt trong khi quầy thu ngân đang mở. Mã xác nhận hoặc yêu cầu = một trong hai cách."
"How long a hold runs before the shop may cancel it. 0 = no limit. Nothing is cancelled automatically.","Thời gian giữ hàng trước khi cửa hàng được phép hủy. 0 = không giới hạn. Không có gì bị hủy tự động."
"How long after the scheduled end before alerting.","Sau giờ kết thúc theo lịch bao lâu thì gửi cảnh báo."
"How many coupons should I generate?","Cần tạo bao nhiêu phiếu giảm giá?"
"How many times each code may be redeemed. 1 = single use, 0 = unlimited (until it expires).","Số lần mỗi mã được sử dụng. 1 = dùng một lần, 0 = không giới hạn (đến khi hết hạn)."
"If paid with","Nếu thanh toán bằng"
"If you cannot close it, a manager can close it for you from that outlet's Register page.","Nếu bạn không thể đóng ca đó, quản lý có thể đóng giúp bạn từ trang Quầy thu ngân của cửa hàng đó."
"Imported {0}","Nhập lúc {0}"
"Individual customers","Khách hàng cá nhân"
"Initial Amount","Số tiền ban đầu"
"Insights","Insights"
"Insights are turned off in LumenPOS Settings","Insights đang tắt trong Cài đặt LumenPOS"
"Instalments","Các lần trả"
"Inter Company Journal Entries","Bút toán liên công ty"
"Invalid or expired coupon code","Mã phiếu giảm giá không hợp lệ hoặc đã hết hạn"
"Invoice Age (days)","Tuổi hóa đơn (ngày)"
"Invoice type","Loại hóa đơn"
"Issued On Invoice","Phát hành theo hóa đơn"
"Issued by","Phát hành bởi"
"Items shown as one-tap buttons on the sell screen.","Các mặt hàng hiển thị dạng nút chạm một lần trên màn hình bán hàng."
"JSON list of dynamic receipt fields sourced from the POS Profile or the sale invoice (managed from the POS Settings page). Each: {source, fieldname, label, render, position}.","Danh sách JSON các trường động trên biên lai, lấy từ Hồ sơ POS hoặc hóa đơn bán (quản lý tại trang Cài đặt POS). Mỗi mục: {source, fieldname, label, render, position}."
"Keep a shift open past midnight","Giữ ca mở qua nửa đêm"
"Languages","Ngôn ngữ"
"Languages at the till","Ngôn ngữ tại quầy thu ngân"
"Last error","Lỗi gần nhất"
"Late return approved by {0}","Trả hàng quá hạn được {0} phê duyệt"
"Leave empty for all customers","Để trống để áp dụng cho mọi khách hàng"
"Leave empty for all outlets","Để trống để áp dụng cho mọi cửa hàng"
"Leave empty to apply at every outlet","Để trống để áp dụng tại mọi cửa hàng"
"Leave empty to apply at every outlet.","Để trống để áp dụng tại mọi cửa hàng."
"Leave empty to run in all outlets","Để trống để chạy tại mọi cửa hàng"
"Legacy flag (superseded by Use Limit). Kept for older codes.","Cờ cũ (đã được thay bằng Giới hạn sử dụng). Giữ lại cho các mã cũ."
"Legacy/internal, price books now store item prices directly below.","Cũ/nội bộ, sổ giá hiện lưu giá mặt hàng trực tiếp ở bên dưới."
"Liability account for customer deposits. Blank = LumenPOS creates 'Customer Deposits'. A per-company account can be set in Company Accounts.","Tài khoản nợ phải trả cho tiền đặt cọc của khách hàng. Để trống = LumenPOS tạo 'Customer Deposits'. Có thể đặt tài khoản riêng cho từng công ty trong Tài khoản công ty."
"Liability account for what this company owes others of the group for its customer balances spent there. Created automatically when empty.","Tài khoản nợ phải trả cho khoản công ty này nợ các công ty khác trong nhóm, khi số dư khách hàng của công ty này được sử dụng tại đó. Tự động tạo khi để trống."
"Liability account that backs gift cards (selling a card increases it, redeeming decreases it). Leave empty to auto-create ""Gift Cards"".","Tài khoản nợ phải trả cho thẻ quà tặng (bán thẻ làm tăng, dùng thẻ làm giảm). Để trống để tự động tạo ""Gift Cards""."
"Liability account this company holds customer deposits in. Blank = LumenPOS creates 'Customer Deposits'.","Tài khoản nợ phải trả mà công ty này dùng để giữ tiền đặt cọc của khách hàng. Để trống = LumenPOS tạo 'Customer Deposits'."
"Limit regular returns to a time window","Giới hạn thời gian cho trả hàng thông thường"
"List the products that make up the bundle","Liệt kê các sản phẩm tạo nên combo"
"Load","Nạp tiền"
"Lock screen (PIN to unlock)","Khóa màn hình (mở bằng mã PIN)"
"Lock the till behind a PIN (a manager/approver PIN, or any manager). Protects an unattended register.","Khóa quầy thu ngân bằng mã PIN (mã PIN của quản lý/người phê duyệt, hoặc bất kỳ quản lý nào). Bảo vệ quầy thu ngân khi không có người trông."
"Logo shown at the top of the printed/on-screen receipt.","Logo hiển thị ở đầu biên lai in/trên màn hình."
"Lookup not allowed for {0}","Không được phép tra cứu {0}"
"Lumen Reports could not set up the dashboard","Lumen Reports không thể thiết lập bảng điều khiển"
"Lumen Reports could not set up the dashboard on this site: {0}","Lumen Reports không thể thiết lập bảng điều khiển trên trang web này: {0}"
"Lumen Reports is not installed on this site","Lumen Reports chưa được cài đặt trên trang web này"
"Lumen Reports needs Frappe v{0} or newer","Lumen Reports cần Frappe v{0} trở lên"
"LumenPOS","LumenPOS"
"LumenPOS Audit Log","Nhật ký kiểm tra LumenPOS"
"LumenPOS Cashier","Thu ngân LumenPOS"
"LumenPOS Company Setting","Cài đặt công ty LumenPOS"
"LumenPOS Manager","Quản lý LumenPOS"
"LumenPOS Payment Method Rule","Quy tắc phương thức thanh toán LumenPOS"
"LumenPOS Profile Receipt","Biên lai theo hồ sơ LumenPOS"
"LumenPOS Settings","Cài đặt LumenPOS"
"LumenPOS User PIN","Mã PIN người dùng LumenPOS"
"LumenPOS cashback for {0} ({1}): {2} earned on {3} sales, {4} expired or returned on {5} entries.","Hoàn tiền LumenPOS ngày {0} ({1}): {2} được tích từ {3} giao dịch bán, {4} hết hạn hoặc thu hồi do trả hàng từ {5} mục."
"LumenPOS could not use ERPNext's {0} on this version of ERPNext ({1}). This usually means the site is running an ERPNext release LumenPOS has not been updated for yet, please report it to hello@lumen-solutions.co with this message.","LumenPOS không thể dùng {0} của ERPNext trên phiên bản ERPNext này ({1}). Điều này thường có nghĩa là trang web đang chạy một bản phát hành ERPNext mà LumenPOS chưa được cập nhật để hỗ trợ, vui lòng báo cho hello@lumen-solutions.co kèm thông báo này."
"Make returns","Xử lý trả hàng"
"Make returns role","Vai trò xử lý trả hàng"
"Manager Passcode","Mã xác nhận quản lý"
"Manual discounts above this percentage need approval. 0 disables the check.","Giảm giá thủ công vượt quá tỷ lệ phần trăm này cần được phê duyệt. Đặt 0 để tắt kiểm tra."
"Margin below the published rate","Biên độ dưới tỷ giá công bố"
"Max Applications per Sale","Số lần áp dụng tối đa mỗi giao dịch"
"Maximum Cashback","Hoàn tiền tối đa"
"Minimum Spend","Chi tiêu tối thiểu"
"Minimum Spend must be greater than zero","Chi tiêu tối thiểu phải lớn hơn 0"
"Minimum deposit (%)","Tiền đặt cọc tối thiểu (%)"
"Mode of Payment used to redeem gift cards. Leave empty to auto-create/use ""Gift Card"".","Phương thức thanh toán dùng để trả bằng thẻ quà tặng. Để trống để tự động tạo/dùng ""Gift Card""."
"Money","Tiền"
"New customer","Khách hàng mới"
"New customer form","Biểu mẫu khách hàng mới"
"New gift cards expire this many days after sale. 0 = never expire.","Thẻ quà tặng mới hết hạn sau số ngày này kể từ khi bán. 0 = không bao giờ hết hạn."
"New sales were recorded after the closing screen was loaded. Refresh the closing screen, re-check the counts, then close again.","Có giao dịch bán mới được ghi nhận sau khi màn hình đóng ca được tải. Hãy làm mới màn hình đóng ca, kiểm tra lại số tiền đã đếm, rồi đóng ca lại."
"No POS Profile is assigned to you. Create one and add yourself under Applicable for Users.","Chưa có Hồ sơ POS nào được gán cho bạn. Hãy tạo một hồ sơ và thêm chính bạn vào mục Áp dụng cho người dùng."
"No account group found for {0} in {1}. Create the account '{0}' in {2} by hand.","Không tìm thấy nhóm tài khoản cho {0} trong {1}. Hãy tự tạo tài khoản '{0}' bằng {2}."
"No codes found in the file","Không tìm thấy mã nào trong tệp"
"No email address. Add one to the customer or type it in.","Chưa có địa chỉ email. Hãy thêm email cho khách hàng hoặc nhập trực tiếp."
"No expense account group found for {0}","Không tìm thấy nhóm tài khoản chi phí cho {0}"
"No expense account group found for {0}. Create a cashback expense account and choose it in LumenPOS Settings","Không tìm thấy nhóm tài khoản chi phí cho {0}. Hãy tạo tài khoản chi phí hoàn tiền và chọn tài khoản đó trong Cài đặt LumenPOS"
"No liability account group found for {0}","Không tìm thấy nhóm tài khoản nợ phải trả cho {0}"
"No liability account group found for {0}, create a 'Store Credit' liability account manually","Không tìm thấy nhóm tài khoản nợ phải trả cho {0}, hãy tự tạo tài khoản nợ phải trả 'Store Credit'"
"No liability account group found for {0}, create a '{1}' liability account manually","Không tìm thấy nhóm tài khoản nợ phải trả cho {0}, hãy tự tạo tài khoản nợ phải trả '{1}'"
"No liability account group found for {0}. Create a cashback liability account and choose it in LumenPOS Settings","Không tìm thấy nhóm tài khoản nợ phải trả cho {0}. Hãy tạo tài khoản nợ phải trả hoàn tiền và chọn tài khoản đó trong Cài đặt LumenPOS"
"No open register session. Open the register first.","Không có phiên quầy thu ngân nào đang mở. Hãy mở quầy thu ngân trước."
"No receipt printer configured on POS Profile {0}","Chưa cấu hình máy in biên lai trên Hồ sơ POS {0}"
"No warehouse belongs to company {0}. Set a Default Warehouse on the POS Profile (or create a warehouse for this company) before selling gift cards.","Công ty {0} không có kho nào. Hãy đặt Kho mặc định trên Hồ sơ POS (hoặc tạo kho cho công ty này) trước khi bán thẻ quà tặng."
"No {0} account group found for {1}. Create '{2}' by hand.","Không tìm thấy nhóm tài khoản {0} cho {1}. Hãy tự tạo '{2}'."
"Non-stock item posted when a gift card is sold. Leave empty to auto-create ""GIFT-CARD"".","Mặt hàng không quản lý tồn kho được ghi sổ khi bán thẻ quà tặng. Để trống để tự động tạo ""GIFT-CARD""."
"Not allowed.","Không được phép."
"Notify role","Vai trò nhận thông báo"
"Number of Sales","Số giao dịch bán"
"Off: the till shows nothing about holds at all. A shop that never puts goods aside for a customer does not need the button or the screen.","Tắt: quầy thu ngân hoàn toàn không hiển thị gì về giữ hàng. Cửa hàng không bao giờ giữ hàng cho khách hàng thì không cần nút hay màn hình này."
"Offer","Ưu đãi"
"Offline cache only keeps items that have stock in the register's warehouse (smaller, faster cache)","Bộ nhớ đệm ngoại tuyến chỉ lưu các mặt hàng còn tồn kho trong kho của quầy thu ngân (bộ nhớ đệm nhỏ hơn, nhanh hơn)"
"On: a deposit is taxed the moment it is taken (an advance against a known supply), and the tax already declared is deducted at hand-over. Off: the deposit carries no tax and the goods are taxed in full when handed over.","Bật: tiền đặt cọc chịu thuế ngay khi nhận (khoản trả trước cho một lần cung cấp hàng đã xác định), và thuế đã kê khai được khấu trừ khi giao hàng. Tắt: tiền đặt cọc không chịu thuế và hàng hóa được tính đủ thuế khi giao."
"On: a person cannot open a new shift while they still have one open at another outlet. Off (the default): a person may hold shifts at several outlets, and the till only reminds them. Set from the till: Settings, General, Register and shifts.","Bật: một người không thể mở ca mới khi vẫn còn ca đang mở ở cửa hàng khác. Tắt (mặc định): một người có thể giữ ca ở nhiều cửa hàng, và quầy chỉ nhắc nhở. Cài đặt tại quầy: Cài đặt, Chung, Quầy thu ngân và ca."
"On: a sale in this currency gives its change in it, from its own cash drawer. Off: change comes back in the company currency, from the main drawer. An outlet whose POS Profile names its own Account for Change Amount keeps it (ERPNext uses it on every sale).","Bật: giao dịch bán bằng tiền tệ này trả tiền thối bằng chính tiền tệ đó, từ ngăn kéo tiền riêng của nó. Tắt: tiền thối được trả bằng tiền tệ của công ty, từ ngăn kéo tiền chính. Cửa hàng có Hồ sơ POS chỉ định Tài khoản tiền thối riêng vẫn giữ tài khoản đó (ERPNext dùng tài khoản này cho mọi giao dịch bán)."
"On: the cashier may send a return approval request, and an approver can let this return through. Off: the item is never taken back.","Bật: thu ngân có thể gửi yêu cầu phê duyệt trả hàng, và người phê duyệt có thể cho phép lần trả hàng này. Tắt: mặt hàng này không bao giờ được nhận lại."
"Once a day, from ExchangeRate-API (free), for the currencies set to Automatic. A rate typed for the day always wins.","Mỗi ngày một lần, từ ExchangeRate-API (miễn phí), cho các tiền tệ được đặt là Tự động. Tỷ giá nhập tay cho ngày đó luôn được ưu tiên."
"One open shift per person","Mỗi người một ca đang mở"
"Only managers can view Insights","Chỉ quản lý mới xem được Insights"
"Only someone who manages LumenPOS Settings can change exchange rates.","Chỉ người quản lý Cài đặt LumenPOS mới có thể thay đổi tỷ giá."
"Only someone who manages LumenPOS Settings can change the customer form.","Chỉ người quản lý Cài đặt LumenPOS mới có thể thay đổi biểu mẫu khách hàng."
"Only someone who manages LumenPOS Settings can do this.","Chỉ người quản lý Cài đặt LumenPOS mới có thể làm việc này."
"Only this role (plus managers) may apply a manual discount / edit a price on a sale. Blank = anyone.","Chỉ vai trò này (và quản lý) mới được áp dụng giảm giá thủ công / sửa giá trong giao dịch bán. Để trống = mọi người."
"Only this role (plus managers) may exchange goods in one step. Blank = anyone who may make returns. An exchange always needs return permission too.","Chỉ vai trò này (và quản lý) mới được đổi hàng trong một bước. Để trống = bất kỳ ai được xử lý trả hàng. Đổi hàng luôn cần cả quyền trả hàng."
"Only this role (plus managers) may make returns. Blank = anyone with sell access.","Chỉ vai trò này (và quản lý) mới được xử lý trả hàng. Để trống = bất kỳ ai có quyền bán hàng."
"Only used by Buy X Get Y: 'Buy' rows trigger the offer, 'Get' rows receive the reward. With no 'Get' rows the buy list rewards itself (classic multi-buy).","Chỉ dùng cho Mua X tặng Y: các dòng 'Mua' kích hoạt ưu đãi, các dòng 'Nhận' được hưởng phần thưởng. Nếu không có dòng 'Nhận', chính danh sách mua được hưởng phần thưởng (kiểu mua nhiều giảm giá cổ điển)."
"Only {0} x {1} can still be returned","Chỉ còn có thể trả {0} x {1}"
"Open the register","Mở quầy thu ngân"
"Open the register before requesting approval.","Hãy mở quầy thu ngân trước khi yêu cầu phê duyệt."
"Opened At","Mở lúc"
"Opened By","Người mở"
"Opened at","Mở lúc"
"Opened by","Người mở"
"Opened with float {0}","Mở ca với tiền đầu ca {0}"
"Opening Float","Tiền đầu ca"
"Opening float","Tiền đầu ca"
"Optional app-specific selling prices (overrides price books)","Giá bán riêng cho ứng dụng, không bắt buộc (ghi đè sổ giá)"
"Optional button label (defaults to the item name)","Nhãn nút, không bắt buộc (mặc định là tên mặt hàng)"
"Optional daily window, e.g. Happy Hour 16:00 to 18:00. Wraps midnight if start is after end.","Khung giờ hằng ngày, không bắt buộc, ví dụ Giờ vàng 16:00 đến 18:00. Kéo qua nửa đêm nếu giờ bắt đầu sau giờ kết thúc."
"Optional daily window. Wraps midnight if start is after end.","Khung giờ hằng ngày, không bắt buộc. Kéo qua nửa đêm nếu giờ bắt đầu sau giờ kết thúc."
"Optional per-code expiry. The promotion's own date window still applies on top of this.","Hạn dùng riêng cho từng mã, không bắt buộc. Khoảng thời gian của chính khuyến mãi vẫn được áp dụng thêm."
"Optional. After this date the bundle stops being offered at the till (treated as expired/inactive).","Không bắt buộc. Sau ngày này, combo không còn được bán tại quầy thu ngân (coi như hết hạn/ngừng hoạt động)."
"Optional. The bundle is not offered before this date.","Không bắt buộc. Combo không được bán trước ngày này."
"Optional: this component's share of the bundle price (for the whole row qty). If used on any row, every row needs one and they must sum exactly to the Bundle Price. Empty = split proportionally to regular prices.","Không bắt buộc: phần giá combo của thành phần này (cho toàn bộ số lượng của dòng). Nếu dùng ở một dòng thì mọi dòng đều phải có, và tổng phải bằng đúng Giá combo. Để trống = chia theo tỷ lệ giá thông thường."
"Order ID is required for {0} sales","Giao dịch bán qua {0} bắt buộc phải có mã đơn hàng"
"Order-level (whole-cart) discount","Giảm giá cấp đơn hàng (toàn giỏ hàng)"
"Other currencies","Tiền tệ khác"
"Other currency floats","Tiền đầu ca bằng tiền tệ khác"
"Outlet","Cửa hàng"
"Outlet already open","Cửa hàng đang có ca mở"
"Outlet {0} belongs to {1}, not {2}. Choose outlets of {2}, or clear the company.","Cửa hàng {0} thuộc {1}, không phải {2}. Hãy chọn cửa hàng của {2}, hoặc bỏ chọn công ty."
"Outlet {0} included","Bao gồm cửa hàng {0}"
"Outlets","Cửa hàng"
"Outlets (POS Profiles)","Cửa hàng (Hồ sơ POS)"
"Over-limit approval method","Cách phê duyệt vượt hạn mức"
"Overdue Notified","Đã báo quá hạn"
"PIN Hash","Mã băm của mã PIN"
"POS Approval Request","Yêu cầu phê duyệt POS"
"POS Bundle","Combo POS"
"POS Bundle Item","Mặt hàng combo POS"
"POS Capability Rule","Quy tắc quyền hạn POS"
"POS Cash Movement","Phiếu nạp rút tiền POS"
"POS Cashback Entry","Giao dịch hoàn tiền POS"
"POS Cashback Rule","Quy tắc hoàn tiền POS"
"POS Cashback Rule Customer Group","Nhóm khách hàng của quy tắc hoàn tiền POS"
"POS Cashback Rule Item","Mặt hàng của quy tắc hoàn tiền POS"
"POS Cashback Rule Profile","Hồ sơ của quy tắc hoàn tiền POS"
"POS Closing Entry {0} of this shift is not submitted.","Phiếu đóng ca POS {0} của ca này chưa được gửi."
"POS Coupon","Phiếu giảm giá POS"
"POS Customer Form Field","Trường biểu mẫu khách hàng POS"
"POS Delivery App","Ứng dụng giao hàng POS"
"POS Discount Approver","Người phê duyệt giảm giá POS"
"POS Gift Card","Thẻ quà tặng POS"
"POS Gift Card Entry","Giao dịch thẻ quà tặng POS"
"POS Inter Company Settlement","Quyết toán liên công ty POS"
"POS Layaway","Phiếu giữ hàng POS"
"POS Layaway Item","Mặt hàng phiếu giữ hàng POS"
"POS Layaway Payment","Thanh toán phiếu giữ hàng POS"
"POS Opening Entry {0} (by {1}, since {2}) is open outside LumenPOS: close or cancel it in ERPNext.","Phiếu mở ca POS {0} (của {1}, từ {2}) đang mở bên ngoài LumenPOS: hãy đóng hoặc hủy phiếu này trong ERPNext."
"POS Parked Sale","Đơn tạm giữ POS"
"POS Payment Restriction","Hạn chế thanh toán POS"
"POS Price Book","Sổ giá POS"
"POS Price Book Item","Mặt hàng sổ giá POS"
"POS Promotion","Khuyến mãi POS"
"POS Promotion Customer Group","Nhóm khách hàng khuyến mãi POS"
"POS Promotion Item","Mặt hàng khuyến mãi POS"
"POS Promotion Profile","Hồ sơ khuyến mãi POS"
"POS Quick Key","Phím tắt POS"
"POS Refund Rule","Quy tắc hoàn tiền trả hàng POS"
"POS Register Payment Count","Kiểm đếm thanh toán quầy thu ngân POS"
"POS Register Session","Phiên quầy thu ngân POS"
"POS Return Reason","Lý do trả hàng POS"
"POS Return Restriction","Hạn chế trả hàng POS"
"POS Sale Currency","Tiền tệ bán hàng POS"
"POS Session Day","Ngày theo phiên POS"
"POS Session Float","Tiền đầu ca theo phiên POS"
"POS Session Rate","Tỷ giá theo phiên POS"
"POS Shift Invoice","Hóa đơn ca POS"
"POS Shift Schedule","Lịch ca POS"
"POS Shift Schedule Slot","Khung giờ lịch ca POS"
"POS Store Credit Entry","Giao dịch số dư cửa hàng POS"
"Paid At","Thanh toán lúc"
"Paid With","Thanh toán bằng"
"Parked","Đã tạm giữ"
"Parked At","Tạm giữ lúc"
"Passcode","Mã xác nhận"
"Passcode only","Chỉ mã xác nhận"
"Passcode or request","Mã xác nhận hoặc yêu cầu"
"Payment Counts","Kiểm đếm thanh toán"
"Payment Method Rules","Quy tắc phương thức thanh toán"
"Payment must cover the gift card amount","Khoản thanh toán phải đủ số tiền của thẻ quà tặng"
"Per cashier","Theo thu ngân"
"Per outlet","Theo cửa hàng"
"Per outlet: ONE shift per register, whoever opens it, any assigned cashier can sell on it (default; how LumenPOS has always worked). Per cashier: each cashier opens their OWN shift on the register and can only sell on their own, so several people share one counter but each gets their own Z-report and is accountable for their own drawer.","Theo cửa hàng: MỘT ca cho mỗi quầy thu ngân, dù ai mở ca, mọi thu ngân được phân công đều có thể bán trên ca đó (mặc định, cách LumenPOS vẫn luôn hoạt động). Theo thu ngân: mỗi thu ngân mở ca RIÊNG của mình trên quầy thu ngân và chỉ bán được trên ca của mình, nhờ đó nhiều người dùng chung một quầy nhưng mỗi người có Báo cáo Z riêng và chịu trách nhiệm về ngăn kéo tiền của mình."
"Per-Outlet Receipts","Biên lai theo cửa hàng"
"Per-company accounts. On a multi-company site each company posts gift cards / service charge to its OWN accounts. Leave empty to use the global defaults (or auto-create).","Tài khoản theo từng công ty. Trên trang web có nhiều công ty, mỗi công ty ghi sổ thẻ quà tặng / phí dịch vụ vào tài khoản RIÊNG của mình. Để trống để dùng mặc định chung (hoặc tự động tạo)."
"Per-method rules. Use these to require a terminal/transfer reference on card or bank payments so the transaction can be traced later.","Quy tắc theo từng phương thức. Dùng để yêu cầu mã tham chiếu máy quẹt thẻ/chuyển khoản cho các khoản thanh toán bằng thẻ hoặc ngân hàng, để sau này có thể truy vết giao dịch."
"Per-outlet receipt overrides (managed from the POS Settings page). Each row is a POS Profile + a JSON receipt config that overrides the global receipt design for that outlet. Empty = the outlet uses the global receipt.","Biên lai riêng theo từng cửa hàng (quản lý tại trang Cài đặt POS). Mỗi dòng gồm một Hồ sơ POS + một cấu hình biên lai JSON thay thế thiết kế biên lai chung cho cửa hàng đó. Để trống = cửa hàng dùng biên lai chung."
"Percentage discount cannot exceed 100","Giảm giá theo phần trăm không được vượt quá 100"
"Person","Cá nhân"
"Pick a {0} from the list","Hãy chọn {0} từ danh sách"
"Pick at least one item to take back","Hãy chọn ít nhất một mặt hàng để nhận lại"
"Posted At","Ghi sổ lúc"
"Price / stock checker","Kiểm tra giá / tồn kho"
"Price Book Price","Giá theo sổ giá"
"Price List (legacy)","Bảng giá (cũ)"
"Price cannot be negative","Giá không được âm"
"Price for {0} cannot be negative","Giá của {0} không được âm"
"Price list {0} does not exist","Bảng giá {0} không tồn tại"
"Promotion","Khuyến mãi"
"Promotion Type","Loại khuyến mãi"
"Promotion {0} does not exist","Khuyến mãi {0} không tồn tại"
"Quantity for {0} must be positive","Số lượng của {0} phải là số dương"
"Quantity rewarded per application (cheapest eligible units)","Số lượng được tặng mỗi lần áp dụng (các đơn vị đủ điều kiện rẻ nhất)"
"Quantity the customer must buy to trigger the offer","Số lượng khách hàng phải mua để kích hoạt ưu đãi"
"Quick Keys","Phím tắt"
"Quick keys","Phím tắt"
"Quick keys / favourites","Phím tắt / mục yêu thích"
"Raise a Sales Order when goods go on hold, so ERPNext shows the quantity as reserved and another till cannot sell it.","Tạo Đơn bán hàng khi giữ hàng, để ERPNext hiển thị số lượng là đã đặt trước và quầy thu ngân khác không thể bán số hàng đó."
"Rate to company currency","Tỷ giá sang tiền tệ công ty"
"Rates fixed for this shift","Tỷ giá cố định cho ca này"
"Reason shown at the till","Lý do hiển thị tại quầy thu ngân"
"Reasons the cashier picks from when refunding an item. Add or remove freely. The till also always offers ""Other"" for a free-text reason.","Các lý do để thu ngân chọn khi hoàn tiền trả hàng cho một mặt hàng. Có thể thêm hoặc xóa tùy ý. Quầy thu ngân cũng luôn có lựa chọn ""Khác"" để nhập lý do tùy ý."
"Receipt Config (JSON)","Cấu hình biên lai (JSON)"
"Receipt Custom Fields (JSON)","Trường tùy chỉnh trên biên lai (JSON)"
"Receipt Fields","Trường trên biên lai"
"Receipt footer","Chân biên lai"
"Receipt header","Đầu biên lai"
"Receipt layout/density. Compact = tight; Standard = balanced; Detailed = spacious with a full store header + terms block.","Bố cục/mật độ biên lai. Gọn = sát nhau, Tiêu chuẩn = cân đối, Chi tiết = thoáng, có đầu biên lai đầy đủ thông tin cửa hàng + khối điều khoản."
"Receipt logo","Logo biên lai"
"Receipt template","Mẫu biên lai"
"Record sensitive actions (over-limit discounts, returns, price edits, register open/close) to the LumenPOS Audit Log.","Ghi các thao tác nhạy cảm (giảm giá vượt hạn mức, trả hàng, sửa giá, mở/đóng quầy thu ngân) vào Nhật ký kiểm tra LumenPOS."
"Recorded At","Ghi nhận lúc"
"Recorded By","Người ghi nhận"
"Redeem","Sử dụng"
"Reference Invoice","Hóa đơn tham chiếu"
"Reference label","Nhãn tham chiếu"
"Refund","Hoàn tiền trả hàng"
"Refund Method Rules","Quy tắc phương thức hoàn tiền trả hàng"
"Refund as {0}","Hoàn tiền trả hàng bằng {0}"
"Refunded","Đã hoàn tiền trả hàng"
"Refunds","Hoàn tiền trả hàng"
"Refunds may only go back to a payment method the customer actually used on the original sale (plus Store Credit). Add rules below to allow extra refund methods per paid method.","Chỉ được hoàn tiền trả hàng về phương thức thanh toán mà khách hàng thực sự đã dùng trong giao dịch gốc (cùng Số dư cửa hàng). Thêm quy tắc bên dưới để cho phép thêm phương thức hoàn tiền trả hàng theo từng phương thức đã thanh toán."
"Register Session","Phiên quầy thu ngân"
"Register session is already closed","Phiên quầy thu ngân đã đóng"
"Register session is not open","Phiên quầy thu ngân chưa mở"
"Register still open: {0}","Quầy thu ngân vẫn đang mở: {0}"
"Register {0} already has an open session ({1})","Quầy thu ngân {0} đã có một phiên đang mở ({1})"
"Register {0} already has an open session ({1}).","Quầy thu ngân {0} đã có một phiên đang mở ({1})."
"Register {0} has a previous shift ({1}) whose closing is still finalising or has failed. Retry that closing before opening a new shift.","Quầy thu ngân {0} có ca trước ({1}) mà việc đóng ca vẫn đang hoàn tất hoặc đã thất bại. Hãy thử đóng lại ca đó trước khi mở ca mới."
"Reprint a receipt","In lại biên lai"
"Request","Yêu cầu"
"Request not found.","Không tìm thấy yêu cầu."
"Request only","Chỉ yêu cầu"
"Requested Discount (%)","Giảm giá được yêu cầu (%)"
"Require Order ID","Bắt buộc mã đơn"
"Require a transaction reference","Bắt buộc mã tham chiếu giao dịch"
"Require scanning for serial numbers (block manual typing)","Bắt buộc quét số sê-ri (chặn nhập tay)"
"Required","Bắt buộc"
"Requires Coupon Code","Yêu cầu mã phiếu giảm giá"
"Reserve the goods on hold","Dành riêng tồn kho cho hàng được giữ"
"Reset Code Hash","Mã băm của mã đặt lại"
"Reset Expires","Mã đặt lại hết hạn lúc"
"Restrict refunds to the original payment method","Chỉ hoàn tiền trả hàng về phương thức thanh toán ban đầu"
"Restrict till actions to staff holding a role. Leave a role blank to allow everyone. System / LumenPOS Managers always pass.","Giới hạn các thao tác tại quầy thu ngân cho nhân viên có vai trò. Để trống một vai trò để cho phép mọi người. Quản lý hệ thống / Quản lý LumenPOS luôn được phép."
"Resulting Invoice","Hóa đơn được tạo"
"Retrieved","Đã lấy lại"
"Return Invoice","Hóa đơn trả hàng"
"Return Reason","Lý do trả hàng"
"Return Reasons","Các lý do trả hàng"
"Return approval isn't required, returns are open.","Không cần phê duyệt trả hàng, việc trả hàng đang không bị giới hạn."
"Return past the window","Trả hàng quá thời hạn"
"Return policy / terms printed at the bottom of the receipt.","Chính sách trả hàng / điều khoản in ở cuối biên lai."
"Return window (days)","Thời hạn trả hàng (ngày)"
"Returns are allowed within {0} days, this invoice is {1} days old. Send a return approval request to continue.","Chỉ được trả hàng trong vòng {0} ngày, hóa đơn này đã qua {1} ngày. Hãy gửi yêu cầu phê duyệt trả hàng để tiếp tục."
"Reverse","Đảo ngược"
"Reward","Phần thưởng"
"Reward Value","Giá trị phần thưởng"
"Reward Value must be greater than zero","Giá trị phần thưởng phải lớn hơn 0"
"Row {0}: Qty must be at least 1","Dòng {0}: Số lượng phải ít nhất là 1"
"Row {0}: bundle Qty must be at least 1","Dòng {0}: số lượng combo phải ít nhất là 1"
"Row {0}: invalid price '{1}'","Dòng {0}: giá không hợp lệ '{1}'"
"Row {0}: item '{1}' not found","Dòng {0}: không tìm thấy mặt hàng '{1}'"
"Row {0}: no price for {1}","Dòng {0}: không có giá cho {1}"
"Row {0}: set the {1} field","Dòng {0}: hãy điền trường {1}"
"Row {0}: {1} is serialized, serialized items cannot be sold in bundles","Dòng {0}: {1} quản lý theo số sê-ri, mặt hàng có số sê-ri không thể bán theo combo"
"Runs on {0}","Chạy trên {0}"
"Sale","Giao dịch bán"
"Sale type","Loại giao dịch bán"
"Sale {0} not found","Không tìm thấy giao dịch bán {0}"
"Scan or type a serial number","Quét hoặc nhập số sê-ri"
"Select a customer (or set a default customer on the POS Profile)","Hãy chọn khách hàng (hoặc đặt khách hàng mặc định trong Hồ sơ POS)"
"Select an outlet","Hãy chọn cửa hàng"
"Select at least one item to return","Hãy chọn ít nhất một mặt hàng để trả"
"Select the invoice to return.","Hãy chọn hóa đơn cần trả hàng."
"Selected Customer Groups","Nhóm khách hàng đã chọn"
"Selected items were not found on the original sale","Không tìm thấy các mặt hàng đã chọn trong giao dịch gốc"
"Sell in other currencies","Bán bằng tiền tệ khác"
"Separate per company","Riêng từng công ty"
"Serial numbers must be SCANNED with a barcode scanner, manual typing is rejected at the till. Turn off if a scanner is unavailable.","Số sê-ri phải được QUÉT bằng máy quét mã vạch, quầy thu ngân từ chối nhập tay. Tắt nếu không có máy quét."
"Serial {0} belongs to {1}","Số sê-ri {0} thuộc về {1}"
"Serial {0} came back on {1}, and ERPNext holds it until the shift close books that sale","Số sê-ri {0} đã được trả lại trong {1}, và ERPNext giữ nó cho đến khi việc đóng ca ghi sổ giao dịch bán đó"
"Serial {0} does not exist","Số sê-ri {0} không tồn tại"
"Serial {0} is already sold on {1}, which the shift close has not booked yet","Số sê-ri {0} đã được bán trong {1}, và việc đóng ca chưa ghi sổ hóa đơn đó"
"Serial {0} is held by a sale the shift close has not booked yet","Số sê-ri {0} đang bị giữ bởi một giao dịch bán mà việc đóng ca chưa ghi sổ"
"Serial {0} is in {1}, not this register's warehouse","Số sê-ri {0} nằm ở {1}, không phải kho của quầy thu ngân này"
"Serial {0} is not in stock ({1})","Số sê-ri {0} không có trong kho ({1})"
"Serial {0} is scanned twice in this sale","Số sê-ri {0} bị quét hai lần trong giao dịch này"
"Serial {0} is selected twice","Số sê-ri {0} bị chọn hai lần"
"Serial {0} was already returned","Số sê-ri {0} đã được trả lại"
"Serial {0} was not sold on this invoice","Số sê-ri {0} không được bán trong hóa đơn này"
"Service Charge Account","Tài khoản phí dịch vụ"
"Service charge","Phí dịch vụ"
"Service charge (%)","Phí dịch vụ (%)"
"Service charge ({0}%)","Phí dịch vụ ({0}%)"
"Service charge account (global fallback)","Tài khoản phí dịch vụ (dự phòng chung)"
"Session Totals","Tổng của phiên"
"Set a Coupon Code or untick 'Requires Coupon Code'","Hãy nhập Mã phiếu giảm giá hoặc bỏ chọn 'Yêu cầu mã phiếu giảm giá'"
"Set a Service charge account for {0} in LumenPOS Settings → Company Accounts (or the global default).","Hãy đặt tài khoản phí dịch vụ cho {0} trong Cài đặt LumenPOS → Tài khoản công ty (hoặc mặc định chung)."
"Set automatically once the use limit is reached.","Tự động đặt khi đạt giới hạn sử dụng."
"Set both Start Time and End Time, or neither","Hãy đặt cả Giờ bắt đầu và Giờ kết thúc, hoặc không đặt cả hai"
"Set by the daily update: per company currency, the published rate, the rate used, when, and any error.","Do bản cập nhật hằng ngày ghi: theo từng tiền tệ của công ty, tỷ giá công bố, tỷ giá đã dùng, thời điểm, và lỗi nếu có."
"Set up automatically, with a cash account in this currency.","Tự động thiết lập, kèm tài khoản tiền mặt bằng tiền tệ này."
"Set up automatically: the customer a walk-in who pays in this currency is billed to.","Tự động thiết lập: khách hàng dùng để lập hóa đơn cho khách lẻ trả bằng tiền tệ này."
"Several cashiers on one outlet each need their own POS Profile on ERPNext 16.","Trên ERPNext 16, mỗi thu ngân tại cùng một cửa hàng cần có Hồ sơ POS riêng."
"Shared by the group","Dùng chung trong nhóm"
"Shift already open","Ca đã mở"
"Shift from an earlier day","Ca của ngày trước"
"Shift {0} is still being closed ({1}): retry its close from the Register screen.","Ca {0} vẫn đang được đóng ({1}): hãy thử đóng lại ở màn hình Quầy thu ngân."
"Shift {0} recorded cash movements and can't be deleted. Cancel it instead.","Ca {0} đã ghi nhận thu chi tiền mặt nên không thể xóa. Hãy hủy ca thay vì xóa."
"Shifts","Các ca"
"Show a Favourites grid of one-tap items on the sell screen.","Hiện lưới Yêu thích gồm các mặt hàng một chạm trên màn hình bán hàng."
"Show a Price check button to look up an item's price + stock without selling it.","Hiện nút Kiểm tra giá để tra giá + tồn kho của mặt hàng mà không cần bán."
"Show an Email receipt button so a copy can be sent to the customer's email.","Hiện nút Gửi biên lai qua email để gửi bản sao đến email của khách hàng."
"Show item barcode","Hiện mã vạch mặt hàng"
"Show item code","Hiện mã mặt hàng"
"Show out-of-stock items in the grid","Hiện mặt hàng hết hàng trên lưới"
"Show payment method lines","Hiện các dòng phương thức thanh toán"
"Show serial numbers","Hiện số sê-ri"
"Show stock items that are out of stock (qty 0 or less) in the sell grid. Off = only items with stock are shown (non-stock items like services always show).","Hiện các mặt hàng tồn kho đã hết hàng (số lượng từ 0 trở xuống) trên lưới bán hàng. Tắt = chỉ hiện mặt hàng còn hàng (mặt hàng không quản lý tồn kho như dịch vụ luôn hiện)."
"Show store address","Hiện địa chỉ cửa hàng"
"Show tax / VAT ID","Hiện mã số thuế / VAT"
"Show terms & conditions","Hiện điều khoản và điều kiện"
"Show the equivalent on local sales","Hiện giá trị quy đổi trên giao dịch bằng nội tệ"
"Show the sale note","Hiện ghi chú giao dịch"
"Show unit price (qty × rate)","Hiện đơn giá (số lượng × giá)"
"Shown on the invoice when this person approves a discount, e.g. Manager Khobar","Hiển thị trên hóa đơn khi người này phê duyệt giảm giá, ví dụ Quản lý Khobar"
"Sign in as Administrator to build demo data.","Hãy đăng nhập bằng tài khoản Administrator để tạo dữ liệu mẫu."
"Simple Discount","Giảm giá đơn giản"
"Single Use","Dùng một lần"
"Smallest first payment, as a percentage of the total. 0 = any amount.","Khoản trả đầu tiên tối thiểu, tính theo phần trăm tổng tiền. 0 = số tiền bất kỳ."
"Snapshot of the cart as JSON","Bản chụp giỏ hàng dạng JSON"
"Spend and Save","Mua đủ giảm giá"
"Spent at","Sử dụng tại"
"Stackable promotions combine with each other. Non-stackable promotions compete and only the best one applies.","Các khuyến mãi cộng dồn được kết hợp với nhau. Khuyến mãi không cộng dồn thì cạnh tranh và chỉ khuyến mãi tốt nhất được áp dụng."
"Standard Price","Giá tiêu chuẩn"
"Starts","Bắt đầu lúc"
"Status is Active","Trạng thái là Đang hoạt động"
"Store Credit","Số dư cửa hàng"
"Store address","Địa chỉ cửa hàng"
"Store credit balance is too low to redeem {0}","Số dư cửa hàng không đủ để dùng {0}"
"Store credit balance is {0}, cannot redeem {1}","Số dư cửa hàng là {0}, không thể dùng {1}"
"Store credit refunds","Hoàn tiền trả hàng vào số dư cửa hàng"
"Switch on automatic exchange rates first, and save.","Hãy bật tỷ giá tự động trước, rồi lưu."
"Taken By","Người thu"
"Tax / VAT ID","Mã số thuế / VAT"
"Tax the outlet will add on top of the held prices at hand-over. Zero where the price list already includes it.","Thuế cửa hàng sẽ cộng thêm vào giá đã giữ khi giao hàng. Bằng 0 nếu bảng giá đã bao gồm thuế."
"Terms & conditions","Điều khoản và điều kiện"
"Thank you for your purchase. Your receipt {0} is attached.","Cảm ơn quý khách đã mua hàng. Biên lai {0} được đính kèm."
"That code has expired. Ask for a new one.","Mã này đã hết hạn. Hãy yêu cầu mã mới."
"That code is not right.","Mã này không đúng."
"That current PIN is not right.","Mã PIN hiện tại không đúng."
"That is more than the {0} still owed on this hold.","Số tiền này vượt quá {0} còn nợ của phiếu giữ hàng này."
"The POS Opening Entry {0} of this shift was cancelled in ERPNext, so the shift closes against its amendment {1}.","Phiếu mở ca POS {0} của ca này đã bị hủy trong ERPNext, nên ca được đóng theo bản sửa đổi {1}."
"The POS sale that took this instalment, its line posts to the deposit liability account.","Giao dịch POS đã thu lần trả này, dòng của giao dịch ghi vào tài khoản nợ phải trả tiền đặt cọc."
"The Sales Order that reserves the goods while the hold is open.","Đơn bán hàng dành riêng hàng hóa trong khi phiếu giữ hàng còn mở."
"The approval is {0}, not approved.","Phê duyệt đang ở trạng thái {0}, chưa được duyệt."
"The approval's register session has closed.","Phiên quầy thu ngân của phê duyệt này đã đóng."
"The approved discount ({0}%) is below the {1}% on this sale.","Mức giảm giá được duyệt ({0}%) thấp hơn mức {1}% trong giao dịch này."
"The cashback expense account must be an Expense account, and {0} is {1}","Tài khoản chi phí hoàn tiền phải là tài khoản Chi phí, nhưng {0} là {1}"
"The cashback liability account must be a Liability account, and {0} is {1}","Tài khoản nợ phải trả hoàn tiền phải là tài khoản Nợ phải trả, nhưng {0} là {1}"
"The cashier must enter the terminal / transfer reference before the sale can complete.","Thu ngân phải nhập mã tham chiếu của máy POS / chuyển khoản trước khi hoàn tất giao dịch."
"The cashier's register has closed, this request has expired.","Thu ngân đã đóng quầy thu ngân, yêu cầu này đã hết hạn."
"The company that holds the balance: its liability goes down.","Công ty đang giữ số dư: khoản nợ phải trả của công ty này giảm xuống."
"The company whose outlet took the balance as payment and gave the goods.","Công ty có cửa hàng đã nhận số dư làm thanh toán và giao hàng."
"The cost of the cashback program. Earned cashback is debited here, and expired or returned cashback is credited back. Leave empty to create ""Cashback Expense"" under Indirect Expenses.","Chi phí của chương trình hoàn tiền. Hoàn tiền được tích ghi Nợ vào đây, hoàn tiền hết hạn hoặc bị trả lại được ghi Có trở lại. Để trống để tạo ""Cashback Expense"" trong nhóm Chi phí gián tiếp (Indirect Expenses)."
"The daily summary Journal Entry that booked this row to the accounts. Empty until it is posted. Redeem rows stay empty: the sale's payment books them.","Bút toán tổng hợp hằng ngày đã ghi sổ dòng này. Để trống cho đến khi được ghi sổ. Các dòng sử dụng luôn để trống: khoản thanh toán của giao dịch bán đã ghi sổ các dòng này."
"The file has no rows","Tệp không có dòng nào"
"The goods coming back are worth more than the new ones. Choose how to refund {0}.","Hàng trả lại có giá trị cao hơn hàng mới. Hãy chọn cách hoàn trả {0}."
"The item a deposit is taken on. Blank = LumenPOS creates LUMENPOS-DEPOSIT.","Mặt hàng dùng để thu tiền đặt cọc. Để trống = LumenPOS tạo LUMENPOS-DEPOSIT."
"The languages a cashier can pick at the till, one ERPNext language code per line (en, ar ...). Empty = every language LumenPOS ships, including ones a later update adds. English is always offered. Set from the till: Settings, General, Languages.","Các ngôn ngữ mà thu ngân có thể chọn tại quầy, mỗi dòng một mã ngôn ngữ ERPNext (en, ar ...). Để trống = mọi ngôn ngữ LumenPOS có sẵn, kể cả ngôn ngữ được thêm trong các bản cập nhật sau. Tiếng Anh luôn có sẵn. Cài đặt tại quầy: Cài đặt, Chung, Ngôn ngữ."
"The margin for {0} must be from 0 to less than 100%.","Biên độ của {0} phải từ 0 đến dưới 100%."
"The new items come to {0}, {1} is covered by the return, so {2} is due but {3} was entered.","Các mặt hàng mới có tổng {0}, {1} được bù từ hàng trả, nên cần thu {2} nhưng đã nhập {3}."
"The outlet the cashback was earned at. Expire and Reverse rows keep the outlet of the Earn row they come from.","Cửa hàng nơi tích được hoàn tiền. Các dòng Hết hạn và Đảo ngược giữ cửa hàng của dòng Tích lũy gốc."
"The payment method {0} already exists, and its account for {1} ({2}) is in {3}, not {4}. Give it a {4} account, or rename it, so the {4} cash drawer can be set up.","Phương thức thanh toán {0} đã tồn tại, và tài khoản của nó cho {1} ({2}) dùng {3}, không phải {4}. Hãy gán cho nó một tài khoản {4}, hoặc đổi tên, để thiết lập được ngăn kéo tiền {4}."
"The promotion only applies when the cashier enters this coupon code at the till","Khuyến mãi chỉ áp dụng khi thu ngân nhập mã phiếu giảm giá này tại quầy thu ngân"
"The qualifying items must total at least this to earn cashback","Tổng tiền các mặt hàng đủ điều kiện phải đạt ít nhất mức này để được hoàn tiền"
"The rate must be more than 0.","Tỷ giá phải lớn hơn 0."
"The rates service answered: {0}","Dịch vụ tỷ giá phản hồi: {0}"
"The rates service has no rate for {0}.","Dịch vụ tỷ giá không có tỷ giá cho {0}."
"The refund split adds up to {0} but the refund is {1}.","Các phần chia hoàn tiền trả hàng cộng lại bằng {0} nhưng số tiền hoàn tiền trả hàng là {1}."
"The refund split adds up to {0} but {1} is left over after the new items.","Các phần chia hoàn tiền trả hàng cộng lại bằng {0} nhưng còn dư {1} sau khi trừ các mặt hàng mới."
"The sale doctype this entry came from. LumenPOS posts POS Invoices by default, but a profile can be set to post Sales Invoices instead.","Loại chứng từ bán hàng tạo ra dòng này. Mặc định LumenPOS ghi Hóa đơn POS, nhưng có thể đặt một Hồ sơ POS để ghi Hóa đơn bán hàng thay thế."
"The till has NOT been closed automatically, a close without a real cash count is worthless.","Quầy thu ngân KHÔNG được đóng tự động, đóng ca mà không đếm tiền thực tế thì vô giá trị."
"The till values this currency this much below the published rate, the way a shop taking it at a market rate does.","Quầy thu ngân tính tiền tệ này thấp hơn tỷ giá công bố theo mức này, giống như cửa hàng nhận tiền đó theo tỷ giá thị trường."
"There is no exchange rate from {0} to {1}. Set it in LumenPOS Settings, General, Other currencies.","Chưa có tỷ giá từ {0} sang {1}. Hãy đặt trong Cài đặt LumenPOS, Chung, Tiền tệ khác."
"These items are never taken back: {0}","Các mặt hàng này không bao giờ được nhận trả: {0}"
"These items need an approved return request: {0}","Các mặt hàng này cần yêu cầu trả hàng đã được phê duyệt: {0}"
"These items sell at the price set here while this book is active (by validity + priority). Items not listed keep their normal selling price.","Các mặt hàng này bán theo giá đặt ở đây khi sổ giá này đang hiệu lực (theo thời hạn hiệu lực + mức ưu tiên). Mặt hàng không có trong danh sách giữ giá bán thông thường."
"These items were sold together (bundle/offer) and must be returned together: {0}. Use Exchange for a partial swap.","Các mặt hàng này được bán cùng nhau (combo/ưu đãi) và phải được trả cùng nhau: {0}. Hãy dùng Đổi hàng để đổi một phần."
"This approval is for a {0}, not a {1}.","Phê duyệt này dành cho {0}, không phải {1}."
"This approval was already used.","Phê duyệt này đã được sử dụng."
"This approval was issued to another cashier.","Phê duyệt này được cấp cho thu ngân khác."
"This coupon's promotion isn't available right now","Khuyến mãi của phiếu giảm giá này hiện không khả dụng"
"This discount is within the {0}% limit, no approval needed.","Mức giảm giá này nằm trong giới hạn {0}%, không cần phê duyệt."
"This hold is {0}","Phiếu giữ hàng này ở trạng thái {0}"
"This payment method cannot be used when the cart contains a matching item.","Không thể dùng phương thức thanh toán này khi giỏ hàng có mặt hàng khớp điều kiện."
"This person passes, whatever roles they hold.","Người này luôn được phép, bất kể có vai trò nào."
"This register is being closed. Reopen it (or wait for the close to finish) before ringing up this sale.","Quầy thu ngân này đang được đóng. Hãy mở lại (hoặc chờ đóng xong) trước khi tính tiền giao dịch này."
"This request was already {0}.","Yêu cầu này đã ở trạng thái {0}."
"This return approval is for invoice {0}.","Phê duyệt trả hàng này dành cho hóa đơn {0}."
"This role (plus managers) may return a sale past the return window WITHOUT an approval request. Blank = nobody bypasses (everyone uses the request flow).","Vai trò này (cùng các quản lý) được trả hàng quá thời hạn mà KHÔNG cần yêu cầu phê duyệt. Để trống = không ai được bỏ qua (mọi người dùng quy trình yêu cầu)."
"This sale was paid by {0}, so it can only be refunded to: {1}. Adjust the refund methods in LumenPOS Settings if needed.","Giao dịch này được thanh toán bằng {0}, nên chỉ có thể hoàn tiền trả hàng về: {1}. Điều chỉnh phương thức hoàn tiền trả hàng trong Cài đặt LumenPOS nếu cần."
"This sale was rung up as {0} but ERPNext calculated {1} (short by {2}). This is usually a price-list or VAT mismatch. Check that every item is priced on the active price list and that the VAT template's 'included in rate' flag matches your shelf prices (Settings → Status).","Giao dịch này được tính là {0} nhưng ERPNext tính ra {1} (thiếu {2}). Thường là do lệch bảng giá hoặc VAT. Hãy kiểm tra mọi mặt hàng đều có giá trong bảng giá đang dùng và cờ 'đã bao gồm trong đơn giá' của mẫu VAT khớp với giá niêm yết (Cài đặt → Trạng thái)."
"This shift belongs to {0}. Only the cashier who opened the register can sell on it. Close that shift and open your own.","Ca này thuộc về {0}. Chỉ thu ngân đã mở quầy thu ngân mới được bán trong ca này. Hãy đóng ca đó và mở ca của bạn."
"This shift was opened on {0}. ERPNext 16 accepts sales only on a shift opened today: close this shift on the Register screen and open a new one.","Ca này được mở vào {0}. ERPNext 16 chỉ nhận giao dịch trong ca mở hôm nay: hãy đóng ca này ở màn hình Quầy thu ngân và mở ca mới."
"This shop asks for at least {0}% down, which is {1}.","Cửa hàng yêu cầu đặt cọc tối thiểu {0}%, tức là {1}."
"This site already has {0} posted POS invoices, so it does not look like an empty demo site. Nothing was created.","Trang web này đã có {0} Hóa đơn POS đã xác nhận, nên không giống một trang demo trống. Không có gì được tạo."
"This version of Lumen Reports does not include the LumenPOS dashboard yet. Update Lumen Reports, then try again.","Phiên bản Lumen Reports này chưa có bảng điều khiển LumenPOS. Hãy cập nhật Lumen Reports rồi thử lại."
"Tick to EXCLUDE these products instead of including them (e.g. all products except this brand)","Chọn để LOẠI TRỪ các sản phẩm này thay vì bao gồm (ví dụ: mọi sản phẩm trừ thương hiệu này)"
"Times Used","Số lần đã dùng"
"To let customers pay with loyalty points, tick 'Allow Partial Payment' on the POS Profile {0}. This version of ERPNext counts only cash and card towards the total, so it rejects a sale that is part points even though the sale is fully settled. LumenPOS still checks every sale adds up before it posts.","Để khách hàng thanh toán bằng điểm tích lũy, hãy chọn 'Cho phép thanh toán một phần' trong Hồ sơ POS {0}. Phiên bản ERPNext này chỉ tính tiền mặt và thẻ vào tổng, nên từ chối giao dịch trả một phần bằng điểm dù giao dịch đã được thanh toán đủ. LumenPOS vẫn kiểm tra mọi giao dịch khớp số tiền trước khi ghi sổ."
"Too many attempts, wait a minute and try again.","Quá nhiều lần thử, hãy chờ một phút rồi thử lại."
"Too many attempts, wait a moment and try again.","Quá nhiều lần thử, hãy chờ một lát rồi thử lại."
"Total Discounts","Tổng giảm giá"
"Total Sales","Tổng doanh số"
"Turn till features on or off. Each control is independent.","Bật hoặc tắt các tính năng của quầy thu ngân. Mỗi tùy chọn hoạt động độc lập."
"Unknown delivery app {0}. Add it in LumenPOS Settings","Không rõ ứng dụng giao hàng {0}. Hãy thêm trong Cài đặt LumenPOS"
"Unknown item {0}","Không rõ mặt hàng {0}"
"Unknown request type {0}","Không rõ loại yêu cầu {0}"
"Unlocked by {0}","Mở khóa bởi {0}"
"Update exchange rates automatically","Tự động cập nhật tỷ giá"
"Usable After (days)","Dùng được sau (ngày)"
"Usable From","Dùng được từ"
"Use Limit","Giới hạn sử dụng"
"Used At","Thời điểm dùng"
"Used On (Invoice)","Dùng trên (Hóa đơn)"
"Used when the outlet has no shift schedule.","Dùng khi cửa hàng không có lịch ca."
"Users holding this role (plus LumenPOS/System Managers) can approve discount AND return requests. Requests can only be approved while the cashier's register is still open.","Người dùng có vai trò này (cùng Quản lý LumenPOS/Quản lý hệ thống) có thể phê duyệt yêu cầu giảm giá VÀ trả hàng. Chỉ phê duyệt được yêu cầu khi thu ngân chưa đóng quầy thu ngân."
"Valid For (days)","Hiệu lực trong (ngày)"
"Valid To","Hiệu lực đến"
"Valid To cannot be before Valid From","Hiệu lực đến không thể trước Hiệu lực từ"
"Valid Until","Có hiệu lực đến"
"Variance threshold","Ngưỡng chênh lệch"
"Walk-in customer","Khách lẻ"
"What is being approved","Nội dung được phê duyệt"
"What the company owes customers in unspent cashback. Earned cashback is credited here and spent cashback is debited. Leave empty to create ""Cashback"" under Current Liabilities.","Số tiền công ty nợ khách hàng từ hoàn tiền chưa dùng. Hoàn tiền được tích ghi Có vào đây và hoàn tiền đã dùng ghi Nợ. Để trống để tạo ""Cashback"" trong nhóm Nợ ngắn hạn (Current Liabilities)."
"What the customer pays in the end, tax and all.","Số tiền cuối cùng khách hàng trả, đã gồm cả thuế."
"What this rule refuses to take back.","Những gì quy tắc này từ chối nhận trả."
"What to call it at the till, e.g. ""Approval code"" or ""Transfer no."". Defaults to ""Reference"".","Tên gọi tại quầy thu ngân, ví dụ ""Mã chuẩn chi"" hoặc ""Mã chuyển khoản"". Mặc định là ""Mã tham chiếu""."
"When several price books apply, the highest priority wins","Khi nhiều sổ giá cùng áp dụng, sổ có mức ưu tiên cao nhất được dùng"
"Where it applies","Phạm vi áp dụng"
"Which price the discount is calculated from. Price Book Price stacks on an active price book. Standard Price discounts from the regular price and gives the customer the lower of the two (never stacks with a price book).","Giá dùng để tính giảm giá. Giá sổ giá cộng dồn trên sổ giá đang hiệu lực. Giá tiêu chuẩn giảm từ giá thông thường và cho khách hàng mức thấp hơn trong hai giá (không bao giờ cộng dồn với sổ giá)."
"Which sale is being exchanged?","Giao dịch nào đang được đổi hàng?"
"Who can do what","Ai được làm gì"
"Who may do what at the till. A capability with no row here is open to everyone (except returning past the window, which stays closed unless named). Managers always pass.","Ai được làm gì tại quầy thu ngân. Quyền thao tác không có dòng nào ở đây thì mở cho mọi người (trừ trả hàng quá thời hạn, vẫn bị khóa trừ khi được chỉ định). Quản lý luôn được phép."
"Wrong approver passcode for the {0}% discount.","Sai mã xác nhận của người phê duyệt cho mức giảm giá {0}%."
"X-report (mid-shift read)","Báo cáo X (xem giữa ca)"
"You are not allowed to approve requests.","Bạn không được phép phê duyệt yêu cầu."
"You are not allowed to close a register","Bạn không được phép đóng quầy thu ngân"
"You are not allowed to exchange goods","Bạn không được phép đổi hàng"
"You are not allowed to hold goods for a customer","Bạn không được phép giữ hàng cho khách hàng"
"You are not allowed to open a register","Bạn không được phép mở quầy thu ngân"
"You are not allowed to put money in or take it out","Bạn không được phép nộp tiền vào hoặc rút tiền ra"
"You are not allowed to reprint a receipt","Bạn không được phép in lại biên lai"
"You are not assigned to outlet {0}. Ask an administrator to add you under Applicable for Users.","Bạn chưa được gán vào cửa hàng {0}. Hãy nhờ quản trị viên thêm bạn vào mục Áp dụng cho người dùng."
"You are not permitted to close a register","Bạn không có quyền đóng quầy thu ngân"
"You are not permitted to make sales","Bạn không có quyền bán hàng"
"You are not permitted to open a register","Bạn không có quyền mở quầy thu ngân"
"You are not permitted to view customers.","Bạn không có quyền xem khách hàng."
"You are not permitted to work with {0}","Bạn không có quyền thao tác với {0}"
"You are not permitted to {0} {1}.","Bạn không có quyền ({0}) đối với {1}."
"You can only manage your own register","Bạn chỉ có thể quản lý quầy thu ngân của mình"
"You can't approve your own request, another approver must.","Bạn không thể tự phê duyệt yêu cầu của mình, cần một người phê duyệt khác."
"You cannot see {0}'s figures","Bạn không thể xem số liệu của {0}"
"You do not have access to the POS. Ask an administrator to grant you the LumenPOS Cashier role (or POS Invoice access).","Bạn không có quyền truy cập POS. Hãy nhờ quản trị viên cấp cho bạn vai trò Thu ngân LumenPOS (hoặc quyền truy cập Hóa đơn POS)."
"You're not allowed to edit prices or apply discounts on a sale.","Bạn không được phép sửa giá hoặc áp dụng giảm giá cho giao dịch."
"You're not allowed to make returns.","Bạn không được phép thực hiện trả hàng."
"Your LumenPOS PIN reset code","Mã đặt lại mã PIN LumenPOS của bạn"
"Your VAT / tax registration number.","Mã số VAT / mã số thuế của bạn."
"Your receipt from {0}, {1}","Biên lai của quý khách từ {0}, {1}"
"Your user has no email address. Ask an administrator to reset your PIN.","Tài khoản người dùng của bạn không có địa chỉ email. Hãy nhờ quản trị viên đặt lại mã PIN."
"late return approved by {0}","trả hàng quá hạn được {0} phê duyệt"
"not scheduled","không có lịch"
"the close has not finished","việc đóng ca chưa xong"
"transaction reference","mã tham chiếu giao dịch"
"{0} '{1}' does not exist. Pick it from the dropdown list","{0} '{1}' không tồn tại. Hãy chọn từ danh sách thả xuống"
"{0} are in {1} only, and this customer buys in {2}.","{0} chỉ dùng {1}, còn khách hàng này mua bằng {2}."
"{0} can't be used for this sale ({1}). Choose another payment method.","Không thể dùng {0} cho giao dịch này ({1}). Hãy chọn phương thức thanh toán khác."
"{0} can't be used to refund this sale. Allowed: {1}.","Không thể dùng {0} để hoàn tiền trả hàng cho giao dịch này. Được phép: {1}."
"{0} cannot be returned","{0} không thể trả lại"
"{0} has NO price on price list '{1}', a percentage of 0 is 0","{0} KHÔNG có giá trong bảng giá '{1}', phần trăm của 0 là 0"
"{0} has shift {1} open since {2}: close it first.","{0} có ca {1} đang mở từ {2}: hãy đóng ca đó trước."
"{0} is billed in {1}, but this till sells in {2}. Switch on Other currencies in LumenPOS Settings, choose another customer, or clear the customer's Billing Currency in ERPNext (Customer, Currency and Price List).","{0} được lập hóa đơn bằng {1}, nhưng quầy thu ngân này bán bằng {2}. Hãy bật Tiền tệ khác trong Cài đặt LumenPOS, chọn khách hàng khác, hoặc xóa Tiền tệ thanh toán của khách hàng trong ERPNext (Khách hàng, Tiền tệ và Bảng giá)."
"{0} is billed in {1}, which this till does not sell in. Add {1} in LumenPOS Settings, General, Other currencies, or change the customer's Billing Currency.","{0} được lập hóa đơn bằng {1}, loại tiền mà quầy thu ngân này không bán. Hãy thêm {1} trong Cài đặt LumenPOS, Chung, Tiền tệ khác, hoặc đổi Tiền tệ thanh toán của khách hàng."
"{0} is kept by LumenPOS for gift cards and hold deposits and cannot be sold as a product.","{0} được LumenPOS dùng cho thẻ quà tặng và tiền đặt cọc giữ hàng, và không thể bán như một sản phẩm."
"{0} is not a field of the customer form","{0} không phải là trường của biểu mẫu khách hàng"
"{0} is serialized, quantity must be a whole number","{0} quản lý theo số sê-ri, số lượng phải là số nguyên"
"{0} is serialized: scan {1} serial number(s), got {2}","{0} quản lý theo số sê-ri: cần quét {1} số sê-ri, đã nhận {2}"
"{0} is serialized: select {1} serial number(s) to return, got {2}","{0} quản lý theo số sê-ri: cần chọn {1} số sê-ri để trả, đã nhận {2}"
"{0} issued by {1} and spent at {2}","{0} do {1} phát hành và được dùng tại {2}"
"{0} needs a {1} before this sale can be completed.","{0} cần có {1} trước khi hoàn tất giao dịch này."
"{0} sales · takings {1}","{0} giao dịch · doanh thu {1}"
"{0} takes {1} only, and this sale is in {2}.","{0} chỉ nhận {1}, còn giao dịch này bằng {2}."
"{0} was sold by {1}, but this till belongs to {2}. A return must be processed by a till in the same company.","{0} được bán bởi {1}, nhưng quầy thu ngân này thuộc {2}. Trả hàng phải được xử lý tại quầy thu ngân của cùng công ty."
"{0}% discount cleared by approved request {1}","Giảm giá {0}% được duyệt qua yêu cầu đã phê duyệt {1}"
"{0}% discount cleared by passcode","Giảm giá {0}% được duyệt bằng mã xác nhận"
"“{0}” is a base selling price list, editing it here would change your normal selling prices. Create a dedicated price list for this book/app instead.","“{0}” là bảng giá bán cơ sở, sửa ở đây sẽ thay đổi giá bán thông thường của bạn. Hãy tạo một bảng giá riêng cho sổ giá/ứng dụng này."
