"(no recorded payment)","（无付款记录）"
"0 = unlimited repeats per sale","0 = 每单不限次数"
"0 = usable immediately. Otherwise it becomes spendable this many days after the sale.","0 = 立即可用。否则在销售后满此天数才可使用。"
"<p>Your PIN reset code is <b>{0}</b>.</p><p>It expires in {1} minutes. If you didn't ask for this, ignore this email, your current PIN still works.</p>","<p>您的 PIN 码重置码为：<b>{0}</b>。</p><p>该重置码将在{1}分钟后失效。如果您没有申请重置，请忽略此邮件，您当前的 PIN 码仍然有效。</p>"
"A PIN must be 4 to 8 digits.","PIN 码必须为4到8位数字。"
"A built-in field of the form (mobile_no, email_id, tax_id, building_no, street, district, city, postal_code, additional_no) or any field of Customer.","表单的内置字段（mobile_no、email_id、tax_id、building_no、street、district、city、postal_code、additional_no），或客户的任意字段。"
"A bundle needs specific product rows, not 'all products'","套装需要指定具体的商品行，不能用“所有商品”"
"A check could not run","有一项检查无法运行"
"A customer billed in another currency (Customer, Currency and Price List) buys in it: prices, payment and receipt in that currency, at a rate fixed for the shift. Off: such a customer is refused.","以其他币种开票的客户（在客户的“货币和价格表”中设置）按该币种购买：价格、付款和小票都使用该币种，汇率在班次内固定。关闭时：拒绝此类客户。"
"A gift card cannot pay for a gift card","不能用礼品卡购买礼品卡"
"A hold needs a customer, so the shop knows whose goods these are","预留需要指定客户，这样店铺才知道这些商品是谁的"
"A label for the batch this code was generated/imported in.","此券码生成或导入时所属批次的标签。"
"A manual discount of {0}% exceeds the {1}% limit, approver passcode required","手动折扣{0}%超过了{1}%的上限，需要审批人授权码"
"A manual discount of {0}% exceeds the {1}% limit. Enter the manager passcode or send an approval request.","手动折扣{0}%超过了{1}%的上限。请输入经理授权码或发送审批请求。"
"A manual discount of {0}% exceeds the {1}% limit. Send an approval request.","手动折扣{0}%超过了{1}%的上限。请发送审批请求。"
"A percentage of the qualifying items, or a fixed amount","符合条件商品金额的百分比，或固定金额"
"A price cannot be below zero.","价格不能低于零。"
"A reason the cashier can pick when refunding an item (shown at the till).","收银员为商品退款时可选择的原因（在收银台显示）。"
"A refund does not go back onto a gift card or cashback. Refund that part as store credit.","退款不会退回礼品卡或返现。请将这部分退为店内余额。"
"A register closed with a counted difference over the alert threshold.","有收银台关闭时的清点差异超过了提醒阈值。"
"A register is still open well past the end of its shift.","有收银台在班次结束很久后仍未关闭。"
"A reusable timetable, one schedule can serve many outlets.","可重复使用的时间表，一个时间表可用于多个门店。"
"A sale that took longer than usual is written to the Error Log with its timings.","耗时超出平常的销售会连同各项耗时记录到 Error Log 中。"
"A salesperson is required but none exists","要求选择销售员，但系统中没有销售员"
"A shift belongs to","班次归属"
"A shift left open holds its sales out of the books, and on ERPNext 16 can block its outlet.","未关闭的班次会使其销售无法入账，在 ERPNext 16 上还可能阻塞其门店。"
"A statistics page for managers. With the Lumen Reports app installed it embeds a ready-made POS sales dashboard, otherwise it suggests installing it.","供经理使用的统计页面。安装 Lumen Reports 应用后，会嵌入现成的 POS 销售看板，否则会提示安装该应用。"
"Absolute difference (over or short) on any payment method that triggers the email.","任一支付方式的差异绝对值（长款或短款）达到此值即触发邮件。"
"Account {0} belongs to {1}, not {2}","科目{0}属于{1}，而不是{2}"
"Account {0} does not belong to {1}","科目{0}不属于{1}"
"Account {0} is a group account. Pick an account under it","科目{0}是组科目。请选择其下级科目"
"Account {0} is a {1} account, which cashback cannot post to","科目{0}是{1}类科目，返现无法记入此类科目"
"Account {0} is a {1} account, which needs a party on every line","科目{0}是{1}类科目，每一行都需要填写往来单位"
"Account {0} is disabled","科目{0}已停用"
"Account {0} must be an Asset account, and it is {1}","科目{0}必须是资产类科目，但它是{1}类"
"Add a Sales Person in ERPNext, or set Salesperson at the till to Optional.","在 ERPNext 中添加 Sales Person，或将收银台的销售员设为可选。"
"Add a service charge to every sale (e.g. restaurants / salons).","为每笔销售加收服务费（例如餐厅 / 美发店）。"
"Add at least one item the customer is taking instead","请至少添加一件客户换取的商品"
"Add at least one item to the test basket","请至少向测试购物车添加一件商品"
"Add at least one product row or tick 'Apply on all products'","请至少添加一行商品，或勾选“适用于所有商品”"
"Add the goods being held","请添加要预留的商品"
"Add the items that make up the bundle","请添加组成套装的商品"
"After this date the shop may cancel the hold. Nothing happens automatically.","过了此日期，店铺可以取消预留。系统不会自动做任何处理。"
"Alert only, a till is never closed automatically, because a close without a real cash count produces figures nobody can trust.","只发提醒，绝不会自动关闭收银台，因为没有实际清点现金就关闭，得出的数字不可信。"
"All Customers","所有客户"
"Allocated Price","分摊价格"
"Allocated prices add up to {0}, but the Bundle Price is {1}, they must match exactly","分摊价格合计为{0}，但套装价为{1}，两者必须完全一致"
"Allow a refund to be parked on the customer's Store Credit instead of handing money back. Turn OFF if shop policy is money-back only. Note: credit the customer actually SPENT on that sale can always be returned to credit (capped at what they spent), otherwise a credit-paid sale would have no refund method at all.","允许将退款存入客户的店内余额，而不是退还钱款。如果店铺政策只允许退还钱款，请关闭此项。注意：客户在该笔销售中实际使用的店内余额，始终可以退回余额（以实际使用的金额为上限），否则用余额支付的销售将没有任何退款方式。"
"Allow a single discount on the whole cart (subject to the discount limit + edit-price role).","允许对整个购物车应用一个折扣（受折扣上限和改价角色限制）。"
"Allow printing an X-report (mid-shift drawer read) without closing the register.","允许在不关闭收银台的情况下打印 X 报表（班次中途的钱箱读数）。"
"Allow refund as","允许退款到"
"Allow refunding to Store Credit","允许退款到店内余额"
"Allow refunding to this mode","允许退款到此支付方式"
"Always positive. Earn adds, the rest remove.","始终为正数。获得时增加，其余类型扣减。"
"Always positive; Issue adds to the balance, Redeem subtracts","始终为正数。发放时增加余额，使用时扣减余额"
"Amount must be positive, use Entry Type to add or subtract","金额必须为正数，请用记录类型来增加或扣减"
"An approved request can still return it","审批通过后仍可退货"
"An end time EARLIER than (or equal to) the start means the shift crosses midnight.","结束时间早于（或等于）开始时间，表示该班次跨越午夜。"
"An item tag (the tags you add to items in ERPNext)","商品标签（在 ERPNext 中为商品添加的标签）"
"Anyone holding this role passes. Leave blank to name a single person instead.","拥有此角色的任何人都可通过。留空则改为指定某一个人。"
"Applies to this group AND everything under it.","适用于此组及其下的所有内容。"
"Apply on all products","适用于所有商品"
"Approver Name","审批人姓名"
"Approver Role (for requests)","审批人角色（用于审批请求）"
"Ask for a reset code first.","请先申请重置码。"
"Asset account for what other companies of the group owe this one for customer balances spent here. Created automatically when empty.","资产科目，记录集团内其他公司因客户余额在本公司消费而欠本公司的款项。留空时自动创建。"
"At least one payment is required","至少需要一笔付款"
"Audit log","审计日志"
"Auto-lock after (minutes)","自动锁定时间（分钟）"
"Auto-lock after this many minutes of inactivity (0 = manual lock only).","无操作达到此分钟数后自动锁定（0 = 仅手动锁定）。"
"Automatic rate status","自动汇率状态"
"Background jobs are switched off on this site","本站点已关闭后台任务"
"Basket Discount Type","整单折扣类型"
"Basket Discount Value","整单折扣值"
"Basket Discount Value must be greater than zero","整单折扣值必须大于零"
"Block regular returns after the return window below. Past the window, the cashier can send a return-approval request that an Approver Role holder approves while the register is open.","超过下方的退货期限后，禁止普通退货。超过期限后，收银员可发送退货审批请求，由拥有审批人角色的人员在收银台开启期间审批。"
"Blocked Mode of Payment","禁用的支付方式"
"Bundle Price","套装价"
"Bundle Price must be greater than zero","套装价必须大于零"
"Bundle Price only: units of this product required per bundle","仅限套装价：每个套装所需的该商品数量"
"Bundle {0} does not exist","套装{0}不存在"
"Bundle {0} is inactive","套装{0}未启用"
"Bundle {0} is incomplete, it needs exactly: {1}","套装{0}不完整，必须正好包含：{1}"
"Bundle {0} is not offered at {1}","{1}不提供套装{0}"
"Bundle {0} is not valid today","套装{0}今天不在有效期内"
"Buy Quantity","购买数量"
"Buy Quantity must be at least 1","购买数量至少为1"
"Buy X Get Y","买 X 得 Y"
"Cache only in-stock items for offline use","离线时只缓存有库存的商品"
"Calculate discount on","折扣计算基准"
"Can","允许操作"
"Can combine with other cashback rules","可与其他返现规则叠加"
"Can combine with other promotions","可与其他促销叠加"
"Cap on the cashback from one sale (0 = no cap). Applies to a percentage.","单笔销售的返现上限（0 = 不设上限）。适用于百分比返现。"
"Card Number","卡号"
"Cart JSON","购物车 JSON"
"Cart Total","购物车合计"
"Cart is empty","购物车为空"
"Cart lines / invoice summary captured when the request was raised.","发起请求时记录的购物车明细 / 发票摘要。"
"Cash Float","备用金"
"Cash In","现金存入"
"Cash In / Out","现金存取"
"Cash Movements","现金变动"
"Cash Out","现金取出"
"Cash in / out","现金存取"
"Cash in this currency","该币种现金"
"Cash variance on {0} ({1})","{0}现金差异（{1}）"
"Cashback","返现"
"Cashback Expense Account","返现费用科目"
"Cashback Liability Account","返现负债科目"
"Cashback Rule","返现规则"
"Cashback Type","返现类型"
"Cashback balance is too low to redeem {0}","返现余额不足，无法使用{0}"
"Cashback balance is {0}, cannot redeem {1}","返现余额为{0}，无法使用{1}"
"Cashier Name","收银员姓名"
"Change at this outlet comes from {0}, which is in {1}: a sale in {2} cannot give change from it. Take the exact amount, or set the outlet's Account for Change Amount (POS Profile) to an account in {3}.","本门店的找零来自{0}，该科目的币种为{1}：以{2}进行的销售无法从中找零。请收取准确金额，或在门店的 POS 配置中将“零钱科目”（Account for Change Amount）设为币种为{3}的科目。"
"Change given in another currency cannot reach the books","以其他货币找零的金额无法入账"
"Change given in this currency","以该币种找零"
"Check the site's background workers (on Frappe Cloud, the bench's Jobs).","请检查站点的后台进程（在 Frappe Cloud 上为 bench 的 Jobs）。"
"Choose exactly what each receipt shows.","精确选择每张小票显示的内容。"
"Choose the company this program belongs to","请选择此计划所属的公司"
"Choose the sale to take back","请选择要退货的销售"
"Choose the {0} this rule applies to","请选择此规则适用的{0}"
"Close the register","关闭收银台"
"Close the shifts they belong to. A shift stuck in Closing shows above.","请关闭这些销售所属的班次。卡在关闭中的班次显示在上方。"
"Close them from the Register page (a manager can close anyone's).","请在收银台页面关闭（经理可以关闭任何人的班次）。"
"Close them in ERPNext (POS Closing Entry) or cancel them if they hold no sales.","请在 ERPNext 中关闭（POS Closing Entry），如果其中没有销售则取消。"
"Close your open shift first: {0}. This shop allows one open shift per person at a time.","请先关闭您已开启的班次：{0}。本店每人同一时间只允许一个开启的班次。"
"Closed At","关闭时间"
"Closed by","关闭人"
"Closing Attempts","关闭尝试次数"
"Closing Counts","关闭清点"
"Closing Error","关闭错误"
"Closing Note","关闭备注"
"Closing Started At","开始关闭时间"
"Closing Status","关闭状态"
"Closing figures out of date","关闭数据已过时"
"Compact","简洁"
"Companies of the group","集团内公司"
"Company Accounts","公司科目"
"Company customers","公司客户"
"Complete the outlet's POS Profile in ERPNext.","请在 ERPNext 中补全该门店的 POS Profile。"
"Consolidation","合并"
"Consolidation Error","合并错误"
"Consolidation failed","合并失败"
"Could not reach printer at {0}:{1} ({2})","无法连接位于{0}:{1}的打印机（{2}）"
"Counted","清点金额"
"Coupon","优惠券"
"Coupon code {0} is already used by {1}","优惠券码{0}已被{1}使用"
"Create a POS Profile in ERPNext.","请在 ERPNext 中创建 POS Profile。"
"Currencies the till sells in","收银台可销售的币种"
"Currency {0} is not set up","货币 {0} 尚未设置"
"Custom Fields (JSON)","自定义字段（JSON）"
"Customer Eligibility","客户资格"
"Customer balances across companies","跨公司客户余额"
"Customer currency","客户币种"
"Customer deposits account","客户定金科目"
"Customer group eligibility","客户组资格"
"Customer has {0} loyalty points, cannot redeem {1}","客户有{0}积分，无法抵扣{1}"
"Customer name is required","客户名称为必填项"
"Customer pays this for the whole bundle; the saving is split across the component lines (kept separate so each item can be returned individually)","客户为整个套装支付此金额，优惠金额分摊到各组成商品行（各行保持独立，以便每件商品都能单独退货）"
"Customer pays this total for one full set of the products listed above (use the Qty column for multiples). Items stay separate lines on the invoice.","客户为上方所列商品的一整套支付此总额（同一商品需要多件时请使用“数量”列）。商品在发票上仍为单独的行。"
"Customer {0} is not enrolled in a loyalty program","客户{0}未加入会员积分计划"
"Customer {0} not found","找不到客户{0}"
"Customer-facing display","客显屏"
"Daily time window","每日时段"
"Date window ({0} → {1})","日期范围（{0} → {1}）"
"Days Closed While the Shift Ran","班次期间关闭的日期"
"Days after the sale during which a regular return is allowed. 0 = no time limit.","销售后允许普通退货的天数。0 = 不限时间。"
"Days of Week","适用星期"
"Decided At","审批时间"
"Decided By","审批用户"
"Decision","审批结果"
"Decision Note","审批备注"
"Delivery Apps","外卖平台"
"Deposit for hold {0}","预留{0}的定金"
"Deposit item","定金商品"
"Deposits are taxable when taken","收取定金时计税"
"Detail","详情"
"Detailed","详细"
"Discount Approval","折扣审批"
"Discount Approvers","折扣审批人"
"Discount Limit (%)","折扣上限（%）"
"Discount Type is required for a Simple Discount","普通折扣必须填写折扣类型"
"Discount Value","折扣值"
"Discount Value must be greater than zero","折扣值必须大于零"
"Discount approved by {0}","折扣由{0}批准"
"Discount requests are turned off. Ask a manager for the passcode.","折扣审批请求功能已关闭。请向经理索取授权码。"
"Drawer","钱箱"
"Due from group companies","应收集团公司款项"
"Due to group companies","应付集团公司款项"
"ERPNext 16 lets an outlet sell with only one open shift, and {0} still has one:","在 ERPNext 16 中，一个门店只能在一个未关闭的班次上销售，而{0}仍有一个未关闭的班次："
"ERPNext 16 sells only on an opening entry opened today, one per outlet.","ERPNext 16 只能在当天开立的 POS 开班单上销售，每个门店一张。"
"ERPNext 16 takes sales only on a POS Opening Entry opened the same day. A shift that sold on past midnight closed each earlier day in ERPNext and opened the next, and was counted once, at its own close.","ERPNext 16 只接受当天开启的 POS 开班单上的销售。午夜后继续销售的班次在 ERPNext 中关闭了之前的每一天并开启了下一天，并在其自身关闭时清点一次。"
"ERPNext 16 takes sales only on a shift opened the same day. On (the default): at the first sale after midnight LumenPOS closes the day in ERPNext and opens the next one by itself, and the shift carries on and is counted once, at its own close. Off: a shift from an earlier day has to be closed before it can sell again. Set from the till: Settings, General, Register and shifts.","ERPNext 16 只接受当天开启的班次上的销售。开启（默认）：午夜后的第一笔销售时，LumenPOS 会自动在 ERPNext 中关闭当天并开启下一天，班次继续进行，并在其自身关闭时清点一次。关闭：之前某天开启的班次必须先关闭，才能再次销售。 在收银台中设置：设置、常规、收银台与班次。"
"ERPNext Days","ERPNext 日期"
"ERPNext accepts the till's invoices","ERPNext 接受收银台的发票"
"ERPNext adds a missing item price from a sale","ERPNext 会根据销售补充缺失的商品价格"
"ERPNext is set not to record change as its own ledger entry (Create Ledger Entries for Change Amount, in POS Settings on ERPNext 16 and Accounts Settings before), so change can only come back in local money from the drawer the customer paid into. Turn that on, or take the exact amount.","ERPNext 当前设置为不把找零单独记账：“为找零生成日记账凭证”（Create Ledger Entries for Change Amount）未开启，该项在 ERPNext 16 的 POS 设置中，之前的版本在会计设置中。因此找零只能以本币、从客户付款所用的钱箱中找出。请开启此设置，或收取准确金额。"
"ERPNext is set to make Sales Invoices from the POS (POS Settings, Invoice Type Created via POS Screen), so it refuses the POS Invoices this outlet makes. Set it to POS Invoice, or set the outlet to Sales Invoice (POS Profile, LumenPOS).","ERPNext 当前设置为由 POS 生成销售发票：POS 设置中的“通过POS界面创建的发票类型”（Invoice Type Created via POS Screen）为销售发票，因此会拒绝本门店开具的 POS 发票。请将其设为 POS 发票，或将门店设为使用销售发票（在 POS 配置的 LumenPOS 部分）。"
"ERPNext refuses POS Invoices on this site","ERPNext 在本站点拒绝 POS 发票"
"ERPNext {0} has not been tested with LumenPOS","ERPNext {0} 未经 LumenPOS 测试"
"ERPNext {0} is newer than the release LumenPOS was last tested on ({1})","ERPNext {0} 比 LumenPOS 最近一次测试的版本（{1}）更新"
"ERPNext {0}, tested with LumenPOS","ERPNext {0}，已通过 LumenPOS 测试"
"ERPNext's day could not be closed for this shift ({0}). Close the shift on the Register screen and open a new one.","无法为此班次关闭 ERPNext 的当天（{0}）。请在收银台界面关闭该班次并开启新班次。"
"ERPNext's day was closed at {0} while this shift sold on past midnight: POS Closing Entry {1} holds its {2} sales, and POS Opening Entry {3} opens the next day. The drawer is counted once, when the shift closes.","此班次在午夜后继续销售，ERPNext 的当天已于 {0} 关闭：POS 交班单 {1} 包含当天的 {2} 笔销售，POS 开班单 {3} 开启下一天。钱箱只在班次关闭时清点一次。"
"Each manager gets their own passcode; the approver's name is recorded on the invoice. The single Manager Passcode above still works as a master code.","每位经理都有自己的授权码，审批人的姓名会记录在发票上。上方统一的经理授权码仍可作为主授权码使用。"
"Earn","获得"
"Earned cashback expires this many days after it becomes usable (0 = never expires)","获得的返现在可用后满此天数即过期（0 = 永不过期）"
"Earning and redemption rates must be greater than zero","累积比例和抵扣比例都必须大于零"
"Edit price / discount","改价 / 折扣"
"Edit price / discount role","改价 / 折扣角色"
"Either give every component an Allocated Price or leave them all empty","请为每个组成商品都填写分摊价格，或全部留空"
"Eligibility","适用资格"
"Email a role when a closing count differs from expected by more than the threshold. Records and notifies, it never blocks the close.","关闭时的清点金额与应有金额的差异超过阈值时，发邮件通知某个角色。仅记录并通知，绝不会阻止关闭。"
"Email an alert on a large closing variance","关闭差异较大时发送邮件提醒"
"Email an alert when a shift is left open","班次超时未关闭时发送邮件提醒"
"Email receipt","邮件发送小票"
"Email receipts are turned off (Settings → Features).","邮件发送小票功能已关闭（设置 → 功能）。"
"Empty: every company. Set: every outlet of this company, unless outlets are chosen below.","留空：适用于所有公司。已设置：适用于该公司的所有门店，除非在下方选择了门店。"
"Empty: the built-in form. Name and mobile for everyone; for companies also the tax ID and the Saudi national address.","留空：使用内置表单。所有客户都需填写名称和手机号，公司客户还需填写税号和沙特国家地址。"
"Empty: the main cash drawer.","留空：主钱箱。"
"Enable Cashback","启用返现"
"Enable Insights","启用 Insights"
"Enable a second-screen customer-facing display (mirrors the cart on another monitor/window).","启用第二屏客显屏（在另一台显示器或另一个窗口上同步显示购物车）。"
"Enable holds and deposits","启用预留和定金"
"Enable the scheduler (bench enable-scheduler, or ask the hosting provider).","启用调度器（bench enable-scheduler，或请托管服务商处理）。"
"End Date cannot be before Start Date","结束日期不能早于开始日期"
"Ends","结束"
"Enter a coupon code","请输入优惠券码"
"Enter a name for the price list","请输入价格表名称"
"Enter the amount the customer is paying","请输入客户支付的金额"
"Enter the gift card amount","请输入礼品卡金额"
"Enter your current PIN to change it.","请输入您当前的 PIN 码以进行修改。"
"Entry of the company that issued it","发放方公司的记账凭证"
"Entry of the company that spent it","消费方公司的记账凭证"
"Every Day","每天"
"Every sale will be refused.","所有销售都会被拒绝。"
"Exceed return window role","超期退货角色"
"Exchange goods","换货"
"Exchange rate","汇率"
"Exchange role","换货角色"
"Exchanges are in {0} only. For a sale in {1}, refund it and ring the new goods up as a new sale.","换货仅支持{0}。对于以{1}进行的销售，请先退款，再将新商品作为一笔新的销售收银。"
"Exclude","排除"
"Exclude these items instead of including them","排除这些商品，而不是包含它们"
"Expected to end","预计结束时间"
"Expire","过期"
"Extra allowed refund methods. Example: if paid with Mada, allow refund as Cash. A method can always be refunded to itself, so you only add the exceptions.","额外允许的退款方式。例如：用 Mada 支付时，也允许退为现金。支付方式始终可以原路退款，所以只需添加例外情况。"
"Extra line under the company name (e.g. branch / slogan).","公司名称下方的附加行（例如分店 / 标语）。"
"Failed Attempts","失败次数"
"Fallback: hours after opening","备用规则：开班后的小时数"
"Features","功能"
"Fields on the new customer form","新客户表单的字段"
"Fill in: {0}","请填写：{0}"
"Fixed Price","固定价格"
"Fixed at","固定时间"
"Fixed with the rate: the shift gives the change of a sale in this currency from that currency's own drawer.","与汇率一起固定：本班次以该币种进行的销售，从该币种自己的钱箱找零。"
"Fixed: the rate the shop sets. Automatic: updated once a day, when automatic rates are switched on in LumenPOS Settings.","固定：使用店铺设定的汇率。自动：在 LumenPOS 设置中开启自动汇率后，每天更新一次。"
"Footer line (e.g. thank-you, social).","页脚行（例如致谢语、社交账号）。"
"For an Earn row: the unspent, unexpired part still available.","对于“获得”记录：仍可使用的未消费、未过期部分。"
"For example: hygiene items cannot be returned once opened.","例如：卫生类商品一经拆封不可退货。"
"Free","免费"
"Fully Used","已用完"
"Generate at most 5000 coupons at a time","每次最多生成5000张优惠券"
"Generated {0}","生成于{0}"
"Get","获得"
"Get Quantity","获得数量"
"Get Quantity must be at least 1","获得数量至少为1"
"Gift Card Expiry (days)","礼品卡有效期（天）"
"Gift Card Item","礼品卡商品"
"Gift Card Liability Account","礼品卡负债科目"
"Gift Card Mode of Payment","礼品卡支付方式"
"Gift Cards","礼品卡"
"Gift card payments don't match the scanned cards","礼品卡付款与扫描的卡不一致"
"Gift card {0} already exists","礼品卡{0}已存在"
"Gift card {0} expired on {1}","礼品卡{0}已于{1}过期"
"Gift card {0} has {1} left, cannot redeem {2}","礼品卡{0}剩余{1}，无法使用{2}"
"Gift card {0} is {1}","礼品卡{0}的状态为{1}"
"Gift card {0} not found","找不到礼品卡{0}"
"Gift card {0} was issued by {1} and is used at its outlets only.","礼品卡{0}由{1}发行，只能在其门店使用。"
"Gift cards","礼品卡"
"Gift cards, cashback and store credit. Shared: spendable at any company of the group with the same currency, each company's books kept right by an Inter Company Journal Entry. Separate: spendable only at the company that issued it.","礼品卡、返现和店内余额。共享：可在集团内币种相同的任一公司消费，由公司间记账凭证保证各公司账目正确。独立：只能在发放该余额的公司消费。"
"Gift cards, store credit, cashback and loyalty points","礼品卡、店内余额、返现和积分"
"Give change in this currency","以此货币找零"
"Give customers cashback on qualifying sales, configured in POS Cashback Rule. Turning this off stops earning and hides the page.","在符合条件的销售中给客户返现，规则在 POS 返现规则中设置。关闭后将停止获得返现，并隐藏该页面。"
"Give the loyalty program a name","请为会员积分计划命名"
"Global fallback income account for the service charge. Prefer a per-company account under Company Accounts.","服务费的全局备用收入科目。建议在“公司科目”中为每家公司单独设置科目。"
"Goods handed over on {0}","商品已交付，发票 {0}"
"Goods on hold","预留商品"
"Grace period (minutes)","宽限期（分钟）"
"Grouped, most frequent first.","已分组，最常见的排在前面。"
"HOLD-.YYYY.-","HOLD-.YYYY.-"
"Hand these goods over at {0}, where they are kept.","请在 {0} 交付这些商品，它们存放在那里。"
"Handed Over At","交付时间"
"Handed Over On Invoice","交付发票"
"Help in the till","收银台帮助"
"Higher priority wins when two exclusive promotions give the same savings","两个互斥促销的优惠金额相同时，优先级高的生效"
"Higher wins when two non-combinable rules both match","两条不可叠加的规则同时匹配时，优先级高的生效"
"Hold Until","预留至"
"Hold cancelled","预留单已取消"
"Hold goods for (days)","预留期限（天）"
"Hold goods for a customer","为客户预留商品"
"Hold {0} belongs to another company","预留单 {0} 属于另一家公司"
"Hold {0} belongs to {1}. Serve it at one of its outlets.","预留单 {0} 属于 {1}。请在该公司的门店办理。"
"Hold {0} handed over","预留单 {0} 已交付"
"Holds and deposits","预留与定金"
"Holds and deposits are switched off for this shop","本店已关闭预留与定金功能"
"How a cashier clears an over-limit discount. Passcode only = a manager enters the passcode at the till. Request only = the cashier sends a request a role-holder approves while the register is open. Passcode or request = either.","收银员如何让超限折扣获得批准。仅授权码 = 经理在收银台输入授权码。仅申请 = 收银员发送申请，由持有相应角色的人在收银台开启期间批准。授权码或申请 = 两者皆可。"
"How long a hold runs before the shop may cancel it. 0 = no limit. Nothing is cancelled automatically.","预留单持续多久后店铺可以取消。0 = 不限期。不会自动取消任何预留。"
"How long after the scheduled end before alerting.","超过计划结束时间多久后发出提醒。"
"How many coupons should I generate?","要生成多少张优惠券？"
"How many times each code may be redeemed. 1 = single use, 0 = unlimited (until it expires).","每个券码可使用的次数。1 = 仅限一次，0 = 不限次数（直到过期）。"
"If paid with","若支付方式为"
"If you cannot close it, a manager can close it for you from that outlet's Register page.","如果您无法关闭，经理可以在该门店的收银台页面替您关闭。"
"Imported {0}","导入于 {0}"
"Individual customers","个人客户"
"Initial Amount","初始金额"
"Insights","Insights"
"Insights are turned off in LumenPOS Settings","Insights 已在 LumenPOS 设置中关闭"
"Instalments","分期付款"
"Inter Company Journal Entries","公司间记账凭证"
"Invalid or expired coupon code","优惠券码无效或已过期"
"Invoice Age (days)","开票后天数"
"Invoice type","发票类型"
"Issued On Invoice","发卡发票"
"Issued by","发放方"
"Items shown as one-tap buttons on the sell screen.","在销售页面显示为一键按钮的商品。"
"JSON list of dynamic receipt fields sourced from the POS Profile or the sale invoice (managed from the POS Settings page). Each: {source, fieldname, label, render, position}.","小票动态字段的 JSON 列表，取自 POS 配置或销售发票（在 POS 设置页面中管理）。每项：{source, fieldname, label, render, position}。"
"Keep a shift open past midnight","班次跨过午夜仍保持开启"
"Languages","语言"
"Languages at the till","收银台可用语言"
"Last error","最近错误"
"Late return approved by {0}","超期退货已由 {0} 批准"
"Leave empty for all customers","留空则适用于所有客户"
"Leave empty for all outlets","留空则适用于所有门店"
"Leave empty to apply at every outlet","留空则适用于每个门店"
"Leave empty to apply at every outlet.","留空则适用于每个门店。"
"Leave empty to run in all outlets","留空则在所有门店生效"
"Legacy flag (superseded by Use Limit). Kept for older codes.","旧版标记（已由“使用次数上限”取代）。为旧券码保留。"
"Legacy/internal, price books now store item prices directly below.","旧版/内部字段，价格簿现在直接在下方存储商品价格。"
"Liability account for customer deposits. Blank = LumenPOS creates 'Customer Deposits'. A per-company account can be set in Company Accounts.","客户定金的负债科目。留空 = LumenPOS 创建“Customer Deposits”。可在“公司科目”中按公司设置科目。"
"Liability account for what this company owes others of the group for its customer balances spent there. Created automatically when empty.","本公司客户的余额在集团其他公司消费后，本公司欠这些公司款项的负债科目。留空时自动创建。"
"Liability account that backs gift cards (selling a card increases it, redeeming decreases it). Leave empty to auto-create ""Gift Cards"".","礼品卡对应的负债科目（售卡时增加，用卡付款时减少）。留空则自动创建“Gift Cards”。"
"Liability account this company holds customer deposits in. Blank = LumenPOS creates 'Customer Deposits'.","本公司存放客户定金的负债科目。留空 = LumenPOS 创建“Customer Deposits”。"
"Limit regular returns to a time window","限制常规退货的期限"
"List the products that make up the bundle","请列出组成套装的商品"
"Load","充值"
"Lock screen (PIN to unlock)","锁屏（凭 PIN 码解锁）"
"Lock the till behind a PIN (a manager/approver PIN, or any manager). Protects an unattended register.","用 PIN 码锁定收银台（经理/审批人的 PIN 码，或任何经理均可解锁）。保护无人看管的收银台。"
"Logo shown at the top of the printed/on-screen receipt.","显示在打印/屏幕小票顶部的 Logo。"
"Lookup not allowed for {0}","不允许查询 {0}"
"Lumen Reports could not set up the dashboard","Lumen Reports 无法设置仪表板"
"Lumen Reports could not set up the dashboard on this site: {0}","Lumen Reports 无法在此站点上设置仪表板：{0}"
"Lumen Reports is not installed on this site","此站点未安装 Lumen Reports"
"Lumen Reports needs Frappe v{0} or newer","Lumen Reports 需要 Frappe v{0} 或更高版本"
"LumenPOS","LumenPOS"
"LumenPOS Audit Log","LumenPOS 审计日志"
"LumenPOS Cashier","LumenPOS 收银员"
"LumenPOS Company Setting","LumenPOS 公司设置"
"LumenPOS Manager","LumenPOS 经理"
"LumenPOS Payment Method Rule","LumenPOS 支付方式规则"
"LumenPOS Profile Receipt","LumenPOS 门店小票"
"LumenPOS Settings","LumenPOS 设置"
"LumenPOS User PIN","LumenPOS 用户 PIN 码"
"LumenPOS background jobs failed in the last 7 days","最近 7 天有 LumenPOS 后台任务失败"
"LumenPOS background jobs have not run since {0}","LumenPOS 后台任务自 {0} 起未运行"
"LumenPOS cashback for {0} ({1}): {2} earned on {3} sales, {4} expired or returned on {5} entries.","LumenPOS 返现 {0}（{1}）：{3} 笔销售获得 {2}，{5} 条记录过期或退回 {4}。"
"LumenPOS could not use ERPNext's {0} on this version of ERPNext ({1}). This usually means the site is running an ERPNext release LumenPOS has not been updated for yet, please report it to hello@lumen-solutions.co with this message.","LumenPOS 无法在此版本的 ERPNext（{1}）上使用 ERPNext 的 {0}。这通常表示站点运行的 ERPNext 版本 LumenPOS 尚未适配，请将此消息发送至 hello@lumen-solutions.co 报告。"
"LumenPOS errors in the last 7 days: {0}","最近 7 天的 LumenPOS 错误：{0}"
"LumenPOS is tested on ERPNext 13 to 16.","LumenPOS 已在 ERPNext 13 至 16 上测试。"
"Make returns","办理退货"
"Make returns role","办理退货角色"
"Manager Passcode","经理授权码"
"Manual discounts above this percentage need approval. 0 disables the check.","手动折扣超过此百分比时需要审批。0 表示不检查。"
"Margin below the published rate","低于公布汇率的幅度"
"Max Applications per Sale","每笔销售最多应用次数"
"Maximum Cashback","返现上限"
"Minimum Spend","最低消费"
"Minimum Spend must be greater than zero","最低消费必须大于零"
"Minimum deposit (%)","最低定金（%）"
"Mode of Payment used to redeem gift cards. Leave empty to auto-create/use ""Gift Card"".","用于礼品卡付款的支付方式。留空则自动创建/使用“Gift Card”。"
"Money","款项"
"New customer","新客户"
"New customer form","新客户表单"
"New gift cards expire this many days after sale. 0 = never expire.","新礼品卡在售出多少天后过期。0 = 永不过期。"
"New sales were recorded after the closing screen was loaded. Refresh the closing screen, re-check the counts, then close again.","交班页面加载后又产生了新的销售。请刷新交班页面，重新核对清点金额，然后再次交班。"
"No LumenPOS errors in the last 7 days","最近 7 天没有 LumenPOS 错误"
"No POS Profile is assigned to you. Create one and add yourself under Applicable for Users.","您尚未被分配任何 POS 配置。请创建一个，并在“适用于用户”中添加您自己。"
"No account group found for {0} in {1}. Create the account '{0}' in {2} by hand.","在 {1} 中找不到用于 {0} 的科目组。请手动创建币种为 {2} 的科目“{0}”。"
"No codes found in the file","文件中未找到任何券码"
"No email address. Add one to the customer or type it in.","没有邮箱地址。请为客户添加邮箱，或直接输入。"
"No expense account group found for {0}","未找到 {0} 的费用科目组"
"No expense account group found for {0}. Create a cashback expense account and choose it in LumenPOS Settings","未找到 {0} 的费用科目组。请创建返现费用科目，并在 LumenPOS 设置中选择它"
"No liability account group found for {0}","未找到 {0} 的负债科目组"
"No liability account group found for {0}, create a 'Store Credit' liability account manually","未找到 {0} 的负债科目组，请手动创建名为“Store Credit”的负债科目"
"No liability account group found for {0}, create a '{1}' liability account manually","未找到 {0} 的负债科目组，请手动创建名为“{1}”的负债科目"
"No liability account group found for {0}. Create a cashback liability account and choose it in LumenPOS Settings","未找到 {0} 的负债科目组。请创建返现负债科目，并在 LumenPOS 设置中选择它"
"No open register session. Open the register first.","没有开启的收银台班次。请先打开收银台。"
"No outlet (POS Profile) is set up","尚未设置门店（POS Profile）"
"No receipt printer configured on POS Profile {0}","POS 配置 {0} 未设置小票打印机"
"No shift needs attention","没有需要注意的班次"
"No tax template: sales carry no tax.","没有税务模板：销售不含税。"
"No warehouse belongs to company {0}. Set a Default Warehouse on the POS Profile (or create a warehouse for this company) before selling gift cards.","公司 {0} 没有任何仓库。出售礼品卡前，请在 POS 配置中设置默认仓库（或为该公司创建仓库）。"
"No {0} account group found for {1}. Create '{2}' by hand.","未找到 {1} 的 {0} 科目组。请手动创建“{2}”。"
"Nobody is assigned to it yet (POS Profile, Applicable for Users).","尚未分配任何人（POS Profile, Applicable for Users）。"
"Non-stock item posted when a gift card is sold. Leave empty to auto-create ""GIFT-CARD"".","出售礼品卡时记账使用的非库存商品。留空则自动创建“GIFT-CARD”。"
"Not a LumenPOS tour: {0}","不是 LumenPOS 的导览：{0}"
"Not a LumenPOS version: {0}","不是 LumenPOS 的版本号：{0}"
"Not allowed.","不允许。"
"Notify role","通知角色"
"Number of Sales","销售笔数"
"Off: the till shows nothing about holds at all. A shop that never puts goods aside for a customer does not need the button or the screen.","关闭：收银台完全不显示预留相关内容。从不为客户预留商品的店铺不需要该按钮和页面。"
"Offer","优惠内容"
"Offer the tour to new staff","向新员工提供导览"
"Offline cache only keeps items that have stock in the register's warehouse (smaller, faster cache)","离线缓存只保留收银台仓库中有库存的商品（缓存更小、更快）"
"Oldest from {0}. Their stock has not moved yet and they are missing from the accounts.","最早的一笔来自 {0}。这些销售的库存尚未扣减，也未计入账目。"
"On (the default): a ? button on every screen of the till opens that screen's help, with short tours over the real buttons.","开启（默认）：收银台每个页面上的“?”按钮可打开该页帮助，并提供在真实按钮上进行的简短导览。"
"On (the default): after an update, each person sees once what is new for them, with a Show me where a tour exists.","开启（默认）：每次更新后，每个人会看到一次与自己相关的新功能，有导览的会附带“带我看看”按钮。"
"On (the default): sales and returns made without a connection are sent as soon as the network is back, even with the till closed, where the browser allows it (Chrome, Edge, Android). The till still sends them itself whenever it is open.","开启（默认）：离线办理的销售和退货会在网络恢复后立即发送，即使收银台已关闭，前提是浏览器允许（Chrome、Edge、Android）。收银台打开时仍会自行发送。"
"On (the default): someone who has not seen the help yet is offered a short tour the first time they open the till.","开启（默认）：尚未看过帮助的人首次打开收银台时，会收到简短导览的邀请。"
"On (the default): the till shows a warning when the browser has not agreed to keep its offline data for good, which it may otherwise clear when space runs low, and asks the browser again on a tap.","开启（默认）：当浏览器未同意永久保留离线数据时，收银台会显示提醒（否则存储空间不足时浏览器可能清除这些数据），轻点一下即可再次向浏览器申请。"
"On (the default): without a connection, a sale this device made in the same shift can be taken back, refunded in cash or the way the customer paid, never to store credit, a gift card or cashback. The till works out the refund as ERPNext will, and the server checks it again when the connection is back.","开启（默认）：无网络时，可以对本设备在同一班次完成的销售办理退货，以现金或顾客原付款方式退款，绝不退到店内余额、礼品卡或返现。收银台按 ERPNext 的方式计算退款，恢复联网后服务器会再次核对。"
"On: a deposit is taxed the moment it is taken (an advance against a known supply), and the tax already declared is deducted at hand-over. Off: the deposit carries no tax and the goods are taxed in full when handed over.","开启：收取定金时即计税（视为针对已知供货的预付款），交付时扣除已申报的税额。关闭：定金不计税，商品在交付时全额计税。"
"On: a person cannot open a new shift while they still have one open at another outlet. Off (the default): a person may hold shifts at several outlets, and the till only reminds them. Set from the till: Settings, General, Register and shifts.","开启：在其他门店仍有开启的班次时，不能开新班次。关闭（默认）：一个人可在多个门店持有班次，收银台只会提醒。在收银台设置：设置，常规，收银台与班次。"
"On: a sale in this currency gives its change in it, from its own cash drawer. Off: change comes back in the company currency, from the main drawer. An outlet whose POS Profile names its own Account for Change Amount keeps it (ERPNext uses it on every sale).","开启：以此货币进行的销售也用此货币找零，从该货币自己的钱箱付出。关闭：用公司本位币找零，从主钱箱付出。如果门店的 POS 配置指定了自己的“零钱科目”（Account for Change Amount），则保留该科目（ERPNext 在每笔销售中都使用它）。"
"On: the cashier may send a return approval request, and an approver can let this return through. Off: the item is never taken back.","开启：收银员可以发送退货审批申请，审批人可以放行此次退货。关闭：该商品一律不予退回。"
"Once a day, from ExchangeRate-API (free), for the currencies set to Automatic. A rate typed for the day always wins.","每天一次，从 ExchangeRate-API（免费）获取设为“自动”的货币的汇率。当天手动输入的汇率始终优先。"
"One open shift per person","每人仅一个开启的班次"
"Only managers can view Insights","只有经理可以查看 Insights"
"Only someone who manages LumenPOS Settings can change exchange rates.","只有管理 LumenPOS 设置的人员才能更改汇率。"
"Only someone who manages LumenPOS Settings can change the customer form.","只有管理 LumenPOS 设置的人员才能更改客户表单。"
"Only someone who manages LumenPOS Settings can do this.","只有管理 LumenPOS 设置的人员才能执行此操作。"
"Only this role (plus managers) may apply a manual discount / edit a price on a sale. Blank = anyone.","只有此角色（以及经理）可以在销售中使用手动折扣 / 修改价格。留空 = 任何人。"
"Only this role (plus managers) may exchange goods in one step. Blank = anyone who may make returns. An exchange always needs return permission too.","只有此角色（以及经理）可以一步完成换货。留空 = 任何可以办理退货的人。换货始终还需要退货权限。"
"Only this role (plus managers) may make returns. Blank = anyone with sell access.","只有此角色（以及经理）可以办理退货。留空 = 任何有销售权限的人。"
"Only used by Buy X Get Y: 'Buy' rows trigger the offer, 'Get' rows receive the reward. With no 'Get' rows the buy list rewards itself (classic multi-buy).","仅用于“买 X 得 Y”：“购买”行触发优惠，“获得”行得到奖励。没有“获得”行时，购买清单本身获得奖励（经典的多买优惠）。"
"Only {0} x {1} can still be returned","{1} 仅剩 {0} 件可退货"
"Open the register","打开收银台"
"Open the register before requesting approval.","请先打开收银台，再申请审批。"
"Opened At","开班时间"
"Opened By","开班人"
"Opened at","开班时间"
"Opened by","开班人"
"Opened with float {0}","开班备用金 {0}"
"Opening Float","备用金"
"Opening entries from an earlier day blocking their outlet: {0}","开立于之前日期、阻塞门店的 POS 开班单：{0}"
"Opening float","备用金"
"Optional (the default): the cashier may pick who sold. Required: a sale without a salesperson is refused. Off: the till asks for nobody and records nobody.","可选（默认）：收银员可以选择由谁销售。必选：没有销售员的销售会被拒绝。关闭：收银台既不询问也不记录销售员。"
"Optional app-specific selling prices (overrides price books)","可选的该平台专属售价（优先于价格簿）"
"Optional button label (defaults to the item name)","可选的按钮文字（默认为商品名称）"
"Optional daily window, e.g. Happy Hour 16:00 to 18:00. Wraps midnight if start is after end.","可选的每日时段，例如欢乐时光 16:00 至 18:00。若开始时间晚于结束时间，则跨越午夜。"
"Optional daily window. Wraps midnight if start is after end.","可选的每日时段。若开始时间晚于结束时间，则跨越午夜。"
"Optional per-code expiry. The promotion's own date window still applies on top of this.","可选的单个券码过期日期。促销本身的日期范围仍会同时生效。"
"Optional. After this date the bundle stops being offered at the till (treated as expired/inactive).","可选。此日期之后，收银台不再提供该套装（视为已过期/停用）。"
"Optional. The bundle is not offered before this date.","可选。此日期之前不提供该套装。"
"Optional: this component's share of the bundle price (for the whole row qty). If used on any row, every row needs one and they must sum exactly to the Bundle Price. Empty = split proportionally to regular prices.","可选：此组成商品在套装价中所占的金额（按整行数量计）。只要有一行填写，每一行都必须填写，且总和必须正好等于套装价。留空 = 按常规价格按比例分摊。"
"Order ID is required for {0} sales","{0} 的销售必须填写订单号"
"Order-level (whole-cart) discount","整单（整个购物车）折扣"
"Other currencies","其他货币"
"Other currencies are on, but ERPNext does not book change as its own entry.","其他货币已开启，但 ERPNext 不会将找零单独记账。"
"Other currency floats","其他货币备用金"
"Outlet","门店"
"Outlet already open","门店已开班"
"Outlet {0}","门店 {0}"
"Outlet {0} belongs to {1}, not {2}. Choose outlets of {2}, or clear the company.","门店 {0} 属于 {1}，而不是 {2}。请选择 {2} 的门店，或清空公司。"
"Outlet {0} cannot sell","门店 {0} 无法销售"
"Outlet {0} included","包含门店 {0}"
"Outlets","门店"
"Outlets (POS Profiles)","门店（POS 配置）"
"Over-limit approval method","超限审批方式"
"Overdue Notified","已发送逾期提醒"
"PIN Hash","PIN 码哈希"
"POS Approval Request","POS 审批申请"
"POS Bundle","POS 套装"
"POS Bundle Item","POS 套装商品"
"POS Capability Rule","POS 权限规则"
"POS Cash Movement","POS 现金变动"
"POS Cashback Entry","POS 返现记录"
"POS Cashback Rule","POS 返现规则"
"POS Cashback Rule Customer Group","POS 返现规则客户组"
"POS Cashback Rule Item","POS 返现规则商品"
"POS Cashback Rule Profile","POS 返现规则门店"
"POS Closing Entry {0} of this shift is not submitted.","此班次的 POS 交班单 {0} 未提交。"
"POS Coupon","POS 优惠券"
"POS Customer Form Field","POS 客户表单字段"
"POS Delivery App","POS 外卖平台"
"POS Discount Approver","POS 折扣审批人"
"POS Gift Card","POS 礼品卡"
"POS Gift Card Entry","POS 礼品卡记录"
"POS Inter Company Settlement","POS 公司间往来结算"
"POS Layaway","POS 预留单"
"POS Layaway Item","POS 预留单商品"
"POS Layaway Payment","POS 预留单付款"
"POS Opening Entry {0} (by {1}, since {2}) is open outside LumenPOS: close or cancel it in ERPNext.","POS 开班单 {0}（由 {1} 开启，开始于 {2}）在 LumenPOS 之外处于开启状态：请在 ERPNext 中关闭或取消它。"
"POS Parked Sale","POS 挂单"
"POS Payment Restriction","POS 支付限制"
"POS Price Book","POS 价格簿"
"POS Price Book Item","POS 价格簿商品"
"POS Promotion","POS 促销"
"POS Promotion Customer Group","POS 促销客户组"
"POS Promotion Item","POS 促销商品"
"POS Promotion Profile","POS 促销门店"
"POS Quick Key","POS 快捷键"
"POS Refund Rule","POS 退款规则"
"POS Register Payment Count","POS 收银台付款清点"
"POS Register Session","POS 收银台班次"
"POS Return Reason","POS 退货原因"
"POS Return Restriction","POS 退货限制"
"POS Sale Currency","POS 销售货币"
"POS Session Day","POS 班次日期"
"POS Session Float","POS 班次备用金"
"POS Session Rate","POS 班次汇率"
"POS Settings, Invoice Type Created via POS Screen: POS Invoice.","在 POS Settings 中将 Invoice Type Created via POS Screen 设为 POS Invoice。"
"POS Shift Invoice","POS 班次发票"
"POS Shift Schedule","POS 班次时间表"
"POS Shift Schedule Slot","POS 班次时间段"
"POS Store Credit Entry","POS 店内余额记录"
"Paid At","付款时间"
"Paid With","支付方式"
"Parked","已挂单"
"Parked At","挂单时间"
"Passcode","授权码"
"Passcode only","仅授权码"
"Passcode or request","授权码或申请"
"Payment Counts","付款清点"
"Payment Method Rules","支付方式规则"
"Payment must cover the gift card amount","付款金额必须覆盖礼品卡金额"
"Per cashier","按收银员"
"Per outlet","按门店"
"Per outlet: ONE shift per register, whoever opens it, any assigned cashier can sell on it (default; how LumenPOS has always worked). Per cashier: each cashier opens their OWN shift on the register and can only sell on their own, so several people share one counter but each gets their own Z-report and is accountable for their own drawer.","按门店：每台收银台只有一个班次，无论由谁开启，任何已分配的收银员都可以在该班次上销售（默认，也是 LumenPOS 一贯的方式）。按收银员：每位收银员在收银台上开启自己的班次，且只能在自己的班次上销售，因此多人可共用一个柜台，但每人都有自己的 Z 报表，并对自己的钱箱负责。"
"Per-Outlet Receipts","按门店小票"
"Per-company accounts. On a multi-company site each company posts gift cards / service charge to its OWN accounts. Leave empty to use the global defaults (or auto-create).","按公司设置的科目。在多公司站点上，每家公司将礼品卡 / 服务费记入自己的科目。留空则使用全局默认科目（或自动创建）。"
"Per-method rules. Use these to require a terminal/transfer reference on card or bank payments so the transaction can be traced later.","按支付方式设置的规则。可用于要求刷卡或银行付款填写终端/转账参考号，以便日后追查交易。"
"Per-outlet receipt overrides (managed from the POS Settings page). Each row is a POS Profile + a JSON receipt config that overrides the global receipt design for that outlet. Empty = the outlet uses the global receipt.","按门店覆盖小票设置（在 POS 设置页面中管理）。每行为一个 POS 配置 + 一份 JSON 小票配置，用于覆盖该门店的全局小票设计。留空 = 该门店使用全局小票。"
"Percentage discount cannot exceed 100","百分比折扣不能超过 100"
"Performance indexes missing: {0}","缺少性能索引：{0}"
"Person","人员"
"Pick a period of one year or less.","请选择一年或更短的期间。"
"Pick a {0} from the list","请从列表中选择 {0}"
"Pick an outlet or a company.","请选择门店或公司。"
"Pick at least one item to take back","请至少选择一件要退回的商品"
"Pick the salesperson for this sale.","请为这笔销售选择销售员。"
"Posted At","过账时间"
"Price / stock checker","价格 / 库存查询"
"Price Book Price","价格簿价格"
"Price List (legacy)","价格表（旧版）"
"Price cannot be negative","价格不能为负数"
"Price for {0} cannot be negative","{0} 的价格不能为负数"
"Price list {0} does not exist","价格表 {0} 不存在"
"Prices include tax ({0}%): the till shows them as they are and adds nothing at the total.","价格含税（{0}%）：收银台按原样显示价格，合计时不再加税。"
"Promotion","促销"
"Promotion Type","促销类型"
"Promotion {0} does not exist","促销 {0} 不存在"
"Quantity for {0} must be positive","{0} 的数量必须为正数"
"Quantity rewarded per application (cheapest eligible units)","每次应用奖励的数量（取最便宜的符合条件的商品）"
"Quantity the customer must buy to trigger the offer","客户必须购买的数量，达到后触发优惠"
"Quick Keys","快捷键"
"Quick keys","快捷键"
"Quick keys / favourites","快捷键 / 常用商品"
"Raise a Sales Order when goods go on hold, so ERPNext shows the quantity as reserved and another till cannot sell it.","商品预留时创建销售订单，这样 ERPNext 会将该数量显示为已预留，其他收银台无法售出。"
"Rate to company currency","兑公司本位币汇率"
"Rates fixed for this shift","本班次固定汇率"
"Reason shown at the till","收银台显示的原因"
"Reasons the cashier picks from when refunding an item. Add or remove freely. The till also always offers ""Other"" for a free-text reason.","收银员办理商品退款时可选择的原因。可自由添加或删除。收银台还始终提供“其他”，用于填写自由文本原因。"
"Receipt Config (JSON)","小票配置（JSON）"
"Receipt Custom Fields (JSON)","小票自定义字段（JSON）"
"Receipt Fields","小票字段"
"Receipt footer","小票页脚"
"Receipt header","小票页眉"
"Receipt layout/density. Compact = tight; Standard = balanced; Detailed = spacious with a full store header + terms block.","小票版式/密度。简洁 = 排版紧密，标准 = 均衡，详细 = 宽松，带完整的门店页眉 + 条款区块。"
"Receipt logo","小票 Logo"
"Receipt template","小票模板"
"Record sensitive actions (over-limit discounts, returns, price edits, register open/close) to the LumenPOS Audit Log.","将敏感操作（超限折扣、退货、改价、收银台打开/关闭）记录到 LumenPOS 审计日志。"
"Recorded At","记录时间"
"Recorded By","记录人"
"Redeem","使用"
"Reference Invoice","参考发票"
"Reference label","参考号标签"
"Refund","退款"
"Refund Method Rules","退款方式规则"
"Refund as {0}","退款方式：{0}"
"Refunded","已退款"
"Refunded without a connection: the till paid out {0}, ERPNext's figure is {1}.","离线退款：收银台支付了 {0}，ERPNext 的金额为 {1}。"
"Refunds","退款"
"Refunds may only go back to a payment method the customer actually used on the original sale (plus Store Credit). Add rules below to allow extra refund methods per paid method.","退款只能退回客户在原销售中实际使用的支付方式（另可退至店内余额）。可在下方添加规则，为每种原支付方式允许额外的退款方式。"
"Register Session","收银台班次"
"Register page, Retry, or wait for the next background run.","在收银台页面点击重试，或等待下一次后台运行。"
"Register page, Retry. If it fails again, send this screen.","在收银台页面点击重试。如果仍然失败，请发送此页面。"
"Register session is already closed","收银台班次已关闭"
"Register session is not open","收银台班次未打开"
"Register still open: {0}","收银台仍处于打开状态：{0}"
"Register {0} already has an open session ({1})","收银台 {0} 已有打开的班次（{1}）"
"Register {0} already has an open session ({1}).","收银台 {0} 已有打开的班次（{1}）。"
"Register {0} has a previous shift ({1}) whose closing is still finalising or has failed. Retry that closing before opening a new shift.","收银台 {0} 的上一个班次（{1}）交班仍在进行中或已失败。请先重试该交班，再开启新班次。"
"Reprint a receipt","重打小票"
"Request","申请"
"Request not found.","未找到申请。"
"Request only","仅申请"
"Requested Discount (%)","申请折扣（%）"
"Require Order ID","必须填写订单号"
"Require a transaction reference","必须填写交易参考号"
"Require scanning for serial numbers (block manual typing)","序列号必须扫码（禁止手动输入）"
"Required","必填"
"Requires Coupon Code","需要优惠券码"
"Reserve the goods on hold","为预留商品锁定库存"
"Reset Code Hash","重置码哈希"
"Reset Expires","重置码过期时间"
"Restrict refunds to the original payment method","仅允许退款到原支付方式"
"Restrict till actions to staff holding a role. Leave a role blank to allow everyone. System / LumenPOS Managers always pass.","将收银台操作限制为拥有相应角色的员工。角色留空则允许所有人。系统管理员 / LumenPOS 经理始终放行。"
"Resulting Invoice","生成的发票"
"Retrieved","已取单"
"Return Invoice","退货发票"
"Return Reason","退货原因"
"Return Reasons","退货原因"
"Return approval isn't required, returns are open.","无需退货审批，退货不受限制。"
"Return past the window","超期退货"
"Return policy / terms printed at the bottom of the receipt.","打印在小票底部的退货政策 / 条款。"
"Return window (days)","退货期限（天）"
"Returns are allowed within {0} days, this invoice is {1} days old. Send a return approval request to continue.","退货须在 {0} 天内办理，此发票已过 {1} 天。请发送退货审批申请以继续。"
"Returns without a connection","离线退货"
"Returns without a connection are switched off in LumenPOS Settings. Make this return again from Sales History.","LumenPOS 设置中已关闭离线退货。请在销售记录中重新办理此退货。"
"Reverse","冲销"
"Reward","奖励"
"Reward Value","奖励值"
"Reward Value must be greater than zero","奖励值必须大于零"
"Row {0}: Qty must be at least 1","第 {0} 行：数量至少为 1"
"Row {0}: bundle Qty must be at least 1","第 {0} 行：套装数量至少为 1"
"Row {0}: invalid price '{1}'","第 {0} 行：价格“{1}”无效"
"Row {0}: item '{1}' not found","第 {0} 行：未找到商品“{1}”"
"Row {0}: no price for {1}","第 {0} 行：{1} 没有价格"
"Row {0}: set the {1} field","第 {0} 行：请填写{1}字段"
"Row {0}: {1} is serialized, serialized items cannot be sold in bundles","第 {0} 行：{1} 按序列号管理，序列号商品不能在套装中销售"
"Runs on {0}","适用于 {0}"
"Sale","销售单据"
"Sale type","销售单据类型"
"Sale {0} not found","未找到销售单 {0}"
"Sales older than 3 days not in the books: {0}","超过 3 天仍未入账的销售：{0}"
"Sales, search and shift reports slow down on a large site.","在数据量大的站点上，销售、搜索和班次报表会变慢。"
"Salesperson at the till","收银台的销售员"
"Salesperson required","必须选择销售员"
"Scan or type a serial number","扫描或输入序列号"
"See sales by salesperson","查看按销售员统计的销售"
"See the system check","查看系统检查"
"Select a customer (or set a default customer on the POS Profile)","请选择客户（或在 POS 配置中设置默认客户）"
"Select an outlet","请选择门店"
"Select at least one item to return","请至少选择一件要退货的商品"
"Select the invoice to return.","请选择要退货的发票。"
"Selected Customer Groups","指定客户组"
"Selected items were not found on the original sale","所选商品不在原销售中"
"Sell in other currencies","以其他货币销售"
"Send queued sales in the background","在后台发送排队的销售"
"Send this screen with the Error Log entries (ERPNext, Error Log).","请发送此页面以及 Error Log 中的记录（ERPNext, Error Log）。"
"Send this screen. The jobs run again on their own.","请发送此页面。这些任务会自动重新运行。"
"Separate per company","各公司分开"
"Serial numbers must be SCANNED with a barcode scanner, manual typing is rejected at the till. Turn off if a scanner is unavailable.","序列号必须用扫码枪扫描，收银台会拒绝手动输入。没有扫码枪时请关闭此项。"
"Serial {0} belongs to {1}","序列号 {0} 属于 {1}"
"Serial {0} came back on {1}, and ERPNext holds it until the shift close books that sale","序列号 {0} 已通过 {1} 退回，在交班将该笔销售入账之前，ERPNext 会一直保留它"
"Serial {0} does not exist","序列号 {0} 不存在"
"Serial {0} is already sold on {1}, which the shift close has not booked yet","序列号 {0} 已在 {1} 中售出，该单据尚未经交班入账"
"Serial {0} is held by a sale the shift close has not booked yet","序列号 {0} 被一笔尚未经交班入账的销售占用"
"Serial {0} is in {1}, not this register's warehouse","序列号 {0} 在 {1}，不在本收银台的仓库"
"Serial {0} is not in stock ({1})","序列号 {0} 不在库存中（{1}）"
"Serial {0} is scanned twice in this sale","序列号 {0} 在本单中被扫描了两次"
"Serial {0} is selected twice","序列号 {0} 被选择了两次"
"Serial {0} was already returned","序列号 {0} 已退货"
"Serial {0} was not sold on this invoice","序列号 {0} 不是在此发票上售出的"
"Service Charge Account","服务费科目"
"Service charge","服务费"
"Service charge (%)","服务费（%）"
"Service charge ({0}%)","服务费（{0}%）"
"Service charge account (global fallback)","服务费科目（全局默认）"
"Session Totals","班次合计"
"Set a Coupon Code or untick 'Requires Coupon Code'","请设置优惠券码，或取消勾选“需要优惠券码”"
"Set a Service charge account for {0} in LumenPOS Settings → Company Accounts (or the global default).","请在 LumenPOS 设置 → 公司科目中为 {0} 设置服务费科目（或设置全局默认科目）。"
"Set automatically once the use limit is reached.","达到使用次数上限后自动设置。"
"Set both Start Time and End Time, or neither","开始时间和结束时间须同时填写或同时留空"
"Set by the daily update: per company currency, the published rate, the rate used, when, and any error.","由每日更新填写：按每种公司货币记录公布汇率、采用汇率、更新时间以及任何错误。"
"Set up automatically, with a cash account in this currency.","自动设置，并配有该货币的现金科目。"
"Set up automatically: the customer a walk-in who pays in this currency is billed to.","自动设置：以该货币付款的散客会记在此客户名下。"
"Settings are consistent","设置一致"
"Settings, General, Other currencies: fix the reason and save.","在设置的常规页中找到其他货币，解决原因后保存。"
"Settings, Status, Rebuild missing indexes.","在设置的状态页点击重建缺失的索引。"
"Several cashiers on one outlet each need their own POS Profile on ERPNext 16.","在 ERPNext 16 上，同一门店的多名收银员各自需要自己的 POS 配置。"
"Shared by the group","集团共享"
"Shift already open","班次已开启"
"Shift from an earlier day","往日班次"
"Shift {0} is still being closed ({1}): retry its close from the Register screen.","班次 {0} 仍在关闭中（{1}）：请在收银台页面重试关闭。"
"Shift {0} recorded cash movements and can't be deleted. Cancel it instead.","班次 {0} 已记录现金收支，不能删除。请改为取消。"
"Shifts","班次"
"Shifts open for more than a day: {0}","开启超过一天的班次：{0}"
"Shifts stuck in Closing: {0}","卡在关闭中的班次：{0}"
"Shifts with an ERPNext day past midnight still to post: {0}","跨过午夜、仍有 ERPNext 日待过账的班次：{0}"
"Show a Favourites grid of one-tap items on the sell screen.","在销售页面显示一键添加的常用商品网格。"
"Show a Price check button to look up an item's price + stock without selling it.","显示查价按钮，无需销售即可查询商品价格和库存。"
"Show an Email receipt button so a copy can be sent to the customer's email.","显示邮件发送小票按钮，可将副本发送到客户的邮箱。"
"Show item barcode","显示商品条码"
"Show item code","显示商品编码"
"Show out-of-stock items in the grid","在网格中显示缺货商品"
"Show payment method lines","显示支付方式明细"
"Show serial numbers","显示序列号"
"Show stock items that are out of stock (qty 0 or less) in the sell grid. Off = only items with stock are shown (non-stock items like services always show).","在销售网格中显示已缺货的库存商品（数量为 0 或更少）。关闭 = 只显示有库存的商品（服务等非库存商品始终显示）。"
"Show store address","显示门店地址"
"Show tax / VAT ID","显示税号 / 增值税号"
"Show terms & conditions","显示条款与条件"
"Show the equivalent on local sales","本币销售时显示折合金额"
"Show the sale note","显示销售备注"
"Show unit price (qty × rate)","显示单价（数量 × 单价）"
"Show what is new after an update","更新后显示新功能"
"Shown on the invoice when this person approves a discount, e.g. Manager Khobar","此人批准折扣时显示在发票上，例如 Khobar 店经理"
"Sign in as Administrator to build demo data.","请以 Administrator 身份登录以生成演示数据。"
"Simple Discount","普通折扣"
"Single Use","单次使用"
"Slow sales logged in the last 7 days: {0}","最近 7 天记录的慢速销售：{0}"
"Smallest first payment, as a percentage of the total. 0 = any amount.","最低首付款，按总额的百分比计算。0 = 任意金额。"
"Snapshot of the cart as JSON","购物车的 JSON 快照"
"Spend and Save","满额优惠"
"Spent at","使用方"
"Stackable promotions combine with each other. Non-stackable promotions compete and only the best one applies.","可叠加促销可以相互叠加。不可叠加促销相互竞争，只应用最优的一个。"
"Standard Price","标准价格"
"Starts","开始时间"
"Status is Active","状态为启用"
"Stock Settings, Auto Insert Item Price If Missing is on: a sale of an item with no price in the price list writes that sale's rate into it.","Stock Settings 中的 Auto Insert Item Price If Missing 已开启：销售价格表中没有价格的商品时，会把该笔销售的价格写入价格表。"
"Store Credit","店内余额"
"Store address","门店地址"
"Store credit balance is too low to redeem {0}","店内余额不足，无法抵扣 {0}"
"Store credit balance is {0}, cannot redeem {1}","店内余额为 {0}，无法抵扣 {1}"
"Store credit refunds","退至店内余额"
"Stuck shifts are not retried, nightly cashback, rates and settlements do not run.","卡住的班次不会重试，每晚的返现、汇率和往来结算任务也不会运行。"
"Switch on automatic exchange rates first, and save.","请先开启自动汇率，然后保存。"
"Taken By","收款人"
"Tax ({0}%) is added on top of prices: the till shows prices before tax and adds it at the total.","税（{0}%）在价格之外另加：收银台显示税前价格，在合计时加税。"
"Tax / VAT ID","税号 / 增值税号"
"Tax template {0}: some rows are included in prices and some are added on top.","税务模板 {0}：部分行含在价格中，部分行另外加收。"
"Tax the outlet will add on top of the held prices at hand-over. Zero where the price list already includes it.","交付时门店在预留价格之外加收的税。若价格表已含税，则为零。"
"Terms & conditions","条款与条件"
"Thank you for your purchase. Your receipt {0} is attached.","感谢您的惠顾。附件是您的小票 {0}。"
"That code has expired. Ask for a new one.","该验证码已过期。请重新获取。"
"That code is not right.","该验证码不正确。"
"That current PIN is not right.","当前 PIN 码不正确。"
"That is more than the {0} still owed on this hold.","该金额超过此预留单尚欠的 {0}。"
"The POS Opening Entry {0} of this shift was cancelled in ERPNext, so the shift closes against its amendment {1}.","此班次的 POS 开班单 {0} 已在 ERPNext 中取消，因此班次按其修订单 {1} 关闭。"
"The POS sale that took this instalment, its line posts to the deposit liability account.","收取这笔分期付款的 POS 销售，其明细行记入定金负债科目。"
"The Sales Order that reserves the goods while the hold is open.","预留期间锁定商品的销售订单。"
"The approval is {0}, not approved.","该审批状态为 {0}，未获批准。"
"The approval's register session has closed.","该审批所属的收银台班次已关闭。"
"The approved discount ({0}%) is below the {1}% on this sale.","已批准的折扣（{0}%）低于本单的 {1}%。"
"The automatic rate for {0} did not update","{0} 的自动汇率未更新"
"The cashback expense account must be an Expense account, and {0} is {1}","返现费用科目必须是费用类科目，而 {0} 是 {1}"
"The cashback liability account must be a Liability account, and {0} is {1}","返现负债科目必须是负债类科目，而 {0} 是 {1}"
"The cashier must enter the terminal / transfer reference before the sale can complete.","收银员必须先输入刷卡终端 / 转账的参考号，才能完成销售。"
"The cashier's register has closed, this request has expired.","收银员的收银台已关闭，此申请已失效。"
"The company that holds the balance: its liability goes down.","持有该余额的公司：其负债减少。"
"The company whose outlet took the balance as payment and gave the goods.","其门店收下该余额作为付款并交付商品的公司。"
"The cost of the cashback program. Earned cashback is debited here, and expired or returned cashback is credited back. Leave empty to create ""Cashback Expense"" under Indirect Expenses.","返现计划的成本。获得的返现记入此科目借方，过期或退回的返现冲回贷方。留空则在间接费用（Indirect Expenses）下创建“Cashback Expense”。"
"The daily summary Journal Entry that booked this row to the accounts. Empty until it is posted. Redeem rows stay empty: the sale's payment books them.","将此行记入账目的每日汇总记账凭证。过账前为空。使用返现的行保持为空：由销售的付款入账。"
"The file has no rows","文件中没有数据行"
"The goods coming back are worth more than the new ones. Choose how to refund {0}.","退回商品的价值高于新商品。请选择如何退还 {0}。"
"The item a deposit is taken on. Blank = LumenPOS creates LUMENPOS-DEPOSIT.","收取定金所用的商品。留空 = 由 LumenPOS 创建 LUMENPOS-DEPOSIT。"
"The languages a cashier can pick at the till, one ERPNext language code per line (en, ar ...). Empty = every language LumenPOS ships, including ones a later update adds. English is always offered. Set from the till: Settings, General, Languages.","收银员可在收银台选择的语言，每行一个 ERPNext 语言代码（en、ar ...）。留空 = LumenPOS 提供的所有语言，包括以后更新新增的语言。英语始终可用。在收银台设置：设置，常规，语言。"
"The last rate is kept. Settings, Other currencies, Update now.","保留上一次的汇率。在设置的其他货币中点击立即更新。"
"The margin for {0} must be from 0 to less than 100%.","{0} 的下浮比例必须大于等于 0 且小于 100%。"
"The new items come to {0}, {1} is covered by the return, so {2} is due but {3} was entered.","新商品合计 {0}，其中 {1} 由退货抵扣，因此应付 {2}，但输入的是 {3}。"
"The outlet the cashback was earned at. Expire and Reverse rows keep the outlet of the Earn row they come from.","获得返现的门店。过期行和冲销行沿用其对应获得行的门店。"
"The payment method {0} already exists, and its account for {1} ({2}) is in {3}, not {4}. Give it a {4} account, or rename it, so the {4} cash drawer can be set up.","支付方式 {0} 已存在，其在 {1} 的科目（{2}）币种为 {3}，而不是 {4}。请为其指定 {4} 科目或将其重命名，以便设置 {4} 钱箱。"
"The promotion only applies when the cashier enters this coupon code at the till","只有收银员在收银台输入此优惠券码时，该促销才生效"
"The qualifying items must total at least this to earn cashback","符合条件的商品合计须至少达到此金额才能获得返现"
"The rate must be more than 0.","汇率必须大于 0。"
"The rates service answered: {0}","汇率服务返回：{0}"
"The rates service has no rate for {0}.","汇率服务没有 {0} 的汇率。"
"The refund split adds up to {0} but the refund is {1}.","退款拆分合计为 {0}，但退款金额为 {1}。"
"The refund split adds up to {0} but {1} is left over after the new items.","退款拆分合计为 {0}，但扣除新商品后剩余 {1}。"
"The sale doctype this entry came from. LumenPOS posts POS Invoices by default, but a profile can be set to post Sales Invoices instead.","此记录来源的销售单据类型。LumenPOS 默认过账 POS 发票，但可将 POS 配置设置为改为过账销售发票。"
"The sale this return takes back has not reached the server yet. It goes first, then this return.","此退货所对应的销售尚未到达服务器。会先发送该销售，再发送此退货。"
"The till has NOT been closed automatically, a close without a real cash count is worthless.","收银台并未自动关闭，没有实际清点现金的关闭毫无意义。"
"The till values this currency this much below the published rate, the way a shop taking it at a market rate does.","收银台按公布汇率下浮此比例计算该货币，就像按市场汇率收取该货币的店铺那样。"
"Their sales are not in the books yet.","这些班次的销售尚未入账。"
"There is no exchange rate from {0} to {1}. Set it in LumenPOS Settings, General, Other currencies.","没有从 {0} 到 {1} 的汇率。请在 LumenPOS 设置 > 常规 > 其他货币中设置。"
"These items are never taken back: {0}","以下商品不予退货：{0}"
"These items need an approved return request: {0}","以下商品需要已批准的退货申请：{0}"
"These items sell at the price set here while this book is active (by validity + priority). Items not listed keep their normal selling price.","此价格簿生效期间（按有效期和优先级），这些商品以此处设置的价格销售。未列出的商品保持正常售价。"
"These items were sold together (bundle/offer) and must be returned together: {0}. Use Exchange for a partial swap.","这些商品是一起售出的（套装 / 优惠），必须一起退货：{0}。如需部分调换，请使用换货。"
"They should run every 10 minutes. The workers may be stopped.","它们应每 10 分钟运行一次。后台进程可能已停止。"
"This approval is for a {0}, not a {1}.","此审批针对{0}，而非{1}。"
"This approval was already used.","此审批已被使用。"
"This approval was issued to another cashier.","此审批是发给另一位收银员的。"
"This coupon's promotion isn't available right now","此优惠券对应的促销当前不可用"
"This discount is within the {0}% limit, no approval needed.","此折扣在 {0}% 限额以内，无需审批。"
"This hold is {0}","此预留单状态为{0}"
"This payment method cannot be used when the cart contains a matching item.","购物车中有匹配商品时，不能使用此支付方式。"
"This person passes, whatever roles they hold.","无论此人拥有哪些角色，都会放行。"
"This register is being closed. Reopen it (or wait for the close to finish) before ringing up this sale.","此收银台正在关闭。请重新打开（或等待关闭完成）后再录入本单。"
"This request was already {0}.","此申请已处理，状态为 {0}。"
"This return approval is for invoice {0}.","此退货审批针对发票 {0}。"
"This return was refunded without a connection as {0}, but ERPNext calculated {1}. Check the sale and make the return again from Sales History.","此退货在离线时退款 {0}，但 ERPNext 计算为 {1}。请核对该销售，并在销售记录中重新办理退货。"
"This role (plus managers) may return a sale past the return window WITHOUT an approval request. Blank = nobody bypasses (everyone uses the request flow).","此角色（以及经理）可为超过退货期限的销售办理退货，无需审批申请。留空 = 无人可绕过（所有人都使用申请流程）。"
"This sale was paid by {0}, so it can only be refunded to: {1}. Adjust the refund methods in LumenPOS Settings if needed.","本单通过 {0} 支付，因此只能退款到：{1}。如有需要，请在 LumenPOS 设置中调整退款方式。"
"This sale was rung up as {0} but ERPNext calculated {1} (short by {2}). This is usually a price-list or VAT mismatch. Check that every item is priced on the active price list and that the VAT template's 'included in rate' flag matches your shelf prices (Settings → Status).","本单录入金额为 {0}，但 ERPNext 计算为 {1}（少 {2}）。这通常是价格表或增值税不匹配造成的。请检查每件商品在当前价格表中都有价格，并且增值税模板的“含在单价中”选项与您的货架价格一致（设置 → 状态）。"
"This sale was rung up at {0}, but the shift sells {1} at {2}. Ring it up again.","此销售按 {0} 录入，但该班次以 {2} 销售 {1}。请重新录入。"
"This shift belongs to {0}. Only the cashier who opened the register can sell on it. Close that shift and open your own.","此班次属于 {0}。只有打开该收银台的收银员才能在此班次上销售。请关闭该班次并开启您自己的班次。"
"This shift was opened on {0}. ERPNext 16 accepts sales only on a shift opened today: close this shift on the Register screen and open a new one.","此班次开启于 {0}。ERPNext 16 只接受在今天开启的班次上销售：请在收银台页面关闭此班次，然后开启新班次。"
"This shop asks for at least {0}% down, which is {1}.","本店要求至少 {0}% 的首付，即 {1}。"
"This site already has {0} posted POS invoices, so it does not look like an empty demo site. Nothing was created.","本站点已有 {0} 张已过账的 POS 发票，看起来不是空的演示站点。未创建任何内容。"
"This version of Lumen Reports does not include the LumenPOS dashboard yet. Update Lumen Reports, then try again.","此版本的 Lumen Reports 尚未包含 LumenPOS 看板。请更新 Lumen Reports 后重试。"
"Tick to EXCLUDE these products instead of including them (e.g. all products except this brand)","勾选后将排除这些商品，而不是包含它们（例如：除此品牌外的所有商品）"
"Times Used","已使用次数"
"To let customers pay with loyalty points, tick 'Allow Partial Payment' on the POS Profile {0}. This version of ERPNext counts only cash and card towards the total, so it rejects a sale that is part points even though the sale is fully settled. LumenPOS still checks every sale adds up before it posts.","要让客户使用积分付款，请在 POS 配置 {0} 中勾选“允许部分付款”。此版本的 ERPNext 只把现金和银行卡计入总额，因此会拒绝部分用积分支付的销售，即使该销售已全额结清。LumenPOS 仍会在过账前核对每笔销售的金额是否相符。"
"Too many attempts, wait a minute and try again.","尝试次数过多，请等一分钟后重试。"
"Too many attempts, wait a moment and try again.","尝试次数过多，请稍等片刻后重试。"
"Total Discounts","折扣总额"
"Total Sales","销售总额"
"Turn till features on or off. Each control is independent.","开启或关闭收银台功能。各开关相互独立。"
"Unknown delivery app {0}. Add it in LumenPOS Settings","未知的配送平台 {0}。请在 LumenPOS 设置中添加"
"Unknown item {0}","未知商品 {0}"
"Unknown request type {0}","未知申请类型 {0}"
"Unlocked by {0}","由 {0} 解锁"
"Update exchange rates automatically","自动更新汇率"
"Usable After (days)","可用等待期（天）"
"Usable From","可用起始日期"
"Use Limit","使用次数上限"
"Used At","使用时间"
"Used On (Invoice)","使用于（发票）"
"Used when the outlet has no shift schedule.","门店没有排班表时使用。"
"Users holding this role (plus LumenPOS/System Managers) can approve discount AND return requests. Requests can only be approved while the cashier's register is still open.","拥有此角色的用户（以及 LumenPOS 经理 / 系统管理员）可以批准折扣申请和退货申请。只有在收银员的收银台仍打开时才能批准申请。"
"Usually fine. If something stops working after an ERPNext update, send this screen.","通常没有问题。如果 ERPNext 更新后有功能失效，请发送此页面。"
"Valid For (days)","有效天数"
"Valid To","有效期至"
"Valid To cannot be before Valid From","有效期至不能早于生效日期"
"Valid Until","有效期至"
"Variance threshold","差异阈值"
"Walk-in customer","散客"
"Warn when offline sales are not protected","离线销售未受保护时发出提醒"
"What is being approved","审批事项"
"What the company owes customers in unspent cashback. Earned cashback is credited here and spent cashback is debited. Leave empty to create ""Cashback"" under Current Liabilities.","公司欠客户的未使用返现。获得的返现记入此科目贷方，已使用的返现记入借方。留空则在流动负债（Current Liabilities）下创建“Cashback”。"
"What the customer pays in the end, tax and all.","客户最终支付的金额，含税及一切费用。"
"What this rule refuses to take back.","此规则拒绝退货的商品。"
"What to call it at the till, e.g. ""Approval code"" or ""Transfer no."". Defaults to ""Reference"".","在收银台显示的名称，例如“授权号”或“转账单号”。默认为“参考号”。"
"When several price books apply, the highest priority wins","多个价格簿同时适用时，优先级最高的生效"
"Where it applies","适用范围"
"Which price the discount is calculated from. Price Book Price stacks on an active price book. Standard Price discounts from the regular price and gives the customer the lower of the two (never stacks with a price book).","折扣基于哪个价格计算。“价格簿价格”在生效的价格簿之上叠加折扣。“标准价格”从常规价格打折，并给客户两者中较低的价格（从不与价格簿叠加）。"
"Which sale is being exchanged?","要为哪笔销售换货？"
"Who can do what","操作权限"
"Who may do what at the till. A capability with no row here is open to everyone (except returning past the window, which stays closed unless named). Managers always pass.","规定收银台上谁可以做什么。此处没有对应行的权限对所有人开放（超期退货除外，未指定时保持关闭）。经理始终放行。"
"Wrong approver passcode for the {0}% discount.","{0}% 折扣的审批人授权码错误。"
"X-report (mid-shift read)","X 报表（班中读数）"
"You are not allowed to approve requests.","您无权批准申请。"
"You are not allowed to close a register","您无权关闭收银台"
"You are not allowed to exchange goods","您无权换货"
"You are not allowed to hold goods for a customer","您无权为客户预留商品"
"You are not allowed to open a register","您无权打开收银台"
"You are not allowed to put money in or take it out","您无权存入或取出现金"
"You are not allowed to reprint a receipt","您无权重打小票"
"You are not assigned to outlet {0}. Ask an administrator to add you under Applicable for Users.","您未被分配到门店 {0}。请让管理员在“适用用户”中添加您。"
"You are not permitted to close a register","您没有关闭收银台的权限"
"You are not permitted to make sales","您没有销售权限"
"You are not permitted to open a register","您没有打开收银台的权限"
"You are not permitted to view customers.","您没有查看客户的权限。"
"You are not permitted to work with {0}","您无权操作 {0}"
"You are not permitted to {0} {1}.","您无权对 {1} 执行 {0} 操作。"
"You can only manage your own register","您只能管理自己的收银台"
"You can't approve your own request, another approver must.","您不能批准自己的申请，须由其他审批人批准。"
"You cannot see {0}'s figures","您无法查看 {0} 的数据"
"You do not have access to the POS. Ask an administrator to grant you the LumenPOS Cashier role (or POS Invoice access).","您没有 POS 的访问权限。请让管理员为您授予 LumenPOS 收银员角色（或 POS 发票的访问权限）。"
"You're not allowed to change prices at this outlet ({0} costs {1}).","您无权在此门店修改价格（{0} 的价格为 {1}）。"
"You're not allowed to edit prices or apply discounts on a sale.","您无权在销售中修改价格或应用折扣。"
"You're not allowed to make returns.","您无权办理退货。"
"You're not allowed to see sales by salesperson.","您无权查看按销售员统计的销售。"
"You're not allowed to see the system check.","您无权查看系统检查。"
"You're not allowed to see {0}.","您无权查看 {0}。"
"Your LumenPOS PIN reset code","您的 LumenPOS PIN 码重置验证码"
"Your VAT / tax registration number.","您的增值税号 / 税务登记号。"
"Your receipt from {0}, {1}","来自 {0} 的小票，{1}"
"Your user has no email address. Ask an administrator to reset your PIN.","您的用户没有邮箱地址。请让管理员重置您的 PIN 码。"
"its warehouse belongs to another company","其仓库属于另一家公司"
"late return approved by {0}","超期退货，由 {0} 批准"
"made without a connection","离线办理"
"no payment methods","没有支付方式"
"no price list","没有价格表"
"no reason recorded","未记录原因"
"no warehouse","没有仓库"
"not scheduled","未排班"
"the close has not finished","关闭尚未完成"
"the till paid out {0}","收银台支付了 {0}"
"transaction reference","交易参考号"
"{0} '{1}' does not exist. Pick it from the dropdown list","{0}“{1}”不存在。请从下拉列表中选择"
"{0} are in {1} only, and this customer buys in {2}.","{0}仅限 {1}，而此客户以 {2} 购买。"
"{0} can't be used for this sale ({1}). Choose another payment method.","{0} 不能用于本单（{1}）。请选择其他支付方式。"
"{0} can't be used to refund this sale. Allowed: {1}.","{0} 不能用于本单的退款。允许：{1}。"
"{0} cannot be returned","{0} 不可退货"
"{0} does not let prices be changed at the till. Tick Allow User to Edit Rate on its POS Profile to allow it.","{0} 不允许在收银台修改价格。请在其 POS 配置中勾选""允许用户修改单价""以允许修改。"
"{0} has NO price on price list '{1}', a percentage of 0 is 0","{0} 在价格表“{1}”中没有价格，0 的百分比仍是 0"
"{0} has shift {1} open since {2}: close it first.","{0} 的班次 {1} 自 {2} 起处于打开状态：请先关闭。"
"{0} is billed in {1}, but this till sells in {2}. Switch on Other currencies in LumenPOS Settings, choose another customer, or clear the customer's Billing Currency in ERPNext (Customer, Currency and Price List).","{0} 以 {1} 结算，但本收银台以 {2} 销售。请在 LumenPOS 设置中开启“其他货币”，或选择其他客户，或在 ERPNext 中清空该客户的结算货币（客户 > 货币和价格表）。"
"{0} is billed in {1}, which this till does not sell in. Add {1} in LumenPOS Settings, General, Other currencies, or change the customer's Billing Currency.","{0} 以 {1} 结算，本收银台不以该货币销售。请在 LumenPOS 设置 > 常规 > 其他货币中添加 {1}，或更改该客户的结算货币。"
"{0} is kept by LumenPOS for gift cards and hold deposits and cannot be sold as a product.","{0} 由 LumenPOS 用于礼品卡和预留定金，不能作为商品销售。"
"{0} is not a field of the customer form","{0} 不是客户表单中的字段"
"{0} is not an active salesperson.","{0} 不是已启用的销售员。"
"{0} is serialized, quantity must be a whole number","{0} 按序列号管理，数量必须为整数"
"{0} is serialized: scan {1} serial number(s), got {2}","{0} 按序列号管理：需扫描 {1} 个序列号，实际扫描了 {2} 个"
"{0} is serialized: select {1} serial number(s) to return, got {2}","{0} 按序列号管理：需选择 {1} 个要退货的序列号，实际选择了 {2} 个"
"{0} issued by {1} and spent at {2}","{0}，由 {1} 发放，在 {2} 使用"
"{0} needs a {1} before this sale can be completed.","{0} 需要先填写{1}，才能完成本单。"
"{0} sales · takings {1}","{0} 笔销售 · 营业额 {1}"
"{0} takes {1} only, and this sale is in {2}.","{0} 只收 {1}，而本单以 {2} 计价。"
"{0} was sold by {1}, but this till belongs to {2}. A return must be processed by a till in the same company.","{0} 由 {1} 售出，但本收银台属于 {2}。退货必须由同一公司的收银台办理。"
"{0}% discount cleared by approved request {1}","{0}% 折扣已由已批准的申请 {1} 放行"
"{0}% discount cleared by passcode","{0}% 折扣已通过授权码放行"
"{0}, Create Ledger Entries for Change Amount: on. Saving LumenPOS Settings turns it on.","在 {0} 中开启 Create Ledger Entries for Change Amount。保存 LumenPOS 设置即会开启。"
"{0}: price changed from {1} to {2}","{0}：价格从 {1} 改为 {2}"
"“{0}” is a base selling price list, editing it here would change your normal selling prices. Create a dedicated price list for this book/app instead.","“{0}”是基础销售价格表，在此编辑会更改您的正常售价。请改为此价格簿 / 应用创建专用价格表。"
